order_id,customer_id,order_date,category,quantity,unit_price,revenue
ORD00860,CUST0171,2025-09-01,Electronics,1,23789.09,23789.09
ORD04561,CUST0312,2025-09-01,Sports & Fitness,1,1702.04,1702.04
ORD05501,CUST0294,2025-09-01,Beauty & Personal Care,1,929.24,929.24
ORD00888,CUST0010,2025-09-01,Fashion,2,3488.47,6976.94
ORD05357,CUST0150,2025-09-01,Home & Kitchen,1,2475.3,2475.3
ORD02465,CUST0137,2025-09-01,Home & Kitchen,2,7121.61,14243.22
ORD02466,CUST0130,2025-09-01,Books,2,226.32,452.64
ORD03019,CUST0138,2025-09-01,Beauty & Personal Care,3,2365.28,7095.84
ORD05129,CUST0033,2025-09-01,Fashion,1,1918.33,1918.33
ORD04785,CUST0037,2025-09-01,Sports & Fitness,1,1829.31,1829.31
ORD04319,CUST0171,2025-09-01,Electronics,1,27163.29,27163.29
ORD03945,CUST0296,2025-09-01,Sports & Fitness,1,684.89,684.89
ORD01592,CUST0086,2025-09-01,Home & Kitchen,1,1710.63,1710.63
ORD00303,CUST0004,2025-09-01,Sports & Fitness,1,3711.68,3711.68
ORD04686,CUST0241,2025-09-01,Electronics,1,37058.27,37058.27
ORD00785,CUST0369,2025-09-01,Home & Kitchen,1,4836.95,4836.95
ORD00004,CUST0149,2025-09-01,Sports & Fitness,1,6466.64,6466.64
ORD01626,CUST0212,2025-09-01,Electronics,1,14785.49,14785.49
ORD03618,CUST0371,2025-09-01,Sports & Fitness,1,6234.18,6234.18
ORD00316,CUST0127,2025-09-02,Books,2,772.88,1545.76
ORD04874,CUST0336,2025-09-02,Sports & Fitness,1,6404.01,6404.01
ORD01074,CUST0117,2025-09-02,Beauty & Personal Care,3,756.87,2270.61
ORD04468,CUST0167,2025-09-02,Home & Kitchen,2,3370.93,6741.86
ORD04832,CUST0257,2025-09-02,Books,1,268.93,268.93
ORD03069,CUST0062,2025-09-02,Sports & Fitness,1,9007.95,9007.95
ORD02047,CUST0383,2025-09-02,Home & Kitchen,1,7158.13,7158.13
ORD02226,CUST0333,2025-09-02,Fashion,1,1894.19,1894.19
ORD03004,CUST0224,2025-09-02,Beauty & Personal Care,1,1065.14,1065.14
ORD02538,CUST0392,2025-09-02,Sports & Fitness,1,9396.82,9396.82
ORD04326,CUST0237,2025-09-02,Books,1,672.31,672.31
ORD03290,CUST0285,2025-09-02,Beauty & Personal Care,1,634.9,634.9
ORD05430,CUST0192,2025-09-02,Home & Kitchen,1,3984.31,3984.31
ORD02530,CUST0320,2025-09-02,Electronics,1,29403.55,29403.55
ORD05433,CUST0144,2025-09-02,Sports & Fitness,1,4925.94,4925.94
ORD04438,CUST0328,2025-09-02,Books,1,871.1,871.1
ORD00929,CUST0010,2025-09-02,Fashion,1,1938.44,1938.44
ORD01442,CUST0205,2025-09-02,Fashion,1,1771.06,1771.06
ORD01083,CUST0144,2025-09-02,Electronics,2,35460.42,70920.84
ORD05190,CUST0393,2025-09-03,Electronics,1,22095.44,22095.44
ORD00519,CUST0038,2025-09-03,Fashion,1,3413.8,3413.8
ORD01553,CUST0368,2025-09-03,Fashion,1,4407.82,4407.82
ORD03241,CUST0264,2025-09-03,Electronics,1,8763.36,8763.36
ORD05240,CUST0389,2025-09-03,Home & Kitchen,1,4487.73,4487.73
ORD05081,CUST0262,2025-09-03,Electronics,1,43106.79,43106.79
ORD00157,CUST0117,2025-09-03,Fashion,2,4776.8,9553.6
ORD03456,CUST0225,2025-09-03,Home & Kitchen,1,7975.48,7975.48
ORD02985,CUST0327,2025-09-03,Home & Kitchen,2,365.87,731.74
ORD02206,CUST0265,2025-09-03,Beauty & Personal Care,1,2011.54,2011.54
ORD00887,CUST0105,2025-09-03,Sports & Fitness,2,8510.46,17020.92
ORD01843,CUST0209,2025-09-03,Fashion,1,2276.27,2276.27
ORD00460,CUST0248,2025-09-04,Electronics,1,39600.91,39600.91
ORD04347,CUST0071,2025-09-04,Electronics,1,13111.55,13111.55
ORD00760,CUST0001,2025-09-04,Sports & Fitness,1,2901.56,2901.56
ORD01697,CUST0143,2025-09-04,Home & Kitchen,3,5088.74,15266.22
ORD04295,CUST0237,2025-09-04,Sports & Fitness,1,2407.04,2407.04
ORD00965,CUST0215,2025-09-04,Beauty & Personal Care,1,355.08,355.08
ORD05413,CUST0389,2025-09-04,Electronics,1,29364.87,29364.87
ORD04157,CUST0229,2025-09-04,Home & Kitchen,1,6746.52,6746.52
ORD02909,CUST0367,2025-09-04,Electronics,2,9838.92,19677.84
ORD01554,CUST0017,2025-09-04,Home & Kitchen,1,3503.12,3503.12
ORD04850,CUST0355,2025-09-04,Sports & Fitness,1,5481.54,5481.54
ORD00680,CUST0271,2025-09-04,Sports & Fitness,1,6255.49,6255.49
ORD04733,CUST0119,2025-09-04,Books,1,244.89,244.89
ORD01822,CUST0124,2025-09-05,Sports & Fitness,1,975.81,975.81
ORD04681,CUST0305,2025-09-05,Electronics,2,33793.37,67586.74
ORD00952,CUST0366,2025-09-05,Electronics,1,32786.7,32786.7
ORD03489,CUST0268,2025-09-05,Sports & Fitness,1,5980.98,5980.98
ORD04621,CUST0255,2025-09-05,Electronics,2,33983.62,67967.24
ORD04749,CUST0030,2025-09-05,Fashion,2,3129.78,6259.56
ORD02116,CUST0267,2025-09-05,Home & Kitchen,3,7148.74,21446.22
ORD03856,CUST0273,2025-09-05,Sports & Fitness,3,8651.86,25955.58
ORD00202,CUST0267,2025-09-05,Sports & Fitness,1,5787.7,5787.7
ORD03660,CUST0235,2025-09-05,Home & Kitchen,1,4998.5,4998.5
ORD05017,CUST0027,2025-09-05,Fashion,2,4822.26,9644.52
ORD04783,CUST0280,2025-09-05,Home & Kitchen,2,3590.49,7180.98
ORD05010,CUST0039,2025-09-05,Fashion,1,2931.88,2931.88
ORD05331,CUST0087,2025-09-05,Sports & Fitness,1,8881.27,8881.27
ORD05192,CUST0232,2025-09-05,Beauty & Personal Care,1,3394.57,3394.57
ORD03382,CUST0024,2025-09-05,Sports & Fitness,1,4635.82,4635.82
ORD05174,CUST0341,2025-09-06,Sports & Fitness,1,8574.18,8574.18
ORD04257,CUST0386,2025-09-06,Fashion,1,4665.41,4665.41
ORD01958,CUST0395,2025-09-06,Electronics,1,13325.94,13325.94
ORD01899,CUST0340,2025-09-06,Electronics,1,11831.95,11831.95
ORD02810,CUST0051,2025-09-06,Fashion,1,1519.89,1519.89
ORD05272,CUST0171,2025-09-06,Sports & Fitness,1,1223.72,1223.72
ORD01806,CUST0051,2025-09-06,Sports & Fitness,1,947.05,947.05
ORD00435,CUST0161,2025-09-06,Fashion,1,1362.25,1362.25
ORD04871,CUST0145,2025-09-06,Sports & Fitness,1,6309.7,6309.7
ORD03417,CUST0289,2025-09-06,Home & Kitchen,1,2681.82,2681.82
ORD02273,CUST0090,2025-09-06,Fashion,1,1146.26,1146.26
ORD02267,CUST0330,2025-09-06,Home & Kitchen,1,3456.11,3456.11
ORD01490,CUST0177,2025-09-06,Beauty & Personal Care,2,357.87,715.74
ORD01230,CUST0230,2025-09-06,Beauty & Personal Care,1,1735.42,1735.42
ORD01407,CUST0313,2025-09-06,Electronics,1,28107.02,28107.02
ORD02515,CUST0313,2025-09-06,Electronics,1,28327.5,28327.5
ORD02489,CUST0099,2025-09-06,Sports & Fitness,1,2274.04,2274.04
ORD01752,CUST0232,2025-09-06,Electronics,1,43855.61,43855.61
ORD02460,CUST0015,2025-09-07,Electronics,1,2983.16,2983.16
ORD01913,CUST0300,2025-09-07,Electronics,1,3214.31,3214.31
ORD04170,CUST0136,2025-09-07,Beauty & Personal Care,1,3209.55,3209.55
ORD05442,CUST0116,2025-09-07,Fashion,1,4735.99,4735.99
ORD01506,CUST0030,2025-09-07,Sports & Fitness,1,10180.99,10180.99
ORD03010,CUST0177,2025-09-07,Electronics,1,44568.8,44568.8
ORD02958,CUST0121,2025-09-07,Electronics,1,40575.17,40575.17
ORD04138,CUST0021,2025-09-07,Beauty & Personal Care,1,885.33,885.33
ORD02647,CUST0358,2025-09-07,Sports & Fitness,1,6566.42,6566.42
ORD03031,CUST0098,2025-09-07,Books,2,560.38,1120.76
ORD02304,CUST0276,2025-09-07,Sports & Fitness,1,3518.57,3518.57
ORD00482,CUST0083,2025-09-07,Home & Kitchen,2,7501.79,15003.58
ORD04210,CUST0209,2025-09-07,Electronics,1,34812.48,34812.48
ORD00091,CUST0058,2025-09-07,Electronics,1,37235.81,37235.81
ORD03792,CUST0232,2025-09-07,Beauty & Personal Care,1,1742.28,1742.28
ORD05014,CUST0023,2025-09-07,Home & Kitchen,1,3220.16,3220.16
ORD02496,CUST0342,2025-09-08,Home & Kitchen,1,405.18,405.18
ORD03482,CUST0095,2025-09-08,Electronics,1,8030.82,8030.82
ORD01489,CUST0204,2025-09-08,Home & Kitchen,1,6649.62,6649.62
ORD01744,CUST0302,2025-09-08,Fashion,1,1722.75,1722.75
ORD02026,CUST0400,2025-09-08,Fashion,1,455.49,455.49
ORD01620,CUST0175,2025-09-08,Electronics,1,7334.2,7334.2
ORD00100,CUST0387,2025-09-08,Sports & Fitness,1,10215.01,10215.01
ORD00337,CUST0215,2025-09-08,Sports & Fitness,1,524.19,524.19
ORD03620,CUST0360,2025-09-08,Sports & Fitness,1,11364.47,11364.47
ORD05528,CUST0318,2025-09-08,Fashion,3,1833.31,5499.93
ORD04090,CUST0367,2025-09-08,Fashion,1,1359.59,1359.59
ORD02058,CUST0198,2025-09-08,Fashion,1,2786.89,2786.89
ORD00223,CUST0220,2025-09-08,Home & Kitchen,1,461.28,461.28
ORD00441,CUST0094,2025-09-08,Electronics,1,22245.15,22245.15
ORD02300,CUST0335,2025-09-08,Home & Kitchen,1,5014.81,5014.81
ORD04726,CUST0099,2025-09-09,Books,2,1011.74,2023.48
ORD01087,CUST0143,2025-09-09,Home & Kitchen,1,328.51,328.51
ORD04466,CUST0087,2025-09-09,Books,1,609.6,609.6
ORD02613,CUST0212,2025-09-09,Sports & Fitness,1,7573.34,7573.34
ORD00868,CUST0179,2025-09-09,Electronics,1,19051.42,19051.42
ORD05352,CUST0372,2025-09-09,Home & Kitchen,1,1506.54,1506.54
ORD02393,CUST0358,2025-09-09,Sports & Fitness,2,3745.63,7491.26
ORD02231,CUST0195,2025-09-09,Home & Kitchen,1,2764.08,2764.08
ORD01933,CUST0061,2025-09-09,Fashion,1,4024.53,4024.53
ORD00819,CUST0143,2025-09-09,Home & Kitchen,1,2560.22,2560.22
ORD02225,CUST0016,2025-09-10,Fashion,1,3202.42,3202.42
ORD05107,CUST0174,2025-09-10,Fashion,1,4102.14,4102.14
ORD02975,CUST0144,2025-09-10,Electronics,1,19923.3,19923.3
ORD02168,CUST0027,2025-09-10,Sports & Fitness,1,6393.46,6393.46
ORD04841,CUST0124,2025-09-10,Home & Kitchen,1,4809.06,4809.06
ORD02661,CUST0147,2025-09-10,Sports & Fitness,2,3305.22,6610.44
ORD05250,CUST0167,2025-09-10,Sports & Fitness,1,7187.51,7187.51
ORD04673,CUST0128,2025-09-10,Electronics,1,35396.36,35396.36
ORD04656,CUST0340,2025-09-10,Fashion,1,3209.78,3209.78
ORD01846,CUST0140,2025-09-10,Sports & Fitness,1,10128.02,10128.02
ORD01311,CUST0065,2025-09-10,Electronics,1,16943.16,16943.16
ORD03832,CUST0354,2025-09-10,Beauty & Personal Care,1,1898.66,1898.66
ORD03352,CUST0191,2025-09-10,Electronics,3,40252.31,120756.93
ORD01945,CUST0252,2025-09-10,Books,1,1117.88,1117.88
ORD01850,CUST0288,2025-09-10,Beauty & Personal Care,1,412.25,412.25
ORD01486,CUST0348,2025-09-10,Home & Kitchen,1,3473.14,3473.14
ORD03734,CUST0345,2025-09-10,Beauty & Personal Care,1,981.82,981.82
ORD01623,CUST0210,2025-09-10,Electronics,1,7380.46,7380.46
ORD01588,CUST0250,2025-09-10,Fashion,1,642.68,642.68
ORD05251,CUST0188,2025-09-11,Home & Kitchen,1,5493.14,5493.14
ORD02903,CUST0102,2025-09-11,Electronics,1,43494.41,43494.41
ORD04329,CUST0276,2025-09-11,Fashion,2,2863.07,5726.14
ORD00955,CUST0341,2025-09-11,Books,3,1141.42,3424.26
ORD02584,CUST0087,2025-09-11,Home & Kitchen,1,6120.64,6120.64
ORD05299,CUST0189,2025-09-11,Fashion,1,1737.22,1737.22
ORD04245,CUST0007,2025-09-11,Home & Kitchen,1,664.58,664.58
ORD00174,CUST0254,2025-09-11,Home & Kitchen,1,3309.98,3309.98
ORD02232,CUST0331,2025-09-11,Electronics,1,41916.56,41916.56
ORD00920,CUST0181,2025-09-11,Home & Kitchen,1,6673.1,6673.1
ORD00603,CUST0266,2025-09-11,Fashion,1,4097.5,4097.5
ORD01369,CUST0089,2025-09-11,Books,2,308.14,616.28
ORD04017,CUST0051,2025-09-11,Fashion,2,962.88,1925.76
ORD04715,CUST0097,2025-09-11,Sports & Fitness,1,1206.13,1206.13
ORD03011,CUST0196,2025-09-11,Electronics,1,4236.07,4236.07
ORD00689,CUST0209,2025-09-11,Sports & Fitness,1,11404.89,11404.89
ORD02547,CUST0290,2025-09-12,Fashion,1,1118.8,1118.8
ORD04853,CUST0378,2025-09-12,Home & Kitchen,2,1953.3,3906.6
ORD02363,CUST0339,2025-09-12,Fashion,1,2349.94,2349.94
ORD05601,CUST0008,2025-09-12,Books,1,715.82,715.82
ORD03804,CUST0111,2025-09-12,Electronics,1,3152.23,3152.23
ORD04546,CUST0260,2025-09-12,Electronics,1,28001.87,28001.87
ORD04322,CUST0030,2025-09-12,Books,1,256.48,256.48
ORD05541,CUST0207,2025-09-12,Home & Kitchen,1,1291.25,1291.25
ORD04265,CUST0350,2025-09-12,Home & Kitchen,1,482.53,482.53
ORD02768,CUST0375,2025-09-12,Beauty & Personal Care,1,2374.15,2374.15
ORD04479,CUST0195,2025-09-12,Beauty & Personal Care,1,242.36,242.36
ORD00484,CUST0390,2025-09-12,Home & Kitchen,1,2662.18,2662.18
ORD04457,CUST0256,2025-09-12,Electronics,2,14592.43,29184.86
ORD02251,CUST0172,2025-09-12,Sports & Fitness,1,11369.68,11369.68
ORD04979,CUST0038,2025-09-12,Fashion,2,4713.13,9426.26
ORD01685,CUST0218,2025-09-12,Electronics,1,40989.99,40989.99
ORD03320,CUST0065,2025-09-12,Fashion,1,1059.17,1059.17
ORD00695,CUST0376,2025-09-12,Fashion,1,1151.35,1151.35
ORD05020,CUST0190,2025-09-12,Beauty & Personal Care,2,296.91,593.82
ORD03221,CUST0057,2025-09-12,Fashion,1,1373.28,1373.28
ORD04070,CUST0135,2025-09-12,Sports & Fitness,1,4528.65,4528.65
ORD04707,CUST0273,2025-09-13,Beauty & Personal Care,2,3338.75,6677.5
ORD03964,CUST0247,2025-09-13,Home & Kitchen,1,5994.02,5994.02
ORD03978,CUST0239,2025-09-13,Electronics,1,22389.01,22389.01
ORD04852,CUST0202,2025-09-13,Home & Kitchen,1,7542.45,7542.45
ORD02088,CUST0213,2025-09-13,Home & Kitchen,1,7818.38,7818.38
ORD04960,CUST0188,2025-09-13,Beauty & Personal Care,2,2537.57,5075.14
ORD01938,CUST0176,2025-09-13,Home & Kitchen,2,4632.34,9264.68
ORD04221,CUST0282,2025-09-13,Electronics,1,35522.73,35522.73
ORD03601,CUST0114,2025-09-13,Electronics,1,19084.26,19084.26
ORD02062,CUST0008,2025-09-13,Books,1,466.29,466.29
ORD03422,CUST0357,2025-09-13,Home & Kitchen,1,4980.9,4980.9
ORD00084,CUST0223,2025-09-13,Fashion,1,4913.46,4913.46
ORD04312,CUST0384,2025-09-13,Beauty & Personal Care,1,2351.96,2351.96
ORD04176,CUST0014,2025-09-13,Books,2,195.33,390.66
ORD03494,CUST0243,2025-09-13,Sports & Fitness,2,2604.19,5208.38
ORD03877,CUST0043,2025-09-13,Home & Kitchen,2,4151.22,8302.44
ORD02461,CUST0320,2025-09-13,Fashion,3,543.22,1629.66
ORD00413,CUST0044,2025-09-13,Electronics,1,6350.78,6350.78
ORD01791,CUST0349,2025-09-13,Home & Kitchen,1,4742.59,4742.59
ORD00620,CUST0205,2025-09-13,Books,1,780.3,780.3
ORD01900,CUST0181,2025-09-13,Electronics,1,43719.94,43719.94
ORD03040,CUST0201,2025-09-13,Sports & Fitness,1,6782.21,6782.21
ORD00376,CUST0114,2025-09-13,Beauty & Personal Care,1,928.46,928.46
ORD01784,CUST0293,2025-09-13,Fashion,1,2824.53,2824.53
ORD01409,CUST0280,2025-09-13,Electronics,2,14649.04,29298.08
ORD00893,CUST0203,2025-09-13,Home & Kitchen,1,5565.8,5565.8
ORD00931,CUST0236,2025-09-14,Sports & Fitness,2,9124.47,18248.94
ORD03306,CUST0054,2025-09-14,Sports & Fitness,1,5771.59,5771.59
ORD05059,CUST0150,2025-09-14,Fashion,1,2283.98,2283.98
ORD01759,CUST0301,2025-09-14,Sports & Fitness,1,965.86,965.86
ORD02704,CUST0138,2025-09-14,Fashion,1,819.75,819.75
ORD01669,CUST0053,2025-09-14,Fashion,1,1362.72,1362.72
ORD02175,CUST0224,2025-09-14,Sports & Fitness,1,10602.95,10602.95
ORD03365,CUST0195,2025-09-14,Beauty & Personal Care,1,1557.72,1557.72
ORD02371,CUST0167,2025-09-14,Fashion,1,2707.5,2707.5
ORD02514,CUST0312,2025-09-14,Books,2,290.07,580.14
ORD05310,CUST0096,2025-09-14,Electronics,1,43002.8,43002.8
ORD00117,CUST0397,2025-09-14,Electronics,1,4125.32,4125.32
ORD02037,CUST0162,2025-09-14,Home & Kitchen,1,1293.33,1293.33
ORD01901,CUST0150,2025-09-14,Home & Kitchen,1,3753.78,3753.78
ORD04803,CUST0253,2025-09-14,Beauty & Personal Care,2,1385.26,2770.52
ORD00852,CUST0089,2025-09-14,Beauty & Personal Care,1,1024.91,1024.91
ORD05372,CUST0344,2025-09-14,Sports & Fitness,1,6750.95,6750.95
ORD03146,CUST0334,2025-09-14,Sports & Fitness,3,8672.67,26018.01
ORD03536,CUST0371,2025-09-14,Home & Kitchen,1,3989.6,3989.6
ORD01308,CUST0036,2025-09-14,Fashion,1,3209.37,3209.37
ORD01165,CUST0114,2025-09-15,Home & Kitchen,1,3194.98,3194.98
ORD02470,CUST0012,2025-09-15,Electronics,1,3623.76,3623.76
ORD04675,CUST0233,2025-09-15,Home & Kitchen,1,6808.9,6808.9
ORD01253,CUST0029,2025-09-15,Fashion,1,3791.21,3791.21
ORD04105,CUST0051,2025-09-15,Fashion,2,4497.75,8995.5
ORD00054,CUST0397,2025-09-15,Sports & Fitness,1,6691.62,6691.62
ORD03388,CUST0187,2025-09-15,Books,1,875.03,875.03
ORD04058,CUST0074,2025-09-15,Electronics,1,24738.53,24738.53
ORD01681,CUST0008,2025-09-15,Books,3,551.08,1653.24
ORD02059,CUST0168,2025-09-15,Sports & Fitness,1,5415.58,5415.58
ORD00784,CUST0113,2025-09-15,Sports & Fitness,2,9956.9,19913.8
ORD05543,CUST0361,2025-09-15,Fashion,1,500.27,500.27
ORD01595,CUST0290,2025-09-16,Fashion,1,3025.06,3025.06
ORD03515,CUST0337,2025-09-16,Electronics,1,39986.93,39986.93
ORD00291,CUST0158,2025-09-16,Beauty & Personal Care,1,1801.68,1801.68
ORD05518,CUST0321,2025-09-16,Electronics,2,19260.45,38520.9
ORD01902,CUST0031,2025-09-16,Electronics,1,38885.4,38885.4
ORD04786,CUST0111,2025-09-16,Sports & Fitness,1,1013.62,1013.62
ORD00814,CUST0336,2025-09-16,Home & Kitchen,1,2269.23,2269.23
ORD01983,CUST0284,2025-09-16,Home & Kitchen,1,393.36,393.36
ORD04676,CUST0041,2025-09-16,Beauty & Personal Care,1,415.51,415.51
ORD02381,CUST0331,2025-09-16,Beauty & Personal Care,1,3205.48,3205.48
ORD04212,CUST0338,2025-09-16,Fashion,1,3829.82,3829.82
ORD04743,CUST0156,2025-09-16,Home & Kitchen,1,5078.26,5078.26
ORD01069,CUST0271,2025-09-16,Sports & Fitness,2,3413.86,6827.72
ORD05224,CUST0317,2025-09-16,Books,2,230.53,461.06
ORD03170,CUST0093,2025-09-16,Home & Kitchen,1,4786.19,4786.19
ORD01776,CUST0217,2025-09-16,Home & Kitchen,1,356.0,356.0
ORD00978,CUST0333,2025-09-16,Fashion,1,1738.03,1738.03
ORD00710,CUST0129,2025-09-16,Electronics,1,42147.84,42147.84
ORD02572,CUST0301,2025-09-16,Beauty & Personal Care,3,2395.84,7187.52
ORD05137,CUST0149,2025-09-16,Books,1,483.54,483.54
ORD04867,CUST0265,2025-09-16,Fashion,1,3327.86,3327.86
ORD05604,CUST0113,2025-09-16,Fashion,1,613.14,613.14
ORD03952,CUST0367,2025-09-17,Electronics,1,25502.3,25502.3
ORD04277,CUST0357,2025-09-17,Fashion,2,4677.83,9355.66
ORD00899,CUST0338,2025-09-17,Home & Kitchen,1,6150.64,6150.64
ORD00220,CUST0366,2025-09-17,Beauty & Personal Care,1,2633.78,2633.78
ORD04816,CUST0137,2025-09-17,Beauty & Personal Care,1,527.31,527.31
ORD01150,CUST0034,2025-09-17,Beauty & Personal Care,1,3197.55,3197.55
ORD00007,CUST0182,2025-09-17,Fashion,2,551.09,1102.18
ORD02213,CUST0210,2025-09-17,Electronics,1,30771.93,30771.93
ORD00539,CUST0007,2025-09-17,Electronics,2,18545.88,37091.76
ORD03657,CUST0391,2025-09-17,Home & Kitchen,1,7389.68,7389.68
ORD02912,CUST0060,2025-09-17,Electronics,1,38080.23,38080.23
ORD02513,CUST0016,2025-09-17,Sports & Fitness,2,950.23,1900.46
ORD02733,CUST0125,2025-09-17,Home & Kitchen,1,2911.64,2911.64
ORD00046,CUST0318,2025-09-17,Beauty & Personal Care,1,1671.82,1671.82
ORD05409,CUST0038,2025-09-17,Fashion,1,2633.91,2633.91
ORD04431,CUST0208,2025-09-17,Home & Kitchen,1,5009.46,5009.46
ORD04793,CUST0366,2025-09-18,Home & Kitchen,1,958.62,958.62
ORD04835,CUST0134,2025-09-18,Home & Kitchen,2,5460.53,10921.06
ORD02331,CUST0186,2025-09-18,Sports & Fitness,2,1113.51,2227.02
ORD03519,CUST0155,2025-09-18,Home & Kitchen,2,5176.71,10353.42
ORD03421,CUST0143,2025-09-18,Home & Kitchen,1,4846.93,4846.93
ORD04779,CUST0347,2025-09-18,Electronics,1,41290.83,41290.83
ORD03135,CUST0254,2025-09-18,Home & Kitchen,1,5223.91,5223.91
ORD03449,CUST0167,2025-09-18,Fashion,1,4143.24,4143.24
ORD00788,CUST0315,2025-09-18,Beauty & Personal Care,1,500.76,500.76
ORD03891,CUST0036,2025-09-18,Home & Kitchen,1,5692.97,5692.97
ORD04165,CUST0335,2025-09-18,Fashion,1,4013.15,4013.15
ORD02860,CUST0029,2025-09-18,Electronics,1,9134.75,9134.75
ORD05583,CUST0037,2025-09-18,Home & Kitchen,2,4204.85,8409.7
ORD02046,CUST0027,2025-09-18,Sports & Fitness,3,11033.17,33099.51
ORD00607,CUST0271,2025-09-18,Books,2,965.9,1931.8
ORD05526,CUST0230,2025-09-18,Books,2,469.58,939.16
ORD05398,CUST0186,2025-09-18,Fashion,2,3895.84,7791.68
ORD01670,CUST0243,2025-09-18,Fashion,1,2147.82,2147.82
ORD03313,CUST0160,2025-09-18,Home & Kitchen,1,2003.78,2003.78
ORD03640,CUST0038,2025-09-18,Sports & Fitness,1,8903.45,8903.45
ORD00811,CUST0237,2025-09-19,Books,1,728.06,728.06
ORD03908,CUST0255,2025-09-19,Sports & Fitness,1,10726.09,10726.09
ORD02969,CUST0125,2025-09-19,Electronics,1,39690.46,39690.46
ORD04417,CUST0101,2025-09-19,Beauty & Personal Care,1,446.7,446.7
ORD00980,CUST0068,2025-09-19,Fashion,1,1446.42,1446.42
ORD00171,CUST0164,2025-09-19,Sports & Fitness,2,8221.38,16442.76
ORD01227,CUST0349,2025-09-19,Fashion,1,508.52,508.52
ORD00669,CUST0100,2025-09-19,Sports & Fitness,1,1006.46,1006.46
ORD01642,CUST0204,2025-09-19,Home & Kitchen,2,4826.02,9652.04
ORD05210,CUST0075,2025-09-19,Fashion,2,3659.3,7318.6
ORD04228,CUST0313,2025-09-19,Electronics,1,37686.36,37686.36
ORD00927,CUST0392,2025-09-19,Beauty & Personal Care,1,2715.3,2715.3
ORD05198,CUST0140,2025-09-19,Fashion,2,3246.51,6493.02
ORD04577,CUST0139,2025-09-19,Beauty & Personal Care,3,1759.2,5277.6
ORD00238,CUST0281,2025-09-19,Electronics,1,5578.43,5578.43
ORD02156,CUST0308,2025-09-19,Electronics,1,16649.95,16649.95
ORD01255,CUST0297,2025-09-19,Electronics,2,17136.71,34273.42
ORD02767,CUST0394,2025-09-19,Fashion,1,3943.9,3943.9
ORD02218,CUST0189,2025-09-19,Books,1,396.17,396.17
ORD03007,CUST0158,2025-09-19,Fashion,1,1866.03,1866.03
ORD01091,CUST0196,2025-09-20,Sports & Fitness,1,11992.53,11992.53
ORD05387,CUST0104,2025-09-20,Sports & Fitness,2,3271.17,6542.34
ORD00667,CUST0388,2025-09-20,Home & Kitchen,1,5337.03,5337.03
ORD00139,CUST0245,2025-09-20,Electronics,1,29340.13,29340.13
ORD03635,CUST0354,2025-09-20,Beauty & Personal Care,1,2523.15,2523.15
ORD04828,CUST0299,2025-09-20,Sports & Fitness,1,11963.6,11963.6
ORD00495,CUST0084,2025-09-20,Home & Kitchen,1,1008.92,1008.92
ORD00745,CUST0207,2025-09-20,Books,3,1024.04,3072.12
ORD00244,CUST0312,2025-09-20,Home & Kitchen,1,1446.44,1446.44
ORD03442,CUST0148,2025-09-20,Fashion,2,689.11,1378.22
ORD00738,CUST0111,2025-09-20,Fashion,1,4137.38,4137.38
ORD01362,CUST0130,2025-09-20,Home & Kitchen,1,419.34,419.34
ORD00248,CUST0003,2025-09-20,Fashion,1,4421.61,4421.61
ORD04652,CUST0116,2025-09-21,Fashion,1,4302.06,4302.06
ORD00391,CUST0031,2025-09-21,Electronics,1,19601.28,19601.28
ORD00363,CUST0092,2025-09-21,Beauty & Personal Care,1,2040.44,2040.44
ORD04711,CUST0269,2025-09-21,Beauty & Personal Care,1,1299.03,1299.03
ORD01418,CUST0118,2025-09-21,Fashion,1,1578.94,1578.94
ORD00807,CUST0343,2025-09-21,Sports & Fitness,1,7516.24,7516.24
ORD02408,CUST0305,2025-09-21,Electronics,1,3361.07,3361.07
ORD02025,CUST0231,2025-09-21,Beauty & Personal Care,1,2193.56,2193.56
ORD03940,CUST0182,2025-09-21,Fashion,2,4526.21,9052.42
ORD01903,CUST0036,2025-09-21,Home & Kitchen,1,7924.35,7924.35
ORD03088,CUST0296,2025-09-21,Home & Kitchen,2,1180.28,2360.56
ORD03106,CUST0351,2025-09-21,Home & Kitchen,1,4853.34,4853.34
ORD00214,CUST0120,2025-09-21,Beauty & Personal Care,1,639.38,639.38
ORD01055,CUST0248,2025-09-21,Home & Kitchen,1,5159.08,5159.08
ORD02196,CUST0064,2025-09-21,Sports & Fitness,1,6354.46,6354.46
ORD05058,CUST0037,2025-09-21,Electronics,1,35490.32,35490.32
ORD01452,CUST0067,2025-09-21,Home & Kitchen,2,5596.91,11193.82
ORD00268,CUST0127,2025-09-21,Fashion,1,2291.04,2291.04
ORD00271,CUST0305,2025-09-21,Home & Kitchen,1,5337.14,5337.14
ORD01171,CUST0149,2025-09-21,Sports & Fitness,1,11949.62,11949.62
ORD02658,CUST0120,2025-09-21,Beauty & Personal Care,1,1095.9,1095.9
ORD03418,CUST0256,2025-09-21,Electronics,1,43501.5,43501.5
ORD00323,CUST0132,2025-09-21,Books,1,771.28,771.28
ORD03579,CUST0232,2025-09-21,Sports & Fitness,3,8548.03,25644.09
ORD04392,CUST0268,2025-09-21,Electronics,1,40242.85,40242.85
ORD02352,CUST0381,2025-09-21,Sports & Fitness,1,6779.28,6779.28
ORD01594,CUST0049,2025-09-21,Beauty & Personal Care,1,249.03,249.03
ORD04925,CUST0199,2025-09-21,Electronics,2,33935.59,67871.18
ORD04938,CUST0266,2025-09-21,Beauty & Personal Care,2,3224.86,6449.72
ORD00988,CUST0372,2025-09-21,Beauty & Personal Care,2,388.88,777.76
ORD05048,CUST0194,2025-09-21,Home & Kitchen,1,6579.35,6579.35
ORD04253,CUST0263,2025-09-22,Books,1,577.9,577.9
ORD04269,CUST0331,2025-09-22,Sports & Fitness,1,8541.66,8541.66
ORD02491,CUST0123,2025-09-22,Home & Kitchen,1,2411.14,2411.14
ORD03084,CUST0231,2025-09-22,Fashion,1,3370.52,3370.52
ORD02567,CUST0323,2025-09-22,Home & Kitchen,1,421.02,421.02
ORD04427,CUST0399,2025-09-22,Fashion,1,1402.79,1402.79
ORD03956,CUST0375,2025-09-22,Home & Kitchen,1,3867.61,3867.61
ORD01294,CUST0053,2025-09-22,Fashion,2,4162.63,8325.26
ORD04792,CUST0160,2025-09-22,Beauty & Personal Care,1,682.77,682.77
ORD02276,CUST0299,2025-09-22,Sports & Fitness,1,9841.4,9841.4
ORD00089,CUST0192,2025-09-22,Books,2,198.03,396.06
ORD05353,CUST0399,2025-09-22,Sports & Fitness,1,1428.73,1428.73
ORD02427,CUST0106,2025-09-22,Electronics,2,21251.41,42502.82
ORD01079,CUST0047,2025-09-22,Home & Kitchen,1,1980.93,1980.93
ORD05499,CUST0136,2025-09-22,Fashion,1,4583.96,4583.96
ORD05519,CUST0336,2025-09-22,Fashion,1,3521.12,3521.12
ORD00116,CUST0362,2025-09-22,Fashion,1,3360.46,3360.46
ORD05264,CUST0094,2025-09-22,Sports & Fitness,2,8584.69,17169.38
ORD01274,CUST0051,2025-09-22,Books,1,769.68,769.68
ORD00377,CUST0298,2025-09-22,Books,1,908.84,908.84
ORD00883,CUST0282,2025-09-23,Home & Kitchen,3,7658.5,22975.5
ORD02663,CUST0047,2025-09-23,Fashion,1,2241.81,2241.81
ORD04823,CUST0139,2025-09-23,Books,1,622.99,622.99
ORD01238,CUST0131,2025-09-23,Beauty & Personal Care,1,831.1,831.1
ORD04421,CUST0149,2025-09-23,Sports & Fitness,1,9909.74,9909.74
ORD01363,CUST0307,2025-09-23,Fashion,1,4381.97,4381.97
ORD03501,CUST0302,2025-09-23,Books,1,337.67,337.67
ORD01331,CUST0073,2025-09-23,Books,1,480.7,480.7
ORD05201,CUST0266,2025-09-23,Fashion,1,4965.15,4965.15
ORD04429,CUST0340,2025-09-23,Home & Kitchen,3,952.73,2858.19
ORD02069,CUST0264,2025-09-23,Home & Kitchen,2,2134.82,4269.64
ORD03227,CUST0089,2025-09-23,Fashion,1,1256.21,1256.21
ORD03217,CUST0351,2025-09-23,Sports & Fitness,3,9131.87,27395.61
ORD05233,CUST0384,2025-09-23,Fashion,1,600.51,600.51
ORD05536,CUST0389,2025-09-23,Fashion,1,3514.01,3514.01
ORD01273,CUST0321,2025-09-23,Electronics,1,27836.84,27836.84
ORD05046,CUST0333,2025-09-23,Sports & Fitness,1,8360.24,8360.24
ORD04375,CUST0048,2025-09-24,Electronics,1,40992.19,40992.19
ORD04526,CUST0123,2025-09-24,Home & Kitchen,1,7112.35,7112.35
ORD05220,CUST0319,2025-09-24,Beauty & Personal Care,1,571.14,571.14
ORD00846,CUST0335,2025-09-24,Electronics,1,28122.37,28122.37
ORD04122,CUST0049,2025-09-24,Fashion,1,2623.96,2623.96
ORD01180,CUST0156,2025-09-24,Home & Kitchen,1,6784.89,6784.89
ORD04249,CUST0204,2025-09-24,Home & Kitchen,1,839.27,839.27
ORD04646,CUST0324,2025-09-24,Books,1,662.57,662.57
ORD01687,CUST0327,2025-09-24,Beauty & Personal Care,1,2577.94,2577.94
ORD04264,CUST0271,2025-09-24,Home & Kitchen,1,1506.38,1506.38
ORD01660,CUST0213,2025-09-24,Electronics,1,11652.74,11652.74
ORD04679,CUST0275,2025-09-24,Sports & Fitness,1,8065.43,8065.43
ORD00404,CUST0094,2025-09-24,Sports & Fitness,1,11433.89,11433.89
ORD03853,CUST0148,2025-09-24,Electronics,2,39917.15,79834.3
ORD04290,CUST0238,2025-09-24,Sports & Fitness,1,2071.93,2071.93
ORD00246,CUST0310,2025-09-24,Electronics,1,7495.3,7495.3
ORD02481,CUST0149,2025-09-24,Electronics,1,14067.77,14067.77
ORD05321,CUST0125,2025-09-24,Home & Kitchen,2,6697.43,13394.86
ORD02797,CUST0295,2025-09-25,Fashion,1,2210.91,2210.91
ORD00198,CUST0025,2025-09-25,Books,1,277.85,277.85
ORD02120,CUST0345,2025-09-25,Electronics,1,27607.91,27607.91
ORD00688,CUST0099,2025-09-25,Books,1,782.57,782.57
ORD00650,CUST0113,2025-09-25,Electronics,1,6571.36,6571.36
ORD01591,CUST0092,2025-09-25,Books,1,1107.22,1107.22
ORD05527,CUST0102,2025-09-25,Beauty & Personal Care,1,3128.85,3128.85
ORD02406,CUST0211,2025-09-25,Books,1,457.24,457.24
ORD04554,CUST0384,2025-09-25,Books,1,157.16,157.16
ORD02618,CUST0361,2025-09-25,Fashion,1,1193.27,1193.27
ORD00118,CUST0356,2025-09-25,Sports & Fitness,3,3020.96,9062.88
ORD05313,CUST0283,2025-09-25,Electronics,2,26898.01,53796.02
ORD04537,CUST0175,2025-09-25,Home & Kitchen,1,4680.23,4680.23
ORD04583,CUST0181,2025-09-25,Sports & Fitness,1,9469.58,9469.58
ORD05405,CUST0266,2025-09-25,Fashion,1,1393.12,1393.12
ORD02947,CUST0123,2025-09-25,Sports & Fitness,1,6835.3,6835.3
ORD01785,CUST0087,2025-09-25,Sports & Fitness,1,2311.26,2311.26
ORD01882,CUST0367,2025-09-25,Fashion,1,1292.37,1292.37
ORD03188,CUST0194,2025-09-25,Beauty & Personal Care,1,2134.68,2134.68
ORD03721,CUST0203,2025-09-25,Electronics,2,26991.26,53982.52
ORD04497,CUST0057,2025-09-25,Fashion,1,4264.58,4264.58
ORD03138,CUST0320,2025-09-26,Sports & Fitness,1,3095.9,3095.9
ORD00049,CUST0282,2025-09-26,Electronics,2,32192.52,64385.04
ORD05274,CUST0260,2025-09-26,Home & Kitchen,1,5699.59,5699.59
ORD03637,CUST0119,2025-09-26,Fashion,1,2829.87,2829.87
ORD05340,CUST0038,2025-09-26,Electronics,1,8536.05,8536.05
ORD04226,CUST0101,2025-09-26,Beauty & Personal Care,1,2033.89,2033.89
ORD01158,CUST0255,2025-09-26,Sports & Fitness,1,8358.25,8358.25
ORD04108,CUST0202,2025-09-26,Home & Kitchen,1,1100.32,1100.32
ORD05221,CUST0329,2025-09-26,Sports & Fitness,3,5919.08,17757.24
ORD00092,CUST0099,2025-09-26,Electronics,2,21881.46,43762.92
ORD01813,CUST0264,2025-09-26,Fashion,3,2388.84,7166.52
ORD05173,CUST0286,2025-09-26,Electronics,1,40672.21,40672.21
ORD04764,CUST0232,2025-09-26,Fashion,3,3067.24,9201.72
ORD01717,CUST0060,2025-09-27,Fashion,1,3362.52,3362.52
ORD02635,CUST0017,2025-09-27,Books,1,606.73,606.73
ORD03278,CUST0216,2025-09-27,Books,1,213.64,213.64
ORD01133,CUST0389,2025-09-27,Beauty & Personal Care,2,2397.63,4795.26
ORD02053,CUST0295,2025-09-27,Sports & Fitness,1,10218.44,10218.44
ORD02170,CUST0263,2025-09-27,Sports & Fitness,1,1345.83,1345.83
ORD03491,CUST0253,2025-09-27,Fashion,1,1455.24,1455.24
ORD05111,CUST0304,2025-09-27,Sports & Fitness,1,10421.97,10421.97
ORD00099,CUST0309,2025-09-27,Beauty & Personal Care,2,812.23,1624.46
ORD04120,CUST0122,2025-09-27,Fashion,1,2056.64,2056.64
ORD04904,CUST0226,2025-09-27,Home & Kitchen,1,6489.85,6489.85
ORD03247,CUST0141,2025-09-27,Electronics,3,16346.95,49040.85
ORD03838,CUST0130,2025-09-27,Beauty & Personal Care,3,1183.23,3549.69
ORD01873,CUST0005,2025-09-27,Home & Kitchen,1,5044.87,5044.87
ORD00571,CUST0061,2025-09-27,Beauty & Personal Care,1,1277.91,1277.91
ORD04964,CUST0080,2025-09-28,Sports & Fitness,1,1272.52,1272.52
ORD02101,CUST0092,2025-09-28,Home & Kitchen,1,4931.92,4931.92
ORD02237,CUST0096,2025-09-28,Electronics,2,18496.21,36992.42
ORD02013,CUST0317,2025-09-28,Fashion,1,3691.33,3691.33
ORD02344,CUST0372,2025-09-28,Home & Kitchen,2,7269.18,14538.36
ORD04884,CUST0114,2025-09-28,Sports & Fitness,2,5044.7,10089.4
ORD01732,CUST0039,2025-09-28,Fashion,1,3383.22,3383.22
ORD00579,CUST0268,2025-09-28,Fashion,3,1373.53,4120.59
ORD00533,CUST0127,2025-09-28,Home & Kitchen,1,1585.37,1585.37
ORD02049,CUST0375,2025-09-28,Fashion,1,1323.53,1323.53
ORD02794,CUST0102,2025-09-28,Home & Kitchen,1,3467.37,3467.37
ORD04680,CUST0272,2025-09-28,Home & Kitchen,1,4750.91,4750.91
ORD02759,CUST0024,2025-09-28,Sports & Fitness,2,869.87,1739.74
ORD00637,CUST0068,2025-09-28,Sports & Fitness,2,11392.36,22784.72
ORD02545,CUST0051,2025-09-28,Sports & Fitness,1,8341.54,8341.54
ORD03286,CUST0283,2025-09-29,Electronics,1,31194.92,31194.92
ORD02908,CUST0399,2025-09-29,Fashion,2,4232.82,8465.64
ORD03698,CUST0231,2025-09-29,Sports & Fitness,1,9804.49,9804.49
ORD00038,CUST0113,2025-09-29,Home & Kitchen,1,2522.94,2522.94
ORD02607,CUST0128,2025-09-29,Home & Kitchen,1,1093.25,1093.25
ORD03835,CUST0285,2025-09-29,Home & Kitchen,1,5631.83,5631.83
ORD00577,CUST0153,2025-09-29,Sports & Fitness,1,5586.38,5586.38
ORD03357,CUST0138,2025-09-29,Books,2,600.85,1201.7
ORD01893,CUST0094,2025-09-29,Beauty & Personal Care,1,2316.6,2316.6
ORD01126,CUST0321,2025-09-29,Electronics,1,35868.62,35868.62
ORD03165,CUST0375,2025-09-29,Fashion,1,2346.04,2346.04
ORD01121,CUST0173,2025-09-29,Beauty & Personal Care,1,459.47,459.47
ORD01573,CUST0115,2025-09-29,Fashion,3,4517.46,13552.38
ORD01043,CUST0021,2025-09-29,Beauty & Personal Care,1,281.33,281.33
ORD03807,CUST0147,2025-09-29,Sports & Fitness,1,9214.85,9214.85
ORD05200,CUST0140,2025-09-29,Electronics,1,18240.1,18240.1
ORD05400,CUST0019,2025-09-29,Fashion,1,4344.77,4344.77
ORD03928,CUST0304,2025-09-29,Fashion,1,3434.46,3434.46
ORD05307,CUST0224,2025-09-30,Fashion,1,900.67,900.67
ORD04869,CUST0330,2025-09-30,Electronics,1,39819.53,39819.53
ORD00701,CUST0318,2025-09-30,Home & Kitchen,1,5668.16,5668.16
ORD02528,CUST0023,2025-09-30,Home & Kitchen,1,3857.4,3857.4
ORD04692,CUST0208,2025-09-30,Books,1,727.65,727.65
ORD01104,CUST0276,2025-09-30,Fashion,3,1147.55,3442.65
ORD04591,CUST0306,2025-09-30,Sports & Fitness,1,10893.11,10893.11
ORD00309,CUST0344,2025-09-30,Sports & Fitness,1,6009.31,6009.31
ORD00832,CUST0232,2025-09-30,Home & Kitchen,1,780.72,780.72
ORD05399,CUST0335,2025-09-30,Fashion,1,3904.04,3904.04
ORD02007,CUST0078,2025-09-30,Fashion,2,780.58,1561.16
ORD04491,CUST0014,2025-09-30,Fashion,1,4550.56,4550.56
ORD03566,CUST0340,2025-09-30,Books,2,258.19,516.38
ORD02275,CUST0034,2025-09-30,Sports & Fitness,1,732.5,732.5
ORD04976,CUST0235,2025-09-30,Home & Kitchen,2,7902.67,15805.34
ORD03208,CUST0076,2025-09-30,Books,1,1131.8,1131.8
ORD04986,CUST0032,2025-09-30,Books,1,429.57,429.57
ORD03611,CUST0283,2025-09-30,Sports & Fitness,1,4227.78,4227.78
ORD03598,CUST0359,2025-09-30,Fashion,1,4869.59,4869.59
ORD03622,CUST0127,2025-09-30,Electronics,1,12961.53,12961.53
ORD03948,CUST0143,2025-10-01,Beauty & Personal Care,1,389.38,389.38
ORD03424,CUST0150,2025-10-01,Beauty & Personal Care,1,1847.96,1847.96
ORD00764,CUST0039,2025-10-01,Fashion,2,770.83,1541.66
ORD03425,CUST0253,2025-10-01,Beauty & Personal Care,1,1013.23,1013.23
ORD02863,CUST0049,2025-10-01,Electronics,3,31410.66,94231.98
ORD02651,CUST0097,2025-10-01,Books,2,898.35,1796.7
ORD01584,CUST0279,2025-10-01,Home & Kitchen,1,5866.66,5866.66
ORD02534,CUST0161,2025-10-01,Beauty & Personal Care,2,1354.99,2709.98
ORD03335,CUST0191,2025-10-01,Sports & Fitness,1,6601.02,6601.02
ORD02149,CUST0052,2025-10-01,Fashion,1,4957.69,4957.69
ORD03817,CUST0135,2025-10-01,Electronics,1,5715.52,5715.52
ORD02233,CUST0092,2025-10-01,Electronics,1,35062.27,35062.27
ORD05023,CUST0028,2025-10-01,Books,1,734.56,734.56
ORD03292,CUST0025,2025-10-01,Electronics,2,7635.66,15271.32
ORD03790,CUST0169,2025-10-01,Sports & Fitness,3,10527.01,31581.03
ORD05063,CUST0175,2025-10-01,Fashion,1,1817.38,1817.38
ORD05322,CUST0236,2025-10-01,Fashion,2,4467.16,8934.32
ORD03550,CUST0185,2025-10-01,Fashion,1,4176.65,4176.65
ORD02619,CUST0202,2025-10-01,Beauty & Personal Care,2,2877.8,5755.6
ORD00200,CUST0390,2025-10-01,Fashion,1,2421.75,2421.75
ORD02884,CUST0122,2025-10-01,Electronics,1,37673.27,37673.27
ORD05260,CUST0026,2025-10-01,Home & Kitchen,1,6674.37,6674.37
ORD01383,CUST0253,2025-10-01,Fashion,1,3454.86,3454.86
ORD01338,CUST0281,2025-10-01,Sports & Fitness,1,542.05,542.05
ORD03163,CUST0044,2025-10-01,Electronics,2,12995.3,25990.6
ORD02200,CUST0194,2025-10-01,Home & Kitchen,1,3167.49,3167.49
ORD04872,CUST0076,2025-10-01,Fashion,2,4030.41,8060.82
ORD04310,CUST0178,2025-10-02,Electronics,1,43850.7,43850.7
ORD03339,CUST0067,2025-10-02,Fashion,1,3027.78,3027.78
ORD04618,CUST0206,2025-10-02,Books,1,456.44,456.44
ORD01895,CUST0059,2025-10-02,Fashion,1,4765.77,4765.77
ORD02739,CUST0279,2025-10-02,Electronics,1,27656.91,27656.91
ORD05563,CUST0343,2025-10-02,Sports & Fitness,1,5014.56,5014.56
ORD03330,CUST0177,2025-10-02,Sports & Fitness,1,4558.61,4558.61
ORD01676,CUST0128,2025-10-02,Beauty & Personal Care,1,1014.27,1014.27
ORD02851,CUST0234,2025-10-02,Books,2,367.77,735.54
ORD03954,CUST0071,2025-10-02,Fashion,1,4564.87,4564.87
ORD03397,CUST0107,2025-10-02,Home & Kitchen,2,2119.1,4238.2
ORD05296,CUST0293,2025-10-02,Beauty & Personal Care,1,1901.36,1901.36
ORD04152,CUST0022,2025-10-02,Fashion,1,1329.58,1329.58
ORD00617,CUST0177,2025-10-02,Sports & Fitness,1,4724.99,4724.99
ORD02435,CUST0285,2025-10-02,Beauty & Personal Care,1,2186.56,2186.56
ORD02998,CUST0303,2025-10-02,Fashion,1,3337.76,3337.76
ORD02355,CUST0251,2025-10-02,Electronics,1,42778.71,42778.71
ORD01975,CUST0001,2025-10-02,Home & Kitchen,1,4258.04,4258.04
ORD01761,CUST0160,2025-10-03,Books,1,765.49,765.49
ORD01534,CUST0227,2025-10-03,Fashion,1,3400.41,3400.41
ORD05273,CUST0380,2025-10-03,Fashion,1,2493.49,2493.49
ORD03914,CUST0091,2025-10-03,Home & Kitchen,1,315.49,315.49
ORD04235,CUST0057,2025-10-03,Fashion,1,2951.52,2951.52
ORD04998,CUST0217,2025-10-03,Electronics,1,40257.14,40257.14
ORD02220,CUST0071,2025-10-03,Home & Kitchen,1,4108.56,4108.56
ORD02090,CUST0078,2025-10-03,Electronics,1,25548.62,25548.62
ORD04303,CUST0110,2025-10-03,Electronics,1,3763.3,3763.3
ORD05354,CUST0112,2025-10-03,Beauty & Personal Care,1,2958.88,2958.88
ORD05359,CUST0362,2025-10-03,Sports & Fitness,2,5032.95,10065.9
ORD03793,CUST0328,2025-10-03,Fashion,1,2287.41,2287.41
ORD01493,CUST0336,2025-10-03,Beauty & Personal Care,2,2974.09,5948.18
ORD03273,CUST0094,2025-10-04,Electronics,1,42007.06,42007.06
ORD03396,CUST0237,2025-10-04,Electronics,2,36867.73,73735.46
ORD01313,CUST0317,2025-10-04,Sports & Fitness,1,10281.67,10281.67
ORD01844,CUST0333,2025-10-04,Fashion,1,4962.18,4962.18
ORD03486,CUST0196,2025-10-04,Beauty & Personal Care,2,3353.66,6707.32
ORD02949,CUST0283,2025-10-04,Electronics,1,1575.03,1575.03
ORD03864,CUST0382,2025-10-04,Electronics,1,25816.78,25816.78
ORD00850,CUST0098,2025-10-04,Home & Kitchen,1,3050.38,3050.38
ORD05170,CUST0378,2025-10-04,Fashion,1,1076.6,1076.6
ORD05569,CUST0013,2025-10-04,Electronics,3,30797.24,92391.72
ORD00981,CUST0297,2025-10-04,Sports & Fitness,1,582.13,582.13
ORD04032,CUST0287,2025-10-04,Fashion,1,2675.47,2675.47
ORD02552,CUST0057,2025-10-04,Fashion,1,3992.48,3992.48
ORD05562,CUST0282,2025-10-04,Home & Kitchen,1,2887.25,2887.25
ORD00923,CUST0294,2025-10-05,Home & Kitchen,1,2341.13,2341.13
ORD02609,CUST0250,2025-10-05,Home & Kitchen,1,6177.47,6177.47
ORD00831,CUST0007,2025-10-05,Sports & Fitness,3,2602.35,7807.05
ORD01590,CUST0083,2025-10-05,Fashion,1,3670.54,3670.54
ORD05083,CUST0203,2025-10-05,Home & Kitchen,1,949.36,949.36
ORD02483,CUST0202,2025-10-05,Fashion,1,1257.95,1257.95
ORD01303,CUST0085,2025-10-05,Sports & Fitness,3,5986.76,17960.28
ORD05212,CUST0122,2025-10-05,Fashion,1,1251.7,1251.7
ORD04104,CUST0322,2025-10-05,Books,3,1177.44,3532.32
ORD01250,CUST0023,2025-10-05,Sports & Fitness,2,9371.94,18743.88
ORD04945,CUST0081,2025-10-05,Home & Kitchen,1,5735.57,5735.57
ORD01625,CUST0346,2025-10-05,Beauty & Personal Care,1,566.04,566.04
ORD00379,CUST0019,2025-10-05,Electronics,1,43148.99,43148.99
ORD01919,CUST0078,2025-10-05,Home & Kitchen,1,461.18,461.18
ORD03935,CUST0056,2025-10-05,Electronics,2,18432.96,36865.92
ORD03795,CUST0085,2025-10-05,Home & Kitchen,1,2681.67,2681.67
ORD00812,CUST0126,2025-10-05,Beauty & Personal Care,1,847.77,847.77
ORD01947,CUST0206,2025-10-06,Home & Kitchen,1,602.25,602.25
ORD00183,CUST0311,2025-10-06,Beauty & Personal Care,1,2295.37,2295.37
ORD05080,CUST0373,2025-10-06,Home & Kitchen,1,1322.76,1322.76
ORD02792,CUST0222,2025-10-06,Beauty & Personal Care,1,2667.0,2667.0
ORD00601,CUST0166,2025-10-06,Electronics,1,36692.53,36692.53
ORD03802,CUST0234,2025-10-06,Books,1,746.15,746.15
ORD02560,CUST0096,2025-10-06,Sports & Fitness,2,677.27,1354.54
ORD04282,CUST0044,2025-10-06,Electronics,1,21934.21,21934.21
ORD04698,CUST0019,2025-10-06,Home & Kitchen,1,7344.85,7344.85
ORD02549,CUST0107,2025-10-06,Electronics,1,9628.94,9628.94
ORD02941,CUST0289,2025-10-06,Sports & Fitness,1,1635.66,1635.66
ORD00167,CUST0172,2025-10-06,Fashion,2,800.38,1600.76
ORD02074,CUST0202,2025-10-06,Sports & Fitness,1,6364.22,6364.22
ORD00835,CUST0285,2025-10-06,Electronics,2,31529.04,63058.08
ORD03703,CUST0218,2025-10-06,Home & Kitchen,1,2815.42,2815.42
ORD02301,CUST0030,2025-10-06,Beauty & Personal Care,1,2424.86,2424.86
ORD05551,CUST0211,2025-10-07,Beauty & Personal Care,1,2121.12,2121.12
ORD04935,CUST0006,2025-10-07,Electronics,1,2407.47,2407.47
ORD00381,CUST0389,2025-10-07,Sports & Fitness,1,2142.78,2142.78
ORD03375,CUST0064,2025-10-07,Home & Kitchen,1,1248.3,1248.3
ORD04085,CUST0356,2025-10-07,Electronics,1,43933.84,43933.84
ORD00358,CUST0196,2025-10-07,Beauty & Personal Care,2,1236.09,2472.18
ORD04551,CUST0132,2025-10-07,Sports & Fitness,1,9619.65,9619.65
ORD04896,CUST0153,2025-10-07,Electronics,1,41766.8,41766.8
ORD03006,CUST0354,2025-10-07,Home & Kitchen,1,6999.37,6999.37
ORD01298,CUST0192,2025-10-07,Beauty & Personal Care,1,2660.92,2660.92
ORD02395,CUST0137,2025-10-07,Fashion,2,3951.9,7903.8
ORD03298,CUST0087,2025-10-07,Beauty & Personal Care,1,2286.66,2286.66
ORD04343,CUST0275,2025-10-07,Electronics,1,22677.08,22677.08
ORD04757,CUST0205,2025-10-07,Beauty & Personal Care,1,3000.77,3000.77
ORD05445,CUST0288,2025-10-07,Sports & Fitness,3,5330.86,15992.58
ORD00075,CUST0081,2025-10-07,Home & Kitchen,1,5561.09,5561.09
ORD01494,CUST0368,2025-10-08,Sports & Fitness,1,7428.88,7428.88
ORD04739,CUST0284,2025-10-08,Books,3,864.66,2593.98
ORD00308,CUST0147,2025-10-08,Home & Kitchen,1,3238.41,3238.41
ORD02492,CUST0321,2025-10-08,Home & Kitchen,1,6173.99,6173.99
ORD05389,CUST0362,2025-10-08,Books,1,849.56,849.56
ORD03385,CUST0287,2025-10-08,Home & Kitchen,1,5801.62,5801.62
ORD02770,CUST0238,2025-10-08,Electronics,1,38055.73,38055.73
ORD05290,CUST0127,2025-10-08,Books,2,324.97,649.94
ORD04129,CUST0198,2025-10-08,Home & Kitchen,1,2851.08,2851.08
ORD00464,CUST0397,2025-10-08,Sports & Fitness,1,7867.31,7867.31
ORD01204,CUST0034,2025-10-08,Fashion,1,2718.0,2718.0
ORD02109,CUST0331,2025-10-08,Home & Kitchen,1,1523.17,1523.17
ORD02114,CUST0254,2025-10-08,Fashion,1,3830.4,3830.4
ORD02115,CUST0260,2025-10-08,Home & Kitchen,2,6049.79,12099.58
ORD05153,CUST0257,2025-10-08,Electronics,2,26719.78,53439.56
ORD02343,CUST0192,2025-10-09,Fashion,1,2381.5,2381.5
ORD03463,CUST0088,2025-10-09,Beauty & Personal Care,1,863.91,863.91
ORD02487,CUST0330,2025-10-09,Books,1,1090.36,1090.36
ORD01080,CUST0188,2025-10-09,Electronics,1,8990.59,8990.59
ORD05500,CUST0117,2025-10-09,Electronics,1,17731.96,17731.96
ORD04225,CUST0303,2025-10-09,Electronics,1,17044.67,17044.67
ORD02550,CUST0036,2025-10-09,Beauty & Personal Care,2,2361.26,4722.52
ORD02302,CUST0368,2025-10-09,Electronics,1,5413.58,5413.58
ORD01044,CUST0111,2025-10-09,Beauty & Personal Care,1,3419.49,3419.49
ORD01026,CUST0013,2025-10-09,Electronics,1,6042.07,6042.07
ORD01607,CUST0123,2025-10-09,Books,1,447.46,447.46
ORD00467,CUST0241,2025-10-09,Home & Kitchen,1,6171.12,6171.12
ORD00093,CUST0288,2025-10-09,Fashion,1,4199.24,4199.24
ORD00721,CUST0386,2025-10-09,Books,1,597.72,597.72
ORD01499,CUST0046,2025-10-09,Fashion,1,588.38,588.38
ORD01937,CUST0121,2025-10-09,Fashion,1,1682.28,1682.28
ORD01346,CUST0077,2025-10-09,Fashion,2,992.27,1984.54
ORD05306,CUST0300,2025-10-09,Electronics,1,42955.53,42955.53
ORD01520,CUST0107,2025-10-10,Electronics,1,19837.61,19837.61
ORD03600,CUST0272,2025-10-10,Fashion,1,3752.06,3752.06
ORD00288,CUST0008,2025-10-10,Fashion,1,3151.32,3151.32
ORD05217,CUST0256,2025-10-10,Fashion,1,846.52,846.52
ORD04432,CUST0373,2025-10-10,Electronics,1,30366.11,30366.11
ORD00459,CUST0024,2025-10-10,Electronics,1,33113.59,33113.59
ORD03778,CUST0213,2025-10-10,Beauty & Personal Care,1,2562.2,2562.2
ORD05056,CUST0194,2025-10-10,Beauty & Personal Care,1,1917.05,1917.05
ORD05447,CUST0010,2025-10-10,Electronics,1,44690.19,44690.19
ORD03841,CUST0070,2025-10-10,Beauty & Personal Care,2,2748.35,5496.7
ORD00077,CUST0262,2025-10-10,Books,1,744.02,744.02
ORD03569,CUST0066,2025-10-10,Sports & Fitness,1,3160.28,3160.28
ORD00559,CUST0138,2025-10-10,Fashion,2,4362.96,8725.92
ORD01659,CUST0192,2025-10-11,Fashion,1,637.75,637.75
ORD01305,CUST0105,2025-10-11,Fashion,3,1201.37,3604.11
ORD00457,CUST0324,2025-10-11,Home & Kitchen,1,4872.28,4872.28
ORD02726,CUST0180,2025-10-11,Books,1,232.64,232.64
ORD02868,CUST0318,2025-10-11,Sports & Fitness,2,1331.13,2662.26
ORD00891,CUST0320,2025-10-11,Fashion,1,3892.83,3892.83
ORD01191,CUST0108,2025-10-11,Electronics,1,36187.79,36187.79
ORD02005,CUST0359,2025-10-11,Sports & Fitness,1,4080.4,4080.4
ORD04463,CUST0018,2025-10-11,Electronics,1,43260.8,43260.8
ORD02588,CUST0154,2025-10-11,Home & Kitchen,1,1059.84,1059.84
ORD04617,CUST0109,2025-10-11,Sports & Fitness,1,5582.6,5582.6
ORD00719,CUST0012,2025-10-11,Beauty & Personal Care,1,805.39,805.39
ORD03133,CUST0368,2025-10-11,Books,1,643.38,643.38
ORD03888,CUST0109,2025-10-11,Sports & Fitness,1,10116.22,10116.22
ORD02205,CUST0399,2025-10-11,Electronics,1,43661.97,43661.97
ORD03376,CUST0233,2025-10-12,Fashion,2,610.57,1221.14
ORD05011,CUST0205,2025-10-12,Electronics,1,15349.32,15349.32
ORD03450,CUST0382,2025-10-12,Sports & Fitness,1,6780.66,6780.66
ORD05089,CUST0137,2025-10-12,Sports & Fitness,1,5099.44,5099.44
ORD01124,CUST0160,2025-10-12,Beauty & Personal Care,1,1408.17,1408.17
ORD05248,CUST0115,2025-10-12,Fashion,1,2532.08,2532.08
ORD00962,CUST0105,2025-10-12,Fashion,1,3291.11,3291.11
ORD03632,CUST0364,2025-10-12,Electronics,1,34417.86,34417.86
ORD05390,CUST0233,2025-10-12,Sports & Fitness,1,9076.03,9076.03
ORD03207,CUST0306,2025-10-12,Home & Kitchen,1,2780.27,2780.27
ORD01884,CUST0282,2025-10-12,Electronics,1,39503.07,39503.07
ORD01837,CUST0125,2025-10-12,Sports & Fitness,1,7869.82,7869.82
ORD01061,CUST0302,2025-10-12,Electronics,1,16832.93,16832.93
ORD01866,CUST0255,2025-10-12,Books,3,984.98,2954.94
ORD04714,CUST0092,2025-10-12,Beauty & Personal Care,2,1814.7,3629.4
ORD05114,CUST0399,2025-10-12,Fashion,1,3654.75,3654.75
ORD00362,CUST0341,2025-10-12,Sports & Fitness,1,8653.66,8653.66
ORD00995,CUST0258,2025-10-12,Beauty & Personal Care,1,2801.06,2801.06
ORD05128,CUST0384,2025-10-12,Books,3,238.88,716.64
ORD00778,CUST0378,2025-10-12,Home & Kitchen,1,6746.73,6746.73
ORD01175,CUST0396,2025-10-13,Electronics,1,40021.84,40021.84
ORD02935,CUST0056,2025-10-13,Electronics,1,16685.09,16685.09
ORD04907,CUST0282,2025-10-13,Beauty & Personal Care,1,789.9,789.9
ORD03095,CUST0196,2025-10-13,Books,1,180.73,180.73
ORD05586,CUST0215,2025-10-13,Sports & Fitness,1,9673.82,9673.82
ORD01885,CUST0319,2025-10-13,Books,1,1118.75,1118.75
ORD01321,CUST0350,2025-10-13,Sports & Fitness,1,9098.56,9098.56
ORD05375,CUST0384,2025-10-13,Sports & Fitness,1,9703.59,9703.59
ORD03474,CUST0250,2025-10-13,Electronics,1,2577.67,2577.67
ORD03495,CUST0101,2025-10-13,Fashion,1,3536.76,3536.76
ORD01411,CUST0329,2025-10-13,Electronics,1,20744.13,20744.13
ORD02148,CUST0084,2025-10-13,Beauty & Personal Care,1,3176.07,3176.07
ORD05100,CUST0314,2025-10-13,Fashion,1,1133.36,1133.36
ORD02615,CUST0302,2025-10-13,Electronics,1,36180.77,36180.77
ORD01739,CUST0337,2025-10-14,Books,1,1077.52,1077.52
ORD03548,CUST0242,2025-10-14,Books,1,1155.63,1155.63
ORD01015,CUST0003,2025-10-14,Books,1,1005.53,1005.53
ORD03020,CUST0121,2025-10-14,Fashion,1,2853.3,2853.3
ORD02643,CUST0155,2025-10-14,Fashion,1,1380.79,1380.79
ORD03980,CUST0241,2025-10-14,Books,1,1039.71,1039.71
ORD05366,CUST0301,2025-10-14,Electronics,1,5461.43,5461.43
ORD04387,CUST0125,2025-10-14,Fashion,1,4812.94,4812.94
ORD02216,CUST0018,2025-10-14,Fashion,1,4825.17,4825.17
ORD04556,CUST0142,2025-10-14,Beauty & Personal Care,1,789.54,789.54
ORD03238,CUST0263,2025-10-14,Electronics,1,14774.87,14774.87
ORD01103,CUST0255,2025-10-14,Sports & Fitness,1,3219.46,3219.46
ORD00934,CUST0051,2025-10-14,Sports & Fitness,1,970.74,970.74
ORD01538,CUST0371,2025-10-14,Sports & Fitness,1,3251.07,3251.07
ORD01948,CUST0339,2025-10-14,Electronics,1,32221.11,32221.11
ORD03677,CUST0388,2025-10-14,Home & Kitchen,1,1523.05,1523.05
ORD03895,CUST0194,2025-10-14,Sports & Fitness,1,3708.73,3708.73
ORD02779,CUST0160,2025-10-14,Sports & Fitness,2,7355.87,14711.74
ORD02023,CUST0302,2025-10-14,Electronics,1,34689.17,34689.17
ORD01724,CUST0162,2025-10-14,Fashion,1,1447.78,1447.78
ORD03061,CUST0275,2025-10-14,Sports & Fitness,2,11085.31,22170.62
ORD00795,CUST0375,2025-10-15,Home & Kitchen,1,3374.86,3374.86
ORD05108,CUST0340,2025-10-15,Electronics,1,4071.33,4071.33
ORD01032,CUST0070,2025-10-15,Sports & Fitness,1,8637.64,8637.64
ORD05053,CUST0056,2025-10-15,Fashion,3,1141.59,3424.77
ORD02383,CUST0296,2025-10-15,Sports & Fitness,2,1911.17,3822.34
ORD01935,CUST0193,2025-10-15,Home & Kitchen,1,7256.24,7256.24
ORD02749,CUST0089,2025-10-15,Sports & Fitness,1,8358.97,8358.97
ORD00979,CUST0308,2025-10-15,Electronics,1,7114.6,7114.6
ORD02365,CUST0037,2025-10-15,Fashion,1,3900.88,3900.88
ORD05427,CUST0044,2025-10-15,Books,1,205.46,205.46
ORD02150,CUST0355,2025-10-15,Fashion,1,1140.81,1140.81
ORD04054,CUST0168,2025-10-15,Fashion,1,692.21,692.21
ORD01336,CUST0169,2025-10-15,Sports & Fitness,1,6052.83,6052.83
ORD00335,CUST0109,2025-10-15,Home & Kitchen,1,3548.08,3548.08
ORD03466,CUST0182,2025-10-15,Home & Kitchen,1,1457.4,1457.4
ORD01712,CUST0009,2025-10-15,Sports & Fitness,1,6742.68,6742.68
ORD01678,CUST0225,2025-10-15,Books,1,587.03,587.03
ORD00081,CUST0394,2025-10-15,Sports & Fitness,2,836.34,1672.68
ORD03616,CUST0038,2025-10-15,Electronics,1,8868.86,8868.86
ORD03839,CUST0265,2025-10-15,Books,1,1001.73,1001.73
ORD05432,CUST0364,2025-10-16,Sports & Fitness,1,3151.93,3151.93
ORD01728,CUST0311,2025-10-16,Electronics,1,11116.93,11116.93
ORD02920,CUST0265,2025-10-16,Books,3,740.84,2222.52
ORD00108,CUST0148,2025-10-16,Electronics,1,23201.63,23201.63
ORD03411,CUST0080,2025-10-16,Beauty & Personal Care,2,1446.8,2893.6
ORD03018,CUST0224,2025-10-16,Sports & Fitness,1,2499.76,2499.76
ORD00102,CUST0382,2025-10-16,Fashion,1,405.67,405.67
ORD01772,CUST0028,2025-10-16,Sports & Fitness,1,10075.86,10075.86
ORD03051,CUST0142,2025-10-16,Books,1,1194.23,1194.23
ORD03067,CUST0388,2025-10-16,Sports & Fitness,1,8078.89,8078.89
ORD02429,CUST0145,2025-10-16,Electronics,1,9010.6,9010.6
ORD00529,CUST0247,2025-10-16,Home & Kitchen,1,4068.2,4068.2
ORD01989,CUST0127,2025-10-16,Sports & Fitness,1,6035.9,6035.9
ORD04397,CUST0234,2025-10-16,Fashion,1,2734.7,2734.7
ORD03723,CUST0078,2025-10-16,Fashion,1,3413.84,3413.84
ORD03873,CUST0388,2025-10-16,Books,1,1197.5,1197.5
ORD00900,CUST0271,2025-10-17,Beauty & Personal Care,1,363.7,363.7
ORD01647,CUST0243,2025-10-17,Electronics,1,27000.06,27000.06
ORD02707,CUST0146,2025-10-17,Electronics,1,2472.09,2472.09
ORD02878,CUST0216,2025-10-17,Electronics,1,5750.13,5750.13
ORD02369,CUST0248,2025-10-17,Sports & Fitness,1,3674.86,3674.86
ORD03493,CUST0268,2025-10-17,Electronics,1,37840.68,37840.68
ORD00322,CUST0232,2025-10-17,Electronics,1,16325.48,16325.48
ORD00352,CUST0126,2025-10-17,Electronics,1,2606.98,2606.98
ORD05573,CUST0263,2025-10-17,Fashion,2,1108.41,2216.82
ORD00487,CUST0391,2025-10-17,Home & Kitchen,1,7861.78,7861.78
ORD04241,CUST0254,2025-10-17,Books,2,540.47,1080.94
ORD00068,CUST0241,2025-10-17,Electronics,1,24044.33,24044.33
ORD04552,CUST0171,2025-10-17,Beauty & Personal Care,1,402.68,402.68
ORD02548,CUST0242,2025-10-18,Sports & Fitness,1,6572.67,6572.67
ORD05204,CUST0349,2025-10-18,Books,1,218.95,218.95
ORD03503,CUST0157,2025-10-18,Beauty & Personal Care,1,2529.34,2529.34
ORD00844,CUST0116,2025-10-18,Sports & Fitness,1,8657.97,8657.97
ORD01599,CUST0336,2025-10-18,Fashion,2,2312.56,4625.12
ORD00611,CUST0345,2025-10-18,Fashion,1,1909.87,1909.87
ORD02089,CUST0226,2025-10-18,Electronics,1,32353.33,32353.33
ORD02446,CUST0358,2025-10-18,Fashion,1,1517.28,1517.28
ORD05203,CUST0233,2025-10-18,Sports & Fitness,1,9442.58,9442.58
ORD01996,CUST0274,2025-10-18,Home & Kitchen,1,5821.27,5821.27
ORD01297,CUST0385,2025-10-18,Fashion,1,1461.38,1461.38
ORD05213,CUST0128,2025-10-18,Home & Kitchen,1,7172.14,7172.14
ORD05446,CUST0218,2025-10-18,Fashion,1,3769.27,3769.27
ORD01137,CUST0261,2025-10-18,Electronics,1,43361.71,43361.71
ORD03083,CUST0041,2025-10-18,Sports & Fitness,1,8893.55,8893.55
ORD01530,CUST0101,2025-10-18,Beauty & Personal Care,1,958.36,958.36
ORD01319,CUST0054,2025-10-18,Fashion,1,1002.05,1002.05
ORD02968,CUST0340,2025-10-18,Fashion,1,3730.85,3730.85
ORD00553,CUST0357,2025-10-18,Electronics,1,34843.4,34843.4
ORD00546,CUST0239,2025-10-18,Electronics,1,3326.37,3326.37
ORD04956,CUST0247,2025-10-18,Electronics,1,24690.78,24690.78
ORD00374,CUST0337,2025-10-18,Beauty & Personal Care,1,396.26,396.26
ORD01738,CUST0033,2025-10-18,Fashion,2,4489.95,8979.9
ORD01309,CUST0204,2025-10-18,Fashion,1,4110.75,4110.75
ORD05149,CUST0275,2025-10-18,Beauty & Personal Care,1,3074.57,3074.57
ORD01503,CUST0245,2025-10-19,Home & Kitchen,1,4856.92,4856.92
ORD04626,CUST0322,2025-10-19,Fashion,3,3433.42,10300.26
ORD00346,CUST0294,2025-10-19,Electronics,2,21797.44,43594.88
ORD01886,CUST0199,2025-10-19,Electronics,1,44410.48,44410.48
ORD03725,CUST0060,2025-10-19,Electronics,1,13209.61,13209.61
ORD03301,CUST0194,2025-10-19,Fashion,1,2959.31,2959.31
ORD00279,CUST0383,2025-10-19,Electronics,1,12750.01,12750.01
ORD04381,CUST0034,2025-10-19,Fashion,1,1938.67,1938.67
ORD04482,CUST0068,2025-10-19,Sports & Fitness,1,1662.94,1662.94
ORD04809,CUST0032,2025-10-19,Books,1,619.61,619.61
ORD00972,CUST0367,2025-10-19,Books,1,844.41,844.41
ORD05558,CUST0175,2025-10-19,Beauty & Personal Care,1,2349.17,2349.17
ORD00010,CUST0118,2025-10-19,Electronics,1,43306.56,43306.56
ORD02042,CUST0328,2025-10-19,Home & Kitchen,1,4398.29,4398.29
ORD03923,CUST0054,2025-10-19,Fashion,1,4489.57,4489.57
ORD00193,CUST0216,2025-10-19,Electronics,1,37059.06,37059.06
ORD01428,CUST0057,2025-10-19,Electronics,2,41247.15,82494.3
ORD01352,CUST0015,2025-10-19,Fashion,3,2238.71,6716.13
ORD00330,CUST0380,2025-10-19,Electronics,1,11029.49,11029.49
ORD05464,CUST0181,2025-10-20,Fashion,1,2057.91,2057.91
ORD02387,CUST0233,2025-10-20,Electronics,1,8830.65,8830.65
ORD03315,CUST0223,2025-10-20,Beauty & Personal Care,1,2693.86,2693.86
ORD00580,CUST0014,2025-10-20,Books,1,994.63,994.63
ORD01429,CUST0271,2025-10-20,Sports & Fitness,3,858.96,2576.88
ORD03866,CUST0092,2025-10-20,Fashion,2,989.51,1979.02
ORD03624,CUST0265,2025-10-20,Fashion,1,3431.92,3431.92
ORD01862,CUST0334,2025-10-20,Home & Kitchen,1,4318.51,4318.51
ORD05444,CUST0020,2025-10-20,Sports & Fitness,1,2564.27,2564.27
ORD01449,CUST0254,2025-10-20,Books,1,308.07,308.07
ORD00236,CUST0278,2025-10-20,Electronics,2,23504.59,47009.18
ORD04012,CUST0274,2025-10-20,Beauty & Personal Care,1,2320.89,2320.89
ORD03972,CUST0104,2025-10-20,Beauty & Personal Care,2,1332.72,2665.44
ORD01644,CUST0252,2025-10-20,Sports & Fitness,1,1572.93,1572.93
ORD01986,CUST0063,2025-10-21,Sports & Fitness,2,5200.52,10401.04
ORD03636,CUST0387,2025-10-21,Sports & Fitness,1,8225.39,8225.39
ORD00918,CUST0084,2025-10-21,Electronics,1,25664.13,25664.13
ORD01807,CUST0219,2025-10-21,Electronics,1,24708.18,24708.18
ORD00342,CUST0084,2025-10-21,Beauty & Personal Care,2,2221.49,4442.98
ORD01365,CUST0300,2025-10-21,Sports & Fitness,1,7443.74,7443.74
ORD00002,CUST0257,2025-10-21,Sports & Fitness,2,11245.22,22490.44
ORD04774,CUST0269,2025-10-21,Home & Kitchen,1,5825.11,5825.11
ORD04987,CUST0101,2025-10-21,Home & Kitchen,1,3953.79,3953.79
ORD01564,CUST0245,2025-10-21,Home & Kitchen,1,5177.67,5177.67
ORD03369,CUST0217,2025-10-21,Electronics,1,20321.21,20321.21
ORD05116,CUST0068,2025-10-21,Sports & Fitness,2,7920.56,15841.12
ORD02743,CUST0314,2025-10-21,Electronics,1,25393.46,25393.46
ORD02065,CUST0139,2025-10-21,Home & Kitchen,1,1529.15,1529.15
ORD03358,CUST0292,2025-10-21,Electronics,1,18811.28,18811.28
ORD00222,CUST0352,2025-10-21,Electronics,1,5780.21,5780.21
ORD02805,CUST0251,2025-10-21,Fashion,1,2874.05,2874.05
ORD03596,CUST0318,2025-10-21,Home & Kitchen,2,315.45,630.9
ORD04650,CUST0350,2025-10-22,Beauty & Personal Care,1,732.0,732.0
ORD00659,CUST0101,2025-10-22,Electronics,1,24276.01,24276.01
ORD02185,CUST0340,2025-10-22,Home & Kitchen,1,1802.84,1802.84
ORD02532,CUST0115,2025-10-22,Electronics,1,5476.53,5476.53
ORD00393,CUST0366,2025-10-22,Books,1,702.59,702.59
ORD04287,CUST0017,2025-10-22,Sports & Fitness,1,6087.83,6087.83
ORD00598,CUST0296,2025-10-22,Fashion,3,2837.45,8512.35
ORD02815,CUST0100,2025-10-22,Electronics,1,22508.47,22508.47
ORD00748,CUST0317,2025-10-22,Sports & Fitness,1,4695.46,4695.46
ORD02987,CUST0065,2025-10-22,Sports & Fitness,1,1098.6,1098.6
ORD03224,CUST0351,2025-10-22,Fashion,2,2194.18,4388.36
ORD03430,CUST0130,2025-10-22,Beauty & Personal Care,2,1548.4,3096.8
ORD00065,CUST0310,2025-10-22,Electronics,2,18968.74,37937.48
ORD04920,CUST0139,2025-10-22,Home & Kitchen,3,2772.64,8317.92
ORD02873,CUST0214,2025-10-22,Fashion,1,1991.47,1991.47
ORD03831,CUST0066,2025-10-22,Electronics,1,39359.25,39359.25
ORD00163,CUST0136,2025-10-22,Books,1,1126.09,1126.09
ORD04971,CUST0020,2025-10-22,Home & Kitchen,1,7361.66,7361.66
ORD03652,CUST0399,2025-10-22,Home & Kitchen,1,6052.32,6052.32
ORD01754,CUST0117,2025-10-23,Books,1,744.77,744.77
ORD01041,CUST0393,2025-10-23,Sports & Fitness,1,8669.04,8669.04
ORD01382,CUST0335,2025-10-23,Beauty & Personal Care,1,3487.34,3487.34
ORD04908,CUST0208,2025-10-23,Beauty & Personal Care,1,669.11,669.11
ORD03166,CUST0042,2025-10-23,Home & Kitchen,3,7986.12,23958.36
ORD00394,CUST0205,2025-10-23,Sports & Fitness,1,6853.76,6853.76
ORD04076,CUST0054,2025-10-23,Sports & Fitness,1,10340.88,10340.88
ORD04082,CUST0040,2025-10-23,Sports & Fitness,1,1186.99,1186.99
ORD05168,CUST0395,2025-10-23,Electronics,1,18991.03,18991.03
ORD04144,CUST0330,2025-10-23,Sports & Fitness,1,1868.22,1868.22
ORD04161,CUST0053,2025-10-23,Fashion,1,3493.2,3493.2
ORD01517,CUST0330,2025-10-23,Home & Kitchen,1,3666.22,3666.22
ORD03527,CUST0173,2025-10-23,Sports & Fitness,1,3783.74,3783.74
ORD04178,CUST0299,2025-10-23,Home & Kitchen,1,4968.49,4968.49
ORD05242,CUST0350,2025-10-23,Home & Kitchen,1,5771.61,5771.61
ORD01342,CUST0155,2025-10-23,Home & Kitchen,1,1630.23,1630.23
ORD01064,CUST0204,2025-10-23,Sports & Fitness,2,8587.69,17175.38
ORD00149,CUST0192,2025-10-23,Books,1,756.04,756.04
ORD04486,CUST0341,2025-10-23,Fashion,1,2523.41,2523.41
ORD02589,CUST0224,2025-10-23,Electronics,1,5217.81,5217.81
ORD02085,CUST0102,2025-10-23,Beauty & Personal Care,1,3084.54,3084.54
ORD03141,CUST0382,2025-10-24,Books,1,1089.11,1089.11
ORD03931,CUST0334,2025-10-24,Sports & Fitness,1,9114.71,9114.71
ORD00737,CUST0099,2025-10-24,Fashion,2,2846.61,5693.22
ORD03341,CUST0228,2025-10-24,Beauty & Personal Care,1,422.84,422.84
ORD00432,CUST0224,2025-10-24,Fashion,1,1788.82,1788.82
ORD01472,CUST0016,2025-10-24,Beauty & Personal Care,1,2052.88,2052.88
ORD04570,CUST0093,2025-10-24,Electronics,2,44220.93,88441.86
ORD05054,CUST0198,2025-10-24,Electronics,1,2899.26,2899.26
ORD03469,CUST0367,2025-10-24,Sports & Fitness,1,1375.16,1375.16
ORD00020,CUST0092,2025-10-24,Home & Kitchen,2,4684.72,9369.44
ORD04901,CUST0212,2025-10-24,Electronics,1,29761.12,29761.12
ORD01237,CUST0318,2025-10-24,Fashion,1,628.13,628.13
ORD03263,CUST0295,2025-10-24,Books,1,703.34,703.34
ORD04413,CUST0298,2025-10-24,Sports & Fitness,1,7676.5,7676.5
ORD04820,CUST0106,2025-10-24,Fashion,1,1121.53,1121.53
ORD01463,CUST0325,2025-10-25,Sports & Fitness,1,8529.0,8529.0
ORD00992,CUST0184,2025-10-25,Electronics,2,6518.28,13036.56
ORD04882,CUST0185,2025-10-25,Home & Kitchen,1,3123.75,3123.75
ORD03431,CUST0017,2025-10-25,Electronics,1,35642.78,35642.78
ORD02401,CUST0204,2025-10-25,Electronics,1,24059.75,24059.75
ORD03520,CUST0368,2025-10-25,Electronics,1,30509.94,30509.94
ORD01829,CUST0369,2025-10-25,Sports & Fitness,1,10725.0,10725.0
ORD05316,CUST0200,2025-10-25,Fashion,1,4334.99,4334.99
ORD00018,CUST0321,2025-10-25,Electronics,1,32644.79,32644.79
ORD04180,CUST0086,2025-10-25,Home & Kitchen,1,1780.42,1780.42
ORD04110,CUST0038,2025-10-25,Home & Kitchen,1,1776.86,1776.86
ORD02938,CUST0286,2025-10-25,Electronics,2,15210.65,30421.3
ORD01927,CUST0150,2025-10-25,Electronics,1,3733.05,3733.05
ORD02570,CUST0398,2025-10-25,Beauty & Personal Care,1,1187.13,1187.13
ORD03228,CUST0166,2025-10-25,Beauty & Personal Care,1,2590.72,2590.72
ORD02948,CUST0195,2025-10-25,Fashion,1,2800.35,2800.35
ORD04584,CUST0037,2025-10-25,Beauty & Personal Care,1,1493.69,1493.69
ORD02974,CUST0088,2025-10-25,Electronics,3,42610.95,127832.85
ORD03127,CUST0163,2025-10-25,Books,1,716.55,716.55
ORD04653,CUST0061,2025-10-25,Fashion,1,2825.52,2825.52
ORD02568,CUST0130,2025-10-25,Fashion,1,4264.04,4264.04
ORD00853,CUST0022,2025-10-26,Fashion,1,2552.71,2552.71
ORD04900,CUST0245,2025-10-26,Fashion,1,2120.42,2120.42
ORD01778,CUST0361,2025-10-26,Fashion,1,444.62,444.62
ORD04950,CUST0202,2025-10-26,Electronics,3,29833.29,89499.87
ORD00863,CUST0113,2025-10-26,Books,1,235.22,235.22
ORD00655,CUST0059,2025-10-26,Electronics,1,26950.91,26950.91
ORD05362,CUST0105,2025-10-26,Sports & Fitness,1,5765.87,5765.87
ORD01021,CUST0334,2025-10-26,Fashion,2,3977.55,7955.1
ORD05253,CUST0175,2025-10-26,Fashion,1,1444.93,1444.93
ORD01637,CUST0108,2025-10-26,Fashion,2,2589.7,5179.4
ORD04558,CUST0334,2025-10-26,Electronics,2,44302.85,88605.7
ORD03279,CUST0275,2025-10-27,Fashion,1,3242.68,3242.68
ORD01805,CUST0187,2025-10-27,Books,1,1110.18,1110.18
ORD00947,CUST0339,2025-10-27,Fashion,1,1157.16,1157.16
ORD04638,CUST0250,2025-10-27,Electronics,1,20337.87,20337.87
ORD05565,CUST0187,2025-10-27,Sports & Fitness,1,7061.79,7061.79
ORD04915,CUST0367,2025-10-27,Fashion,1,1428.98,1428.98
ORD01897,CUST0342,2025-10-27,Books,1,1199.47,1199.47
ORD01282,CUST0372,2025-10-27,Sports & Fitness,2,1520.89,3041.78
ORD04018,CUST0225,2025-10-27,Electronics,1,18182.91,18182.91
ORD03814,CUST0150,2025-10-27,Sports & Fitness,1,3123.92,3123.92
ORD00990,CUST0387,2025-10-27,Home & Kitchen,3,3418.26,10254.78
ORD01451,CUST0257,2025-10-27,Fashion,1,2351.25,2351.25
ORD01808,CUST0112,2025-10-27,Fashion,1,4116.64,4116.64
ORD03249,CUST0049,2025-10-27,Home & Kitchen,2,3016.32,6032.64
ORD04386,CUST0056,2025-10-27,Fashion,1,4669.44,4669.44
ORD01360,CUST0057,2025-10-27,Electronics,1,37659.19,37659.19
ORD01979,CUST0027,2025-10-27,Electronics,1,37529.9,37529.9
ORD02000,CUST0056,2025-10-27,Electronics,1,8830.39,8830.39
ORD04528,CUST0343,2025-10-27,Beauty & Personal Care,1,560.07,560.07
ORD05381,CUST0192,2025-10-28,Books,1,945.89,945.89
ORD05199,CUST0219,2025-10-28,Electronics,3,18145.86,54437.58
ORD05244,CUST0239,2025-10-28,Electronics,1,37706.75,37706.75
ORD00181,CUST0258,2025-10-28,Home & Kitchen,3,5455.05,16365.15
ORD01098,CUST0383,2025-10-28,Electronics,3,28084.66,84253.98
ORD01440,CUST0322,2025-10-28,Home & Kitchen,1,2376.18,2376.18
ORD00809,CUST0038,2025-10-28,Electronics,1,23086.41,23086.41
ORD04766,CUST0275,2025-10-28,Fashion,1,1340.9,1340.9
ORD04687,CUST0052,2025-10-28,Books,1,974.53,974.53
ORD00639,CUST0083,2025-10-28,Books,1,891.56,891.56
ORD03522,CUST0103,2025-10-28,Home & Kitchen,2,5447.34,10894.68
ORD00622,CUST0328,2025-10-28,Home & Kitchen,2,7603.47,15206.94
ORD00666,CUST0005,2025-10-28,Books,1,708.15,708.15
ORD00882,CUST0279,2025-10-28,Electronics,1,17915.3,17915.3
ORD03366,CUST0158,2025-10-28,Electronics,2,7289.92,14579.84
ORD02285,CUST0108,2025-10-28,Home & Kitchen,1,5228.7,5228.7
ORD03962,CUST0151,2025-10-28,Sports & Fitness,3,6191.72,18575.16
ORD02172,CUST0368,2025-10-29,Home & Kitchen,2,1401.57,2803.14
ORD04643,CUST0271,2025-10-29,Beauty & Personal Care,1,3310.55,3310.55
ORD00395,CUST0290,2025-10-29,Sports & Fitness,1,3621.21,3621.21
ORD04164,CUST0323,2025-10-29,Home & Kitchen,1,5113.73,5113.73
ORD04336,CUST0237,2025-10-29,Home & Kitchen,1,1879.53,1879.53
ORD00586,CUST0222,2025-10-29,Books,2,1030.06,2060.12
ORD04548,CUST0357,2025-10-29,Beauty & Personal Care,1,3062.04,3062.04
ORD02666,CUST0220,2025-10-29,Books,1,218.17,218.17
ORD05113,CUST0136,2025-10-29,Electronics,2,31805.01,63610.02
ORD03819,CUST0379,2025-10-29,Electronics,1,4424.45,4424.45
ORD03836,CUST0084,2025-10-29,Beauty & Personal Care,1,961.14,961.14
ORD00583,CUST0339,2025-10-29,Books,1,831.07,831.07
ORD00861,CUST0228,2025-10-29,Books,1,904.65,904.65
ORD00140,CUST0276,2025-10-29,Home & Kitchen,1,4205.71,4205.71
ORD00427,CUST0025,2025-10-29,Sports & Fitness,2,7626.95,15253.9
ORD03471,CUST0101,2025-10-29,Beauty & Personal Care,1,3325.48,3325.48
ORD01456,CUST0285,2025-10-29,Electronics,1,40508.47,40508.47
ORD04946,CUST0138,2025-10-29,Fashion,1,731.12,731.12
ORD02132,CUST0373,2025-10-30,Sports & Fitness,2,8770.93,17541.86
ORD00600,CUST0013,2025-10-30,Sports & Fitness,1,4704.35,4704.35
ORD03420,CUST0077,2025-10-30,Home & Kitchen,1,6984.36,6984.36
ORD04359,CUST0187,2025-10-30,Sports & Fitness,1,6887.9,6887.9
ORD04262,CUST0245,2025-10-30,Beauty & Personal Care,1,1045.23,1045.23
ORD04428,CUST0173,2025-10-30,Fashion,3,2396.45,7189.35
ORD04911,CUST0147,2025-10-30,Fashion,2,2524.9,5049.8
ORD02138,CUST0112,2025-10-30,Sports & Fitness,1,11460.78,11460.78
ORD01834,CUST0021,2025-10-30,Fashion,1,3141.36,3141.36
ORD03772,CUST0221,2025-10-30,Electronics,2,22503.32,45006.64
ORD04632,CUST0163,2025-10-30,Sports & Fitness,1,6159.58,6159.58
ORD03433,CUST0364,2025-10-30,Sports & Fitness,1,7263.27,7263.27
ORD01930,CUST0040,2025-10-30,Electronics,1,19185.7,19185.7
ORD04419,CUST0360,2025-10-30,Home & Kitchen,1,5125.82,5125.82
ORD01548,CUST0368,2025-10-30,Home & Kitchen,1,4116.54,4116.54
ORD00251,CUST0152,2025-10-30,Home & Kitchen,1,5200.98,5200.98
ORD03003,CUST0306,2025-10-30,Sports & Fitness,1,4990.93,4990.93
ORD03664,CUST0281,2025-10-30,Fashion,2,4568.82,9137.64
ORD01689,CUST0155,2025-10-31,Electronics,2,21886.35,43772.7
ORD00327,CUST0380,2025-10-31,Fashion,1,609.98,609.98
ORD00877,CUST0100,2025-10-31,Fashion,1,1376.51,1376.51
ORD05325,CUST0187,2025-10-31,Beauty & Personal Care,2,351.71,703.42
ORD00654,CUST0037,2025-10-31,Sports & Fitness,1,1635.48,1635.48
ORD01468,CUST0189,2025-10-31,Sports & Fitness,1,1757.59,1757.59
ORD01803,CUST0020,2025-10-31,Books,1,1044.76,1044.76
ORD05437,CUST0189,2025-10-31,Beauty & Personal Care,1,1648.76,1648.76
ORD03959,CUST0191,2025-10-31,Electronics,2,6560.8,13121.6
ORD00523,CUST0311,2025-10-31,Home & Kitchen,1,6679.88,6679.88
ORD04103,CUST0012,2025-10-31,Sports & Fitness,1,7992.01,7992.01
ORD00069,CUST0145,2025-10-31,Home & Kitchen,1,4267.41,4267.41
ORD02649,CUST0040,2025-10-31,Beauty & Personal Care,1,1916.3,1916.3
ORD02691,CUST0026,2025-10-31,Fashion,1,4994.69,4994.69
ORD03331,CUST0085,2025-10-31,Fashion,3,1924.41,5773.23
ORD04759,CUST0067,2025-10-31,Beauty & Personal Care,2,3323.64,6647.28
ORD03562,CUST0048,2025-10-31,Home & Kitchen,2,5487.2,10974.4
ORD00433,CUST0062,2025-10-31,Beauty & Personal Care,1,3375.62,3375.62
ORD01643,CUST0020,2025-10-31,Electronics,1,4741.21,4741.21
ORD03317,CUST0179,2025-10-31,Fashion,1,3250.1,3250.1
ORD04620,CUST0201,2025-10-31,Books,1,955.36,955.36
ORD03737,CUST0007,2025-10-31,Books,1,578.05,578.05
ORD05554,CUST0111,2025-10-31,Fashion,1,4610.79,4610.79
ORD00063,CUST0319,2025-10-31,Home & Kitchen,3,4831.87,14495.61
ORD01696,CUST0008,2025-11-01,Books,1,263.18,263.18
ORD02245,CUST0178,2025-11-01,Home & Kitchen,1,4247.7,4247.7
ORD06682,CUST0311,2025-11-01,Beauty & Personal Care,2,1717.32,3434.64
ORD03906,CUST0167,2025-11-01,Electronics,1,19099.74,19099.74
ORD05854,CUST0212,2025-11-01,Electronics,1,4894.35,4894.35
ORD06346,CUST0017,2025-11-01,Fashion,1,2566.99,2566.99
ORD06691,CUST0260,2025-11-01,Home & Kitchen,1,6815.62,6815.62
ORD00490,CUST0318,2025-11-01,Electronics,1,43724.43,43724.43
ORD01223,CUST0052,2025-11-01,Home & Kitchen,1,4650.14,4650.14
ORD03401,CUST0371,2025-11-01,Home & Kitchen,1,616.46,616.46
ORD01095,CUST0163,2025-11-01,Fashion,2,3661.24,7322.48
ORD06265,CUST0355,2025-11-01,Fashion,1,1269.82,1269.82
ORD06188,CUST0178,2025-11-01,Home & Kitchen,2,2541.77,5083.54
ORD03164,CUST0340,2025-11-01,Beauty & Personal Care,3,1734.04,5202.12
ORD06135,CUST0329,2025-11-01,Fashion,1,3425.51,3425.51
ORD06176,CUST0145,2025-11-01,Books,1,1100.49,1100.49
ORD00552,CUST0207,2025-11-01,Home & Kitchen,1,5166.31,5166.31
ORD06152,CUST0167,2025-11-01,Beauty & Personal Care,1,3196.42,3196.42
ORD05971,CUST0394,2025-11-01,Beauty & Personal Care,2,2067.83,4135.66
ORD05758,CUST0286,2025-11-01,Electronics,1,9579.3,9579.3
ORD06189,CUST0350,2025-11-01,Fashion,1,2230.13,2230.13
ORD06191,CUST0262,2025-11-01,Sports & Fitness,3,5050.57,15151.71
ORD06094,CUST0099,2025-11-01,Electronics,3,20034.44,60103.32
ORD06394,CUST0098,2025-11-01,Sports & Fitness,2,9781.45,19562.9
ORD06031,CUST0011,2025-11-01,Home & Kitchen,1,7584.72,7584.72
ORD06512,CUST0340,2025-11-01,Electronics,1,5792.24,5792.24
ORD06035,CUST0388,2025-11-01,Electronics,1,4006.32,4006.32
ORD05759,CUST0370,2025-11-01,Home & Kitchen,1,841.13,841.13
ORD05830,CUST0289,2025-11-01,Electronics,1,4060.94,4060.94
ORD06281,CUST0372,2025-11-02,Fashion,1,1854.09,1854.09
ORD06054,CUST0329,2025-11-02,Fashion,1,3657.36,3657.36
ORD06038,CUST0353,2025-11-02,Electronics,1,13928.35,13928.35
ORD05829,CUST0053,2025-11-02,Books,2,322.92,645.84
ORD05625,CUST0168,2025-11-02,Fashion,1,1123.26,1123.26
ORD06541,CUST0315,2025-11-02,Books,1,631.97,631.97
ORD05629,CUST0187,2025-11-02,Electronics,1,7144.7,7144.7
ORD05954,CUST0088,2025-11-02,Beauty & Personal Care,1,3390.65,3390.65
ORD05778,CUST0145,2025-11-02,Electronics,1,21280.0,21280.0
ORD05940,CUST0211,2025-11-02,Electronics,1,13260.61,13260.61
ORD05714,CUST0217,2025-11-02,Home & Kitchen,1,1824.61,1824.61
ORD05722,CUST0272,2025-11-02,Books,1,401.44,401.44
ORD00006,CUST0347,2025-11-02,Sports & Fitness,1,11114.04,11114.04
ORD05723,CUST0035,2025-11-02,Home & Kitchen,1,6297.25,6297.25
ORD06018,CUST0264,2025-11-02,Sports & Fitness,3,1986.61,5959.83
ORD04564,CUST0141,2025-11-02,Home & Kitchen,1,7160.06,7160.06
ORD05367,CUST0100,2025-11-02,Electronics,1,24879.61,24879.61
ORD00150,CUST0077,2025-11-02,Fashion,1,4405.47,4405.47
ORD06110,CUST0377,2025-11-02,Books,3,479.9,1439.7
ORD06192,CUST0096,2025-11-02,Beauty & Personal Care,1,3091.47,3091.47
ORD06115,CUST0154,2025-11-02,Fashion,1,1214.75,1214.75
ORD02134,CUST0009,2025-11-02,Sports & Fitness,1,4296.29,4296.29
ORD04227,CUST0029,2025-11-02,Electronics,1,13883.83,13883.83
ORD02787,CUST0229,2025-11-02,Home & Kitchen,2,3669.5,7339.0
ORD06177,CUST0214,2025-11-02,Fashion,1,4878.79,4878.79
ORD00843,CUST0389,2025-11-02,Fashion,1,3179.84,3179.84
ORD02788,CUST0134,2025-11-02,Sports & Fitness,1,888.94,888.94
ORD05486,CUST0387,2025-11-02,Electronics,1,40690.65,40690.65
ORD05956,CUST0119,2025-11-02,Electronics,1,10025.32,10025.32
ORD02373,CUST0150,2025-11-02,Fashion,3,2830.42,8491.26
ORD06250,CUST0020,2025-11-02,Home & Kitchen,2,2817.34,5634.68
ORD02266,CUST0031,2025-11-02,Electronics,1,3502.96,3502.96
ORD05047,CUST0351,2025-11-02,Home & Kitchen,1,6991.88,6991.88
ORD00996,CUST0246,2025-11-02,Sports & Fitness,2,2951.13,5902.26
ORD06144,CUST0043,2025-11-02,Electronics,1,2475.66,2475.66
ORD05902,CUST0179,2025-11-03,Home & Kitchen,1,5726.78,5726.78
ORD05693,CUST0368,2025-11-03,Fashion,1,4031.99,4031.99
ORD06276,CUST0230,2025-11-03,Fashion,1,3845.58,3845.58
ORD06223,CUST0331,2025-11-03,Electronics,1,5038.83,5038.83
ORD04420,CUST0227,2025-11-03,Home & Kitchen,1,5791.4,5791.4
ORD06326,CUST0154,2025-11-03,Electronics,2,42011.34,84022.68
ORD05136,CUST0216,2025-11-03,Electronics,1,28431.49,28431.49
ORD05913,CUST0230,2025-11-03,Beauty & Personal Care,1,2921.7,2921.7
ORD06571,CUST0360,2025-11-03,Electronics,2,23345.57,46691.14
ORD00940,CUST0229,2025-11-03,Beauty & Personal Care,1,1027.94,1027.94
ORD05134,CUST0249,2025-11-03,Fashion,1,685.9,685.9
ORD05835,CUST0104,2025-11-03,Sports & Fitness,2,4846.24,9692.48
ORD02160,CUST0016,2025-11-03,Fashion,1,3239.54,3239.54
ORD06621,CUST0160,2025-11-03,Beauty & Personal Care,1,2432.69,2432.69
ORD06168,CUST0249,2025-11-03,Beauty & Personal Care,1,525.63,525.63
ORD06027,CUST0052,2025-11-03,Beauty & Personal Care,1,621.55,621.55
ORD05890,CUST0333,2025-11-03,Books,2,691.29,1382.58
ORD05761,CUST0339,2025-11-03,Books,2,738.57,1477.14
ORD05842,CUST0090,2025-11-03,Electronics,1,16129.13,16129.13
ORD04059,CUST0279,2025-11-03,Beauty & Personal Care,1,2956.24,2956.24
ORD06225,CUST0376,2025-11-03,Home & Kitchen,2,4621.47,9242.94
ORD06563,CUST0105,2025-11-03,Electronics,2,6186.79,12373.58
ORD03137,CUST0035,2025-11-03,Electronics,1,44713.77,44713.77
ORD01097,CUST0069,2025-11-03,Sports & Fitness,1,3302.64,3302.64
ORD00105,CUST0366,2025-11-03,Electronics,1,4651.44,4651.44
ORD03062,CUST0399,2025-11-03,Home & Kitchen,1,1828.85,1828.85
ORD05657,CUST0072,2025-11-03,Fashion,3,4732.97,14198.91
ORD06504,CUST0373,2025-11-03,Sports & Fitness,1,2511.74,2511.74
ORD05662,CUST0020,2025-11-03,Fashion,2,1177.37,2354.74
ORD05805,CUST0247,2025-11-04,Sports & Fitness,2,1904.72,3809.44
ORD06064,CUST0298,2025-11-04,Books,1,525.85,525.85
ORD06324,CUST0264,2025-11-04,Electronics,1,19964.69,19964.69
ORD05878,CUST0279,2025-11-04,Fashion,1,3577.07,3577.07
ORD06004,CUST0068,2025-11-04,Sports & Fitness,2,1774.33,3548.66
ORD06470,CUST0298,2025-11-04,Beauty & Personal Care,2,2840.13,5680.26
ORD01662,CUST0242,2025-11-04,Books,1,788.1,788.1
ORD05857,CUST0008,2025-11-04,Sports & Fitness,2,11675.72,23351.44
ORD05443,CUST0357,2025-11-04,Fashion,2,4057.24,8114.48
ORD06576,CUST0318,2025-11-04,Fashion,2,4837.96,9675.92
ORD05838,CUST0273,2025-11-04,Sports & Fitness,3,10122.81,30368.43
ORD06001,CUST0342,2025-11-04,Fashion,1,3898.44,3898.44
ORD06680,CUST0261,2025-11-04,Home & Kitchen,2,1656.02,3312.04
ORD03237,CUST0391,2025-11-04,Fashion,1,1758.05,1758.05
ORD06263,CUST0285,2025-11-04,Home & Kitchen,1,3875.34,3875.34
ORD05694,CUST0295,2025-11-04,Electronics,1,17091.2,17091.2
ORD05700,CUST0222,2025-11-04,Electronics,1,36570.89,36570.89
ORD04865,CUST0186,2025-11-04,Electronics,1,9596.66,9596.66
ORD06586,CUST0103,2025-11-04,Fashion,1,2028.23,2028.23
ORD06642,CUST0095,2025-11-04,Beauty & Personal Care,1,1772.3,1772.3
ORD01713,CUST0266,2025-11-04,Fashion,2,3685.1,7370.2
ORD06032,CUST0330,2025-11-04,Sports & Fitness,2,3484.11,6968.22
ORD06506,CUST0047,2025-11-04,Fashion,1,3875.16,3875.16
ORD06212,CUST0096,2025-11-04,Fashion,2,647.49,1294.98
ORD04173,CUST0127,2025-11-05,Fashion,1,4769.83,4769.83
ORD05833,CUST0262,2025-11-05,Fashion,2,4516.66,9033.32
ORD06242,CUST0300,2025-11-05,Home & Kitchen,1,1395.38,1395.38
ORD06370,CUST0062,2025-11-05,Sports & Fitness,1,11104.79,11104.79
ORD06495,CUST0385,2025-11-05,Home & Kitchen,1,5838.15,5838.15
ORD02411,CUST0051,2025-11-05,Books,1,267.39,267.39
ORD05853,CUST0271,2025-11-05,Fashion,2,1177.31,2354.62
ORD05916,CUST0320,2025-11-05,Beauty & Personal Care,2,2143.64,4287.28
ORD05983,CUST0004,2025-11-05,Sports & Fitness,1,3753.02,3753.02
ORD06494,CUST0133,2025-11-05,Fashion,3,4383.35,13150.05
ORD06086,CUST0138,2025-11-05,Electronics,2,20033.63,40067.26
ORD01883,CUST0168,2025-11-05,Sports & Fitness,1,7185.72,7185.72
ORD06458,CUST0236,2025-11-05,Beauty & Personal Care,1,2021.67,2021.67
ORD00793,CUST0114,2025-11-05,Electronics,1,15941.41,15941.41
ORD01356,CUST0313,2025-11-05,Sports & Fitness,1,4555.95,4555.95
ORD05816,CUST0301,2025-11-05,Sports & Fitness,1,1504.87,1504.87
ORD06060,CUST0318,2025-11-05,Sports & Fitness,1,3171.37,3171.37
ORD03192,CUST0152,2025-11-05,Electronics,1,30630.26,30630.26
ORD05636,CUST0180,2025-11-05,Fashion,2,3679.55,7359.1
ORD06323,CUST0055,2025-11-05,Electronics,1,25037.85,25037.85
ORD06190,CUST0208,2025-11-05,Electronics,1,13166.9,13166.9
ORD03262,CUST0393,2025-11-05,Fashion,1,4704.09,4704.09
ORD05699,CUST0238,2025-11-05,Fashion,1,3074.47,3074.47
ORD06335,CUST0203,2025-11-05,Fashion,1,2514.66,2514.66
ORD02036,CUST0006,2025-11-05,Sports & Fitness,1,11889.31,11889.31
ORD05704,CUST0076,2025-11-05,Home & Kitchen,1,4624.33,4624.33
ORD05639,CUST0321,2025-11-05,Fashion,1,4380.47,4380.47
ORD06097,CUST0266,2025-11-06,Fashion,1,3199.52,3199.52
ORD05919,CUST0029,2025-11-06,Home & Kitchen,2,2054.0,4108.0
ORD05931,CUST0303,2025-11-06,Books,1,883.66,883.66
ORD03965,CUST0300,2025-11-06,Fashion,1,4640.44,4640.44
ORD03226,CUST0049,2025-11-06,Books,1,1036.55,1036.55
ORD06224,CUST0120,2025-11-06,Electronics,2,33285.46,66570.92
ORD06456,CUST0248,2025-11-06,Fashion,1,2055.64,2055.64
ORD03210,CUST0272,2025-11-06,Electronics,1,39236.83,39236.83
ORD02296,CUST0205,2025-11-06,Fashion,1,1979.43,1979.43
ORD04794,CUST0125,2025-11-06,Sports & Fitness,1,9579.99,9579.99
ORD06673,CUST0022,2025-11-06,Electronics,3,11128.06,33384.18
ORD05826,CUST0254,2025-11-06,Electronics,1,17423.05,17423.05
ORD06379,CUST0022,2025-11-06,Fashion,2,1067.9,2135.8
ORD06406,CUST0091,2025-11-06,Fashion,2,3060.23,6120.46
ORD05631,CUST0035,2025-11-06,Home & Kitchen,1,5754.48,5754.48
ORD06653,CUST0002,2025-11-06,Fashion,1,4694.53,4694.53
ORD06296,CUST0172,2025-11-06,Electronics,1,4070.66,4070.66
ORD03907,CUST0304,2025-11-06,Fashion,1,2830.64,2830.64
ORD01500,CUST0054,2025-11-06,Beauty & Personal Care,1,3242.76,3242.76
ORD02471,CUST0039,2025-11-06,Electronics,1,10060.37,10060.37
ORD05112,CUST0249,2025-11-06,Fashion,1,774.63,774.63
ORD06575,CUST0134,2025-11-06,Electronics,1,44923.1,44923.1
ORD05876,CUST0334,2025-11-06,Books,2,396.97,793.94
ORD06071,CUST0203,2025-11-06,Fashion,1,2063.47,2063.47
ORD06605,CUST0097,2025-11-06,Electronics,2,21888.81,43777.62
ORD05987,CUST0045,2025-11-06,Beauty & Personal Care,1,3109.79,3109.79
ORD06398,CUST0022,2025-11-06,Sports & Fitness,1,8386.88,8386.88
ORD01400,CUST0323,2025-11-07,Sports & Fitness,1,9369.09,9369.09
ORD01376,CUST0063,2025-11-07,Home & Kitchen,1,6503.18,6503.18
ORD05997,CUST0006,2025-11-07,Electronics,1,34201.76,34201.76
ORD05985,CUST0189,2025-11-07,Home & Kitchen,1,3956.88,3956.88
ORD06308,CUST0297,2025-11-07,Beauty & Personal Care,1,1777.94,1777.94
ORD05934,CUST0378,2025-11-07,Sports & Fitness,1,10280.64,10280.64
ORD06377,CUST0090,2025-11-07,Electronics,1,40605.98,40605.98
ORD00867,CUST0334,2025-11-07,Sports & Fitness,1,1619.72,1619.72
ORD06214,CUST0070,2025-11-07,Fashion,3,3224.3,9672.9
ORD02702,CUST0317,2025-11-07,Sports & Fitness,1,9311.56,9311.56
ORD00437,CUST0332,2025-11-07,Beauty & Personal Care,3,2548.69,7646.07
ORD00910,CUST0140,2025-11-07,Beauty & Personal Care,1,1609.45,1609.45
ORD06163,CUST0183,2025-11-07,Electronics,1,25812.58,25812.58
ORD00280,CUST0214,2025-11-07,Fashion,2,1342.45,2684.9
ORD06459,CUST0383,2025-11-07,Books,1,170.43,170.43
ORD06122,CUST0247,2025-11-07,Home & Kitchen,1,612.66,612.66
ORD04077,CUST0015,2025-11-07,Beauty & Personal Care,1,483.11,483.11
ORD06583,CUST0291,2025-11-07,Electronics,1,3700.17,3700.17
ORD06114,CUST0389,2025-11-07,Fashion,2,3982.39,7964.78
ORD05635,CUST0317,2025-11-07,Fashion,1,4368.99,4368.99
ORD05689,CUST0291,2025-11-07,Electronics,1,42929.03,42929.03
ORD05731,CUST0212,2025-11-07,Books,2,619.92,1239.84
ORD03878,CUST0284,2025-11-07,Home & Kitchen,1,5823.2,5823.2
ORD03370,CUST0073,2025-11-07,Fashion,1,2185.63,2185.63
ORD05803,CUST0353,2025-11-07,Home & Kitchen,1,3398.6,3398.6
ORD05809,CUST0397,2025-11-07,Electronics,2,10823.96,21647.92
ORD05871,CUST0159,2025-11-07,Electronics,1,8719.02,8719.02
ORD05928,CUST0329,2025-11-07,Home & Kitchen,1,4182.83,4182.83
ORD05582,CUST0238,2025-11-07,Home & Kitchen,1,4276.36,4276.36
ORD06357,CUST0310,2025-11-07,Fashion,1,993.24,993.24
ORD03105,CUST0343,2025-11-08,Home & Kitchen,1,4699.41,4699.41
ORD03073,CUST0333,2025-11-08,Beauty & Personal Care,1,664.0,664.0
ORD03558,CUST0109,2025-11-08,Electronics,1,32763.62,32763.62
ORD03395,CUST0331,2025-11-08,Books,3,993.89,2981.67
ORD06258,CUST0231,2025-11-08,Books,1,768.6,768.6
ORD02289,CUST0016,2025-11-08,Sports & Fitness,1,3125.8,3125.8
ORD05968,CUST0077,2025-11-08,Home & Kitchen,3,6543.1,19629.3
ORD02178,CUST0347,2025-11-08,Home & Kitchen,1,5904.32,5904.32
ORD05753,CUST0017,2025-11-08,Electronics,1,40931.23,40931.23
ORD06527,CUST0272,2025-11-08,Fashion,1,1515.72,1515.72
ORD05858,CUST0185,2025-11-08,Electronics,1,43915.13,43915.13
ORD06539,CUST0094,2025-11-08,Home & Kitchen,1,3090.23,3090.23
ORD06249,CUST0319,2025-11-08,Home & Kitchen,1,6583.7,6583.7
ORD06434,CUST0354,2025-11-08,Beauty & Personal Care,1,934.0,934.0
ORD06692,CUST0158,2025-11-08,Electronics,1,35230.65,35230.65
ORD06606,CUST0296,2025-11-08,Fashion,2,4201.43,8402.86
ORD06632,CUST0226,2025-11-08,Sports & Fitness,1,11516.83,11516.83
ORD01093,CUST0030,2025-11-08,Beauty & Personal Care,1,740.31,740.31
ORD05887,CUST0264,2025-11-09,Sports & Fitness,1,11550.06,11550.06
ORD00936,CUST0220,2025-11-09,Home & Kitchen,1,4022.94,4022.94
ORD05920,CUST0394,2025-11-09,Books,2,181.5,363.0
ORD05962,CUST0368,2025-11-09,Sports & Fitness,1,4875.01,4875.01
ORD05211,CUST0273,2025-11-09,Home & Kitchen,1,2602.39,2602.39
ORD05836,CUST0109,2025-11-09,Fashion,1,4317.4,4317.4
ORD06047,CUST0165,2025-11-09,Home & Kitchen,2,5662.6,11325.2
ORD05806,CUST0243,2025-11-09,Fashion,1,2395.39,2395.39
ORD00768,CUST0254,2025-11-09,Sports & Fitness,1,5899.46,5899.46
ORD05728,CUST0302,2025-11-09,Fashion,1,4090.9,4090.9
ORD05953,CUST0062,2025-11-09,Electronics,1,6304.43,6304.43
ORD06002,CUST0292,2025-11-09,Home & Kitchen,3,973.65,2920.95
ORD05908,CUST0162,2025-11-09,Electronics,1,32218.28,32218.28
ORD00567,CUST0302,2025-11-09,Beauty & Personal Care,1,2920.28,2920.28
ORD05421,CUST0040,2025-11-09,Fashion,1,3406.7,3406.7
ORD05766,CUST0071,2025-11-09,Sports & Fitness,2,8761.79,17523.58
ORD05697,CUST0043,2025-11-09,Sports & Fitness,3,10043.15,30129.45
ORD06119,CUST0006,2025-11-09,Home & Kitchen,1,5046.38,5046.38
ORD03995,CUST0292,2025-11-09,Books,1,691.24,691.24
ORD05852,CUST0255,2025-11-09,Beauty & Personal Care,3,3257.13,9771.39
ORD01632,CUST0059,2025-11-10,Fashion,1,845.82,845.82
ORD06587,CUST0285,2025-11-10,Fashion,2,1171.67,2343.34
ORD02629,CUST0246,2025-11-10,Fashion,1,4174.58,4174.58
ORD03642,CUST0392,2025-11-10,Home & Kitchen,3,6941.82,20825.46
ORD06275,CUST0100,2025-11-10,Electronics,1,5469.29,5469.29
ORD05912,CUST0152,2025-11-10,Sports & Fitness,2,2470.13,4940.26
ORD03446,CUST0014,2025-11-10,Beauty & Personal Care,1,1923.36,1923.36
ORD04040,CUST0165,2025-11-10,Beauty & Personal Care,1,306.39,306.39
ORD05994,CUST0334,2025-11-10,Fashion,1,4971.16,4971.16
ORD06278,CUST0206,2025-11-10,Fashion,1,1130.25,1130.25
ORD06618,CUST0158,2025-11-10,Home & Kitchen,2,1584.27,3168.54
ORD00889,CUST0097,2025-11-10,Books,1,729.53,729.53
ORD01887,CUST0213,2025-11-10,Beauty & Personal Care,1,1077.71,1077.71
ORD01531,CUST0228,2025-11-10,Fashion,1,4690.15,4690.15
ORD00866,CUST0193,2025-11-10,Beauty & Personal Care,1,2690.08,2690.08
ORD00761,CUST0292,2025-11-10,Sports & Fitness,1,7135.29,7135.29
ORD05850,CUST0400,2025-11-10,Books,3,781.21,2343.63
ORD06235,CUST0109,2025-11-10,Fashion,1,1643.51,1643.51
ORD03668,CUST0117,2025-11-10,Fashion,1,2157.7,2157.7
ORD06116,CUST0332,2025-11-10,Home & Kitchen,1,4596.97,4596.97
ORD05621,CUST0198,2025-11-10,Electronics,2,13971.36,27942.72
ORD06040,CUST0323,2025-11-10,Electronics,1,35128.58,35128.58
ORD06446,CUST0070,2025-11-10,Fashion,1,626.74,626.74
ORD06413,CUST0241,2025-11-10,Electronics,2,15563.59,31127.18
ORD05698,CUST0128,2025-11-10,Fashion,1,4886.09,4886.09
ORD00631,CUST0371,2025-11-11,Books,1,791.31,791.31
ORD06378,CUST0093,2025-11-11,Electronics,1,7288.72,7288.72
ORD03647,CUST0110,2025-11-11,Beauty & Personal Care,1,1491.05,1491.05
ORD06329,CUST0359,2025-11-11,Beauty & Personal Care,1,3296.94,3296.94
ORD05743,CUST0213,2025-11-11,Sports & Fitness,1,8923.33,8923.33
ORD06319,CUST0025,2025-11-11,Fashion,3,1713.34,5140.02
ORD06248,CUST0070,2025-11-11,Electronics,1,38017.27,38017.27
ORD06087,CUST0258,2025-11-11,Beauty & Personal Care,1,540.82,540.82
ORD06564,CUST0067,2025-11-11,Electronics,2,41118.09,82236.18
ORD06473,CUST0368,2025-11-11,Fashion,1,4955.13,4955.13
ORD00599,CUST0392,2025-11-11,Home & Kitchen,1,6446.86,6446.86
ORD06608,CUST0214,2025-11-11,Sports & Fitness,1,1013.06,1013.06
ORD06302,CUST0223,2025-11-11,Fashion,1,1989.07,1989.07
ORD02709,CUST0384,2025-11-11,Fashion,3,3407.48,10222.44
ORD05944,CUST0351,2025-11-11,Electronics,1,43476.6,43476.6
ORD02614,CUST0136,2025-11-11,Electronics,1,22738.49,22738.49
ORD05889,CUST0156,2025-11-11,Fashion,1,3599.44,3599.44
ORD04254,CUST0028,2025-11-11,Electronics,2,1649.75,3299.5
ORD06056,CUST0312,2025-11-11,Sports & Fitness,1,5215.25,5215.25
ORD06626,CUST0160,2025-11-11,Home & Kitchen,2,7147.06,14294.12
ORD05936,CUST0033,2025-11-11,Home & Kitchen,3,4223.43,12670.29
ORD06202,CUST0349,2025-11-12,Sports & Fitness,1,4308.31,4308.31
ORD01380,CUST0319,2025-11-12,Books,1,283.46,283.46
ORD05883,CUST0394,2025-11-12,Sports & Fitness,1,9571.6,9571.6
ORD06103,CUST0027,2025-11-12,Fashion,3,921.49,2764.47
ORD02598,CUST0363,2025-11-12,Fashion,1,762.71,762.71
ORD05837,CUST0195,2025-11-12,Electronics,1,43078.91,43078.91
ORD06112,CUST0327,2025-11-12,Fashion,1,2092.52,2092.52
ORD05970,CUST0205,2025-11-12,Electronics,3,27966.31,83898.93
ORD03052,CUST0241,2025-11-12,Beauty & Personal Care,1,1869.82,1869.82
ORD04459,CUST0363,2025-11-12,Sports & Fitness,1,1498.25,1498.25
ORD03161,CUST0139,2025-11-12,Electronics,1,25269.33,25269.33
ORD03079,CUST0255,2025-11-12,Fashion,2,2787.82,5575.64
ORD05746,CUST0158,2025-11-12,Home & Kitchen,1,6127.45,6127.45
ORD05727,CUST0187,2025-11-12,Sports & Fitness,1,2890.42,2890.42
ORD05651,CUST0207,2025-11-12,Home & Kitchen,2,5101.45,10202.9
ORD04734,CUST0372,2025-11-12,Electronics,1,13576.35,13576.35
ORD06566,CUST0336,2025-11-12,Sports & Fitness,1,619.59,619.59
ORD06601,CUST0124,2025-11-12,Books,2,852.65,1705.3
ORD00644,CUST0005,2025-11-12,Sports & Fitness,2,7145.75,14291.5
ORD06036,CUST0383,2025-11-12,Fashion,1,685.2,685.2
ORD02509,CUST0038,2025-11-12,Electronics,1,1716.3,1716.3
ORD06356,CUST0075,2025-11-12,Home & Kitchen,1,4604.06,4604.06
ORD06237,CUST0343,2025-11-12,Fashion,1,1893.77,1893.77
ORD06559,CUST0348,2025-11-12,Electronics,1,38433.61,38433.61
ORD05716,CUST0089,2025-11-12,Electronics,1,14633.99,14633.99
ORD01507,CUST0293,2025-11-12,Electronics,2,33102.61,66205.22
ORD00720,CUST0276,2025-11-12,Electronics,1,5049.54,5049.54
ORD06247,CUST0010,2025-11-12,Fashion,2,3192.48,6384.96
ORD02932,CUST0354,2025-11-12,Home & Kitchen,2,6771.79,13543.58
ORD05891,CUST0093,2025-11-12,Sports & Fitness,1,4059.83,4059.83
ORD00898,CUST0082,2025-11-13,Electronics,2,8730.98,17461.96
ORD05151,CUST0155,2025-11-13,Fashion,1,1883.25,1883.25
ORD03541,CUST0032,2025-11-13,Books,1,710.7,710.7
ORD05764,CUST0355,2025-11-13,Beauty & Personal Care,1,3094.15,3094.15
ORD03194,CUST0255,2025-11-13,Fashion,1,2599.29,2599.29
ORD04894,CUST0043,2025-11-13,Sports & Fitness,1,8168.42,8168.42
ORD03901,CUST0371,2025-11-13,Home & Kitchen,1,6012.37,6012.37
ORD03202,CUST0289,2025-11-13,Fashion,1,3548.47,3548.47
ORD06502,CUST0019,2025-11-13,Fashion,1,2137.63,2137.63
ORD00166,CUST0298,2025-11-13,Electronics,1,14344.61,14344.61
ORD03525,CUST0212,2025-11-13,Fashion,2,435.41,870.82
ORD06304,CUST0389,2025-11-13,Electronics,1,38167.24,38167.24
ORD06350,CUST0350,2025-11-13,Sports & Fitness,2,4089.5,8179.0
ORD00890,CUST0208,2025-11-13,Books,2,742.62,1485.24
ORD05856,CUST0101,2025-11-13,Fashion,1,3186.12,3186.12
ORD01193,CUST0206,2025-11-13,Fashion,1,3250.08,3250.08
ORD06158,CUST0171,2025-11-13,Fashion,1,1604.78,1604.78
ORD05948,CUST0363,2025-11-13,Fashion,1,726.17,726.17
ORD04555,CUST0305,2025-11-13,Fashion,1,3086.02,3086.02
ORD06088,CUST0359,2025-11-13,Fashion,2,4135.04,8270.08
ORD05680,CUST0061,2025-11-13,Beauty & Personal Care,1,2127.12,2127.12
ORD06120,CUST0253,2025-11-13,Books,1,803.81,803.81
ORD00878,CUST0181,2025-11-13,Electronics,3,36429.69,109289.07
ORD02740,CUST0121,2025-11-13,Electronics,1,40714.01,40714.01
ORD06678,CUST0153,2025-11-13,Beauty & Personal Care,1,2015.84,2015.84
ORD06461,CUST0227,2025-11-13,Fashion,2,3620.97,7241.94
ORD06508,CUST0222,2025-11-13,Books,2,516.77,1033.54
ORD05347,CUST0380,2025-11-13,Electronics,1,36219.63,36219.63
ORD06179,CUST0250,2025-11-13,Electronics,1,29332.08,29332.08
ORD00894,CUST0344,2025-11-13,Home & Kitchen,1,970.45,970.45
ORD00086,CUST0037,2025-11-13,Sports & Fitness,1,5009.74,5009.74
ORD06402,CUST0040,2025-11-13,Electronics,3,3737.31,11211.93
ORD03120,CUST0098,2025-11-14,Beauty & Personal Care,1,2503.32,2503.32
ORD05710,CUST0339,2025-11-14,Electronics,2,17027.39,34054.78
ORD05161,CUST0207,2025-11-14,Sports & Fitness,2,2061.33,4122.66
ORD02521,CUST0374,2025-11-14,Books,1,376.78,376.78
ORD05617,CUST0218,2025-11-14,Books,1,496.86,496.86
ORD02236,CUST0183,2025-11-14,Electronics,1,8003.63,8003.63
ORD05622,CUST0014,2025-11-14,Electronics,1,3528.62,3528.62
ORD06259,CUST0090,2025-11-14,Home & Kitchen,1,3235.48,3235.48
ORD06260,CUST0060,2025-11-14,Electronics,2,21685.44,43370.88
ORD01030,CUST0020,2025-11-14,Home & Kitchen,1,7458.3,7458.3
ORD04596,CUST0130,2025-11-14,Sports & Fitness,1,5977.51,5977.51
ORD05870,CUST0399,2025-11-14,Beauty & Personal Care,1,1861.68,1861.68
ORD00300,CUST0139,2025-11-14,Books,2,519.99,1039.98
ORD05726,CUST0311,2025-11-14,Home & Kitchen,1,4603.0,4603.0
ORD06444,CUST0141,2025-11-14,Fashion,1,440.6,440.6
ORD06439,CUST0305,2025-11-14,Sports & Fitness,2,9898.26,19796.52
ORD05815,CUST0247,2025-11-14,Electronics,2,31931.31,63862.62
ORD06478,CUST0260,2025-11-14,Sports & Fitness,1,11189.13,11189.13
ORD06371,CUST0075,2025-11-14,Home & Kitchen,1,6461.01,6461.01
ORD05163,CUST0111,2025-11-14,Electronics,1,6512.32,6512.32
ORD06537,CUST0090,2025-11-14,Beauty & Personal Care,1,1038.54,1038.54
ORD06407,CUST0210,2025-11-14,Fashion,2,3345.75,6691.5
ORD05929,CUST0237,2025-11-14,Electronics,1,30875.88,30875.88
ORD06592,CUST0029,2025-11-14,Beauty & Personal Care,3,1713.1,5139.3
ORD00810,CUST0152,2025-11-14,Beauty & Personal Care,1,775.55,775.55
ORD06589,CUST0293,2025-11-14,Fashion,1,3336.82,3336.82
ORD06359,CUST0180,2025-11-14,Fashion,3,3446.72,10340.16
ORD06556,CUST0245,2025-11-14,Sports & Fitness,1,9917.38,9917.38
ORD03080,CUST0335,2025-11-14,Sports & Fitness,2,6990.63,13981.26
ORD06403,CUST0159,2025-11-14,Fashion,2,3562.23,7124.46
ORD00829,CUST0382,2025-11-14,Sports & Fitness,1,3170.58,3170.58
ORD03910,CUST0119,2025-11-14,Sports & Fitness,1,2528.91,2528.91
ORD02930,CUST0056,2025-11-14,Fashion,3,676.39,2029.17
ORD06045,CUST0165,2025-11-14,Home & Kitchen,1,3803.59,3803.59
ORD05663,CUST0352,2025-11-15,Electronics,1,44510.8,44510.8
ORD02653,CUST0366,2025-11-15,Home & Kitchen,1,2579.93,2579.93
ORD05981,CUST0139,2025-11-15,Fashion,1,4147.1,4147.1
ORD05783,CUST0331,2025-11-15,Home & Kitchen,2,2356.15,4712.3
ORD05637,CUST0348,2025-11-15,Electronics,3,12482.91,37448.73
ORD06328,CUST0295,2025-11-15,Home & Kitchen,2,5413.64,10827.28
ORD01987,CUST0185,2025-11-15,Sports & Fitness,1,1474.38,1474.38
ORD05895,CUST0011,2025-11-15,Fashion,1,4596.02,4596.02
ORD05978,CUST0016,2025-11-15,Beauty & Personal Care,1,1496.12,1496.12
ORD02444,CUST0149,2025-11-15,Home & Kitchen,1,1084.56,1084.56
ORD03900,CUST0399,2025-11-15,Electronics,3,10727.66,32182.98
ORD01130,CUST0069,2025-11-15,Electronics,3,25078.18,75234.54
ORD05966,CUST0270,2025-11-15,Home & Kitchen,3,3214.63,9643.89
ORD06037,CUST0244,2025-11-15,Electronics,1,27797.26,27797.26
ORD06386,CUST0177,2025-11-15,Books,2,286.73,573.46
ORD06561,CUST0051,2025-11-15,Electronics,1,6167.16,6167.16
ORD06313,CUST0320,2025-11-15,Fashion,3,3669.38,11008.14
ORD05941,CUST0017,2025-11-15,Electronics,3,41313.03,123939.09
ORD00949,CUST0258,2025-11-15,Sports & Fitness,2,6627.51,13255.02
ORD00475,CUST0271,2025-11-15,Fashion,1,2926.82,2926.82
ORD05915,CUST0040,2025-11-15,Books,1,1030.32,1030.32
ORD01542,CUST0160,2025-11-15,Home & Kitchen,1,4617.35,4617.35
ORD04137,CUST0125,2025-11-15,Electronics,1,18977.66,18977.66
ORD05439,CUST0382,2025-11-15,Sports & Fitness,2,1571.12,3142.24
ORD06194,CUST0127,2025-11-15,Sports & Fitness,2,7273.69,14547.38
ORD05961,CUST0157,2025-11-15,Electronics,1,14971.06,14971.06
ORD06207,CUST0238,2025-11-15,Electronics,1,32790.54,32790.54
ORD03932,CUST0242,2025-11-16,Fashion,1,4383.08,4383.08
ORD06293,CUST0270,2025-11-16,Electronics,1,28224.7,28224.7
ORD05092,CUST0078,2025-11-16,Fashion,1,1947.66,1947.66
ORD06469,CUST0266,2025-11-16,Electronics,2,9012.84,18025.68
ORD06477,CUST0262,2025-11-16,Electronics,1,26953.0,26953.0
ORD05219,CUST0392,2025-11-16,Sports & Fitness,1,5594.47,5594.47
ORD05638,CUST0149,2025-11-16,Fashion,2,4445.58,8891.16
ORD03068,CUST0035,2025-11-16,Beauty & Personal Care,1,3102.56,3102.56
ORD06209,CUST0161,2025-11-16,Home & Kitchen,1,5763.19,5763.19
ORD05813,CUST0358,2025-11-16,Electronics,2,2473.94,4947.88
ORD01600,CUST0259,2025-11-16,Fashion,1,4889.96,4889.96
ORD06451,CUST0261,2025-11-16,Beauty & Personal Care,1,2388.78,2388.78
ORD06090,CUST0356,2025-11-16,Fashion,1,3105.31,3105.31
ORD04880,CUST0110,2025-11-16,Fashion,1,1719.31,1719.31
ORD05682,CUST0212,2025-11-16,Home & Kitchen,2,5623.21,11246.42
ORD06595,CUST0273,2025-11-16,Electronics,2,20772.48,41544.96
ORD04878,CUST0384,2025-11-16,Home & Kitchen,1,1241.74,1241.74
ORD06426,CUST0197,2025-11-16,Home & Kitchen,2,856.11,1712.22
ORD06136,CUST0164,2025-11-16,Fashion,2,4200.74,8401.48
ORD01666,CUST0019,2025-11-16,Electronics,1,27861.65,27861.65
ORD02680,CUST0202,2025-11-16,Fashion,1,3233.16,3233.16
ORD02753,CUST0329,2025-11-16,Home & Kitchen,1,3324.18,3324.18
ORD05752,CUST0011,2025-11-16,Sports & Fitness,1,1835.31,1835.31
ORD05991,CUST0246,2025-11-16,Fashion,3,4528.63,13585.89
ORD06131,CUST0143,2025-11-16,Home & Kitchen,1,7145.13,7145.13
ORD05866,CUST0059,2025-11-16,Fashion,2,3153.91,6307.82
ORD06130,CUST0010,2025-11-16,Home & Kitchen,1,508.43,508.43
ORD03953,CUST0171,2025-11-16,Electronics,1,44596.86,44596.86
ORD03016,CUST0135,2025-11-16,Home & Kitchen,1,7380.6,7380.6
ORD06229,CUST0284,2025-11-16,Home & Kitchen,1,3331.33,3331.33
ORD06014,CUST0048,2025-11-16,Electronics,1,17223.05,17223.05
ORD00781,CUST0175,2025-11-16,Beauty & Personal Care,1,1093.05,1093.05
ORD06466,CUST0213,2025-11-16,Fashion,2,2063.83,4127.66
ORD05942,CUST0070,2025-11-16,Beauty & Personal Care,1,2740.96,2740.96
ORD01515,CUST0339,2025-11-16,Sports & Fitness,1,7914.28,7914.28
ORD06243,CUST0068,2025-11-16,Sports & Fitness,2,9907.92,19815.84
ORD00613,CUST0039,2025-11-16,Fashion,1,3365.83,3365.83
ORD06649,CUST0221,2025-11-17,Books,3,981.07,2943.21
ORD05965,CUST0054,2025-11-17,Sports & Fitness,3,5206.52,15619.56
ORD03592,CUST0380,2025-11-17,Electronics,1,35887.11,35887.11
ORD05776,CUST0121,2025-11-17,Electronics,3,10629.68,31889.04
ORD05882,CUST0296,2025-11-17,Beauty & Personal Care,1,1251.24,1251.24
ORD01781,CUST0258,2025-11-17,Books,3,731.41,2194.23
ORD06467,CUST0135,2025-11-17,Electronics,1,27728.49,27728.49
ORD05668,CUST0276,2025-11-17,Home & Kitchen,1,1037.39,1037.39
ORD06272,CUST0043,2025-11-17,Home & Kitchen,2,3791.74,7583.48
ORD05952,CUST0228,2025-11-17,Electronics,2,9912.79,19825.58
ORD04213,CUST0189,2025-11-17,Home & Kitchen,1,5225.41,5225.41
ORD00477,CUST0315,2025-11-17,Beauty & Personal Care,1,1644.28,1644.28
ORD05692,CUST0322,2025-11-17,Sports & Fitness,2,3651.27,7302.54
ORD02272,CUST0190,2025-11-17,Sports & Fitness,1,3813.72,3813.72
ORD03118,CUST0033,2025-11-17,Home & Kitchen,3,5467.39,16402.17
ORD02214,CUST0135,2025-11-17,Fashion,3,3743.99,11231.97
ORD02876,CUST0354,2025-11-17,Home & Kitchen,1,5561.88,5561.88
ORD05681,CUST0148,2025-11-17,Sports & Fitness,1,7545.76,7545.76
ORD04307,CUST0279,2025-11-17,Home & Kitchen,1,7791.11,7791.11
ORD00880,CUST0081,2025-11-17,Fashion,1,3624.3,3624.3
ORD06675,CUST0328,2025-11-17,Books,2,579.24,1158.48
ORD01117,CUST0291,2025-11-18,Sports & Fitness,2,11236.18,22472.36
ORD06572,CUST0265,2025-11-18,Electronics,1,5854.33,5854.33
ORD06598,CUST0145,2025-11-18,Electronics,2,24734.94,49469.88
ORD01147,CUST0186,2025-11-18,Sports & Fitness,1,11265.87,11265.87
ORD06172,CUST0248,2025-11-18,Fashion,1,4491.66,4491.66
ORD06049,CUST0028,2025-11-18,Home & Kitchen,1,5368.88,5368.88
ORD06515,CUST0200,2025-11-18,Sports & Fitness,2,1033.91,2067.82
ORD06374,CUST0266,2025-11-18,Electronics,1,33137.85,33137.85
ORD06363,CUST0204,2025-11-18,Sports & Fitness,2,4427.92,8855.84
ORD01267,CUST0141,2025-11-18,Fashion,1,2413.17,2413.17
ORD05933,CUST0276,2025-11-18,Fashion,1,668.69,668.69
ORD05896,CUST0375,2025-11-18,Fashion,3,1665.24,4995.72
ORD06003,CUST0151,2025-11-18,Fashion,2,1707.99,3415.98
ORD05712,CUST0203,2025-11-18,Electronics,2,1510.67,3021.34
ORD05775,CUST0270,2025-11-18,Fashion,1,4016.97,4016.97
ORD06026,CUST0143,2025-11-18,Electronics,1,1987.68,1987.68
ORD05345,CUST0087,2025-11-18,Sports & Fitness,1,9333.58,9333.58
ORD05661,CUST0131,2025-11-18,Fashion,1,2578.21,2578.21
ORD04981,CUST0013,2025-11-18,Sports & Fitness,1,5533.48,5533.48
ORD00886,CUST0071,2025-11-18,Books,1,622.8,622.8
ORD05885,CUST0134,2025-11-18,Sports & Fitness,1,11938.03,11938.03
ORD06206,CUST0187,2025-11-18,Home & Kitchen,1,5900.29,5900.29
ORD00199,CUST0141,2025-11-18,Fashion,1,4842.78,4842.78
ORD00847,CUST0387,2025-11-18,Books,1,812.94,812.94
ORD06063,CUST0143,2025-11-18,Fashion,1,1366.98,1366.98
ORD06611,CUST0282,2025-11-18,Home & Kitchen,1,7026.21,7026.21
ORD04388,CUST0306,2025-11-18,Home & Kitchen,1,6370.4,6370.4
ORD04035,CUST0135,2025-11-19,Books,1,168.51,168.51
ORD06493,CUST0152,2025-11-19,Electronics,3,40979.12,122937.36
ORD06078,CUST0250,2025-11-19,Beauty & Personal Care,1,678.57,678.57
ORD06488,CUST0108,2025-11-19,Electronics,1,10012.48,10012.48
ORD03988,CUST0004,2025-11-19,Home & Kitchen,1,2823.95,2823.95
ORD05903,CUST0237,2025-11-19,Electronics,1,29459.51,29459.51
ORD06460,CUST0205,2025-11-19,Fashion,3,2512.75,7538.25
ORD06417,CUST0089,2025-11-19,Electronics,2,39619.57,79239.14
ORD06638,CUST0324,2025-11-19,Home & Kitchen,1,4487.28,4487.28
ORD05676,CUST0279,2025-11-19,Fashion,1,2573.82,2573.82
ORD04003,CUST0075,2025-11-19,Sports & Fitness,2,5471.89,10943.78
ORD01527,CUST0057,2025-11-19,Electronics,1,18531.86,18531.86
ORD02889,CUST0221,2025-11-19,Sports & Fitness,1,11664.1,11664.1
ORD05678,CUST0264,2025-11-19,Sports & Fitness,1,7695.64,7695.64
ORD06514,CUST0389,2025-11-19,Electronics,1,25281.05,25281.05
ORD05312,CUST0328,2025-11-19,Beauty & Personal Care,1,3421.49,3421.49
ORD02593,CUST0004,2025-11-19,Fashion,1,1675.93,1675.93
ORD04701,CUST0189,2025-11-19,Books,1,949.96,949.96
ORD06159,CUST0375,2025-11-19,Fashion,2,4886.76,9773.52
ORD06401,CUST0376,2025-11-19,Sports & Fitness,3,5082.66,15247.98
ORD05808,CUST0174,2025-11-19,Electronics,2,27315.15,54630.3
ORD00974,CUST0195,2025-11-19,Books,2,615.74,1231.48
ORD06482,CUST0084,2025-11-19,Books,1,868.91,868.91
ORD04391,CUST0096,2025-11-19,Sports & Fitness,1,1288.98,1288.98
ORD01431,CUST0382,2025-11-19,Fashion,1,4765.01,4765.01
ORD06622,CUST0314,2025-11-19,Fashion,1,4931.78,4931.78
ORD06255,CUST0211,2025-11-19,Sports & Fitness,1,11000.24,11000.24
ORD05118,CUST0378,2025-11-19,Books,1,170.32,170.32
ORD06351,CUST0298,2025-11-19,Home & Kitchen,2,3479.84,6959.68
ORD05633,CUST0096,2025-11-19,Fashion,1,841.0,841.0
ORD00047,CUST0374,2025-11-19,Sports & Fitness,1,9775.45,9775.45
ORD06503,CUST0196,2025-11-20,Fashion,1,2987.95,2987.95
ORD05696,CUST0216,2025-11-20,Fashion,3,903.0,2709.0
ORD05627,CUST0260,2025-11-20,Books,1,822.94,822.94
ORD06101,CUST0096,2025-11-20,Electronics,2,18564.42,37128.84
ORD06291,CUST0367,2025-11-20,Home & Kitchen,1,6321.73,6321.73
ORD06688,CUST0295,2025-11-20,Fashion,1,1774.43,1774.43
ORD06453,CUST0063,2025-11-20,Sports & Fitness,3,3430.76,10292.28
ORD06497,CUST0377,2025-11-20,Electronics,1,37993.55,37993.55
ORD05654,CUST0010,2025-11-20,Sports & Fitness,2,1538.54,3077.08
ORD05718,CUST0167,2025-11-20,Sports & Fitness,1,5694.29,5694.29
ORD06181,CUST0097,2025-11-20,Fashion,1,1060.38,1060.38
ORD03871,CUST0259,2025-11-20,Books,1,1194.4,1194.4
ORD06531,CUST0143,2025-11-20,Sports & Fitness,1,11818.5,11818.5
ORD05615,CUST0213,2025-11-20,Fashion,1,3477.39,3477.39
ORD05998,CUST0160,2025-11-20,Electronics,1,23427.34,23427.34
ORD05923,CUST0367,2025-11-20,Books,1,669.97,669.97
ORD02040,CUST0288,2025-11-20,Sports & Fitness,1,3110.51,3110.51
ORD06523,CUST0218,2025-11-20,Sports & Fitness,1,740.87,740.87
ORD06117,CUST0368,2025-11-20,Electronics,2,2928.4,5856.8
ORD01811,CUST0149,2025-11-20,Books,1,1183.88,1183.88
ORD06151,CUST0093,2025-11-20,Sports & Fitness,2,883.3,1766.6
ORD05643,CUST0181,2025-11-20,Beauty & Personal Care,2,1270.76,2541.52
ORD06292,CUST0350,2025-11-20,Sports & Fitness,1,8642.03,8642.03
ORD00856,CUST0105,2025-11-20,Fashion,1,4635.18,4635.18
ORD06148,CUST0068,2025-11-20,Sports & Fitness,1,5597.79,5597.79
ORD02617,CUST0204,2025-11-20,Electronics,1,24340.28,24340.28
ORD05879,CUST0298,2025-11-20,Sports & Fitness,1,4882.74,4882.74
ORD06208,CUST0089,2025-11-20,Home & Kitchen,1,4300.05,4300.05
ORD05016,CUST0189,2025-11-21,Books,1,1014.23,1014.23
ORD02801,CUST0316,2025-11-21,Beauty & Personal Care,1,373.76,373.76
ORD05765,CUST0342,2025-11-21,Electronics,2,11972.82,23945.64
ORD06182,CUST0113,2025-11-21,Electronics,1,10903.17,10903.17
ORD02789,CUST0361,2025-11-21,Beauty & Personal Care,1,2519.22,2519.22
ORD01912,CUST0399,2025-11-21,Beauty & Personal Care,3,2000.01,6000.03
ORD05613,CUST0091,2025-11-21,Fashion,1,3141.36,3141.36
ORD04840,CUST0280,2025-11-21,Home & Kitchen,1,5760.63,5760.63
ORD03000,CUST0125,2025-11-21,Beauty & Personal Care,1,2752.28,2752.28
ORD05355,CUST0243,2025-11-21,Beauty & Personal Care,1,1362.86,1362.86
ORD01649,CUST0387,2025-11-21,Sports & Fitness,2,11376.52,22753.04
ORD03662,CUST0337,2025-11-21,Sports & Fitness,1,2629.52,2629.52
ORD04231,CUST0153,2025-11-21,Home & Kitchen,2,4101.64,8203.28
ORD06052,CUST0342,2025-11-21,Sports & Fitness,1,4209.38,4209.38
ORD06485,CUST0170,2025-11-21,Fashion,1,2608.65,2608.65
ORD03531,CUST0203,2025-11-21,Sports & Fitness,1,2764.82,2764.82
ORD05234,CUST0069,2025-11-21,Electronics,1,23828.04,23828.04
ORD06355,CUST0381,2025-11-21,Electronics,1,13562.11,13562.11
ORD06166,CUST0335,2025-11-21,Beauty & Personal Care,1,2811.42,2811.42
ORD06331,CUST0066,2025-11-21,Electronics,2,36468.57,72937.14
ORD03993,CUST0259,2025-11-21,Electronics,1,26163.97,26163.97
ORD00851,CUST0038,2025-11-21,Sports & Fitness,1,6313.49,6313.49
ORD06661,CUST0162,2025-11-21,Electronics,1,31647.23,31647.23
ORD04822,CUST0024,2025-11-21,Electronics,1,6270.39,6270.39
ORD06165,CUST0262,2025-11-21,Electronics,1,43518.57,43518.57
ORD04405,CUST0138,2025-11-21,Beauty & Personal Care,2,1818.52,3637.04
ORD00373,CUST0163,2025-11-21,Fashion,2,3120.47,6240.94
ORD05938,CUST0194,2025-11-21,Sports & Fitness,2,2453.27,4906.54
ORD05963,CUST0042,2025-11-21,Sports & Fitness,1,8969.2,8969.2
ORD05741,CUST0095,2025-11-21,Fashion,2,863.64,1727.28
ORD01709,CUST0063,2025-11-21,Beauty & Personal Care,1,931.04,931.04
ORD02887,CUST0286,2025-11-21,Home & Kitchen,1,7605.73,7605.73
ORD01874,CUST0306,2025-11-21,Electronics,2,44015.55,88031.1
ORD06020,CUST0119,2025-11-21,Home & Kitchen,1,5908.84,5908.84
ORD05881,CUST0204,2025-11-21,Fashion,1,501.57,501.57
ORD06663,CUST0220,2025-11-22,Books,1,258.53,258.53
ORD02260,CUST0339,2025-11-22,Fashion,1,4057.4,4057.4
ORD05688,CUST0117,2025-11-22,Fashion,2,1662.04,3324.08
ORD05864,CUST0341,2025-11-22,Beauty & Personal Care,2,669.59,1339.18
ORD03107,CUST0376,2025-11-22,Books,1,403.91,403.91
ORD05438,CUST0370,2025-11-22,Electronics,1,21074.82,21074.82
ORD01251,CUST0331,2025-11-22,Electronics,2,35553.91,71107.82
ORD06647,CUST0029,2025-11-22,Fashion,1,3590.02,3590.02
ORD02692,CUST0374,2025-11-22,Home & Kitchen,2,550.11,1100.22
ORD02897,CUST0092,2025-11-22,Electronics,1,30198.17,30198.17
ORD06433,CUST0055,2025-11-22,Sports & Fitness,3,6093.91,18281.73
ORD00686,CUST0281,2025-11-22,Fashion,2,2685.72,5371.44
ORD06113,CUST0344,2025-11-22,Home & Kitchen,1,788.34,788.34
ORD05533,CUST0102,2025-11-22,Fashion,2,811.8,1623.6
ORD06219,CUST0329,2025-11-22,Sports & Fitness,3,9879.39,29638.17
ORD05960,CUST0260,2025-11-22,Electronics,1,40431.04,40431.04
ORD06066,CUST0271,2025-11-22,Sports & Fitness,1,11795.32,11795.32
ORD04155,CUST0165,2025-11-22,Sports & Fitness,1,3891.71,3891.71
ORD06368,CUST0312,2025-11-22,Fashion,2,1967.94,3935.88
ORD06549,CUST0010,2025-11-22,Fashion,1,2173.1,2173.1
ORD06270,CUST0046,2025-11-22,Fashion,2,2000.19,4000.38
ORD06150,CUST0064,2025-11-22,Electronics,3,27766.32,83298.96
ORD06252,CUST0386,2025-11-22,Electronics,1,40181.29,40181.29
ORD03265,CUST0013,2025-11-22,Electronics,1,44382.47,44382.47
ORD06536,CUST0182,2025-11-22,Home & Kitchen,3,6481.1,19443.3
ORD01667,CUST0221,2025-11-22,Sports & Fitness,1,8597.2,8597.2
ORD05839,CUST0232,2025-11-22,Fashion,3,3455.26,10365.78
ORD04189,CUST0113,2025-11-22,Electronics,1,27506.14,27506.14
ORD04498,CUST0094,2025-11-22,Books,1,371.98,371.98
ORD03242,CUST0161,2025-11-22,Sports & Fitness,2,9140.03,18280.06
ORD03274,CUST0206,2025-11-23,Home & Kitchen,1,1972.7,1972.7
ORD05632,CUST0202,2025-11-23,Electronics,2,21913.33,43826.66
ORD04211,CUST0368,2025-11-23,Beauty & Personal Care,3,3188.96,9566.88
ORD05647,CUST0239,2025-11-23,Books,1,915.29,915.29
ORD02051,CUST0136,2025-11-23,Electronics,1,14873.32,14873.32
ORD06630,CUST0345,2025-11-23,Electronics,1,35119.6,35119.6
ORD02458,CUST0276,2025-11-23,Home & Kitchen,1,1392.08,1392.08
ORD06187,CUST0153,2025-11-23,Fashion,1,3037.16,3037.16
ORD06091,CUST0217,2025-11-23,Home & Kitchen,1,3644.96,3644.96
ORD01151,CUST0400,2025-11-23,Beauty & Personal Care,1,2751.45,2751.45
ORD05671,CUST0065,2025-11-23,Electronics,1,38173.92,38173.92
ORD06061,CUST0190,2025-11-23,Fashion,1,1130.93,1130.93
ORD05763,CUST0190,2025-11-23,Fashion,1,532.83,532.83
ORD06327,CUST0302,2025-11-23,Fashion,1,1865.16,1865.16
ORD06633,CUST0187,2025-11-23,Fashion,1,3151.28,3151.28
ORD05984,CUST0282,2025-11-23,Books,2,425.17,850.34
ORD06315,CUST0090,2025-11-23,Fashion,1,4691.23,4691.23
ORD06579,CUST0360,2025-11-23,Home & Kitchen,1,6066.45,6066.45
ORD03653,CUST0272,2025-11-23,Home & Kitchen,1,7971.29,7971.29
ORD00131,CUST0066,2025-11-23,Electronics,3,18512.05,55536.15
ORD01543,CUST0001,2025-11-23,Electronics,1,39630.38,39630.38
ORD06236,CUST0028,2025-11-24,Home & Kitchen,1,6506.08,6506.08
ORD05973,CUST0310,2025-11-24,Books,1,1097.75,1097.75
ORD02728,CUST0275,2025-11-24,Sports & Fitness,1,10817.85,10817.85
ORD06538,CUST0002,2025-11-24,Electronics,1,40901.11,40901.11
ORD01131,CUST0161,2025-11-24,Electronics,1,8021.05,8021.05
ORD02502,CUST0275,2025-11-24,Fashion,1,2301.72,2301.72
ORD06683,CUST0323,2025-11-24,Home & Kitchen,3,3820.25,11460.75
ORD05498,CUST0052,2025-11-24,Fashion,3,2877.27,8631.81
ORD02972,CUST0334,2025-11-24,Fashion,2,4486.23,8972.46
ORD05642,CUST0167,2025-11-24,Sports & Fitness,3,3368.28,10104.84
ORD05986,CUST0031,2025-11-24,Home & Kitchen,1,1711.59,1711.59
ORD05937,CUST0264,2025-11-24,Electronics,2,8162.39,16324.78
ORD02748,CUST0247,2025-11-24,Fashion,1,875.18,875.18
ORD00984,CUST0062,2025-11-24,Electronics,1,3547.04,3547.04
ORD06471,CUST0333,2025-11-24,Sports & Fitness,2,5245.5,10491.0
ORD06080,CUST0376,2025-11-24,Books,1,688.87,688.87
ORD03461,CUST0237,2025-11-24,Fashion,1,3196.43,3196.43
ORD00802,CUST0363,2025-11-24,Electronics,1,16961.61,16961.61
ORD03634,CUST0145,2025-11-24,Electronics,1,22654.93,22654.93
ORD05653,CUST0032,2025-11-24,Books,2,205.89,411.78
ORD06173,CUST0376,2025-11-25,Home & Kitchen,1,5652.56,5652.56
ORD06029,CUST0003,2025-11-25,Home & Kitchen,2,6549.77,13099.54
ORD01922,CUST0146,2025-11-25,Sports & Fitness,1,1627.06,1627.06
ORD02686,CUST0055,2025-11-25,Home & Kitchen,1,7110.02,7110.02
ORD06300,CUST0149,2025-11-25,Beauty & Personal Care,1,706.48,706.48
ORD00243,CUST0121,2025-11-25,Sports & Fitness,1,10075.83,10075.83
ORD05874,CUST0353,2025-11-25,Fashion,1,2806.5,2806.5
ORD00434,CUST0003,2025-11-25,Fashion,1,1229.42,1229.42
ORD06614,CUST0374,2025-11-25,Home & Kitchen,1,606.13,606.13
ORD01957,CUST0357,2025-11-25,Home & Kitchen,1,2043.51,2043.51
ORD05907,CUST0085,2025-11-25,Electronics,1,8003.39,8003.39
ORD05993,CUST0075,2025-11-25,Beauty & Personal Care,2,276.38,552.76
ORD05725,CUST0169,2025-11-25,Fashion,1,4013.1,4013.1
ORD01390,CUST0269,2025-11-25,Sports & Fitness,1,7701.98,7701.98
ORD06412,CUST0108,2025-11-25,Beauty & Personal Care,3,2984.72,8954.16
ORD06483,CUST0152,2025-11-25,Beauty & Personal Care,2,2107.79,4215.58
ORD04580,CUST0326,2025-11-25,Home & Kitchen,1,7877.26,7877.26
ORD00050,CUST0176,2025-11-25,Electronics,1,31837.78,31837.78
ORD06204,CUST0390,2025-11-25,Home & Kitchen,2,2325.58,4651.16
ORD05921,CUST0225,2025-11-25,Books,1,609.21,609.21
ORD06264,CUST0069,2025-11-25,Electronics,1,18846.29,18846.29
ORD03232,CUST0203,2025-11-25,Beauty & Personal Care,1,2802.95,2802.95
ORD05702,CUST0296,2025-11-25,Fashion,1,1738.24,1738.24
ORD05640,CUST0056,2025-11-26,Fashion,2,4119.06,8238.12
ORD06077,CUST0067,2025-11-26,Fashion,3,4013.35,12040.05
ORD02800,CUST0092,2025-11-26,Beauty & Personal Care,1,1348.65,1348.65
ORD05797,CUST0074,2025-11-26,Fashion,2,1047.59,2095.18
ORD05851,CUST0053,2025-11-26,Electronics,1,33571.37,33571.37
ORD05774,CUST0334,2025-11-26,Electronics,2,40946.27,81892.54
ORD06140,CUST0339,2025-11-26,Electronics,1,42663.58,42663.58
ORD06079,CUST0072,2025-11-26,Fashion,1,1754.15,1754.15
ORD02455,CUST0108,2025-11-26,Beauty & Personal Care,1,2817.14,2817.14
ORD04324,CUST0004,2025-11-26,Home & Kitchen,1,4831.85,4831.85
ORD05793,CUST0077,2025-11-26,Electronics,3,28150.53,84451.59
ORD05989,CUST0044,2025-11-26,Home & Kitchen,3,3999.95,11999.85
ORD05691,CUST0223,2025-11-26,Fashion,2,739.71,1479.42
ORD06617,CUST0139,2025-11-26,Fashion,1,2071.35,2071.35
ORD02143,CUST0290,2025-11-26,Sports & Fitness,1,6363.73,6363.73
ORD02379,CUST0046,2025-11-26,Home & Kitchen,1,801.98,801.98
ORD03179,CUST0065,2025-11-26,Home & Kitchen,1,5291.29,5291.29
ORD04184,CUST0080,2025-11-26,Fashion,2,3118.82,6237.64
ORD06160,CUST0031,2025-11-26,Fashion,1,4209.42,4209.42
ORD06019,CUST0282,2025-11-26,Electronics,1,43389.31,43389.31
ORD03235,CUST0232,2025-11-26,Books,1,825.82,825.82
ORD06174,CUST0201,2025-11-26,Fashion,1,1419.61,1419.61
ORD06273,CUST0085,2025-11-26,Beauty & Personal Care,1,1575.54,1575.54
ORD01481,CUST0223,2025-11-26,Fashion,1,3445.06,3445.06
ORD06162,CUST0305,2025-11-26,Beauty & Personal Care,2,1637.81,3275.62
ORD04204,CUST0348,2025-11-26,Sports & Fitness,1,4415.37,4415.37
ORD05967,CUST0253,2025-11-27,Fashion,1,1261.28,1261.28
ORD06457,CUST0117,2025-11-27,Books,2,795.25,1590.5
ORD06664,CUST0246,2025-11-27,Home & Kitchen,1,4050.28,4050.28
ORD03733,CUST0199,2025-11-27,Books,1,389.1,389.1
ORD04975,CUST0362,2025-11-27,Sports & Fitness,1,2950.75,2950.75
ORD04694,CUST0129,2025-11-27,Home & Kitchen,1,6397.6,6397.6
ORD03130,CUST0033,2025-11-27,Electronics,1,36385.43,36385.43
ORD05848,CUST0186,2025-11-27,Sports & Fitness,1,4512.23,4512.23
ORD06687,CUST0376,2025-11-27,Fashion,3,1389.69,4169.07
ORD06068,CUST0058,2025-11-27,Sports & Fitness,3,3270.72,9812.16
ORD06672,CUST0068,2025-11-27,Electronics,2,3968.68,7937.36
ORD06604,CUST0025,2025-11-27,Sports & Fitness,1,5462.63,5462.63
ORD06083,CUST0164,2025-11-27,Home & Kitchen,2,7083.5,14167.0
ORD01770,CUST0220,2025-11-27,Electronics,1,10820.82,10820.82
ORD06450,CUST0221,2025-11-27,Electronics,1,23699.78,23699.78
ORD05918,CUST0370,2025-11-27,Electronics,1,16872.03,16872.03
ORD06465,CUST0368,2025-11-27,Books,2,806.58,1613.16
ORD05909,CUST0063,2025-11-27,Electronics,2,6286.95,12573.9
ORD06005,CUST0266,2025-11-27,Fashion,1,710.11,710.11
ORD06000,CUST0223,2025-11-27,Electronics,3,36723.75,110171.25
ORD05947,CUST0280,2025-11-27,Beauty & Personal Care,2,2149.48,4298.96
ORD06261,CUST0155,2025-11-27,Electronics,1,22025.52,22025.52
ORD06141,CUST0103,2025-11-27,Beauty & Personal Care,1,1962.6,1962.6
ORD06354,CUST0259,2025-11-27,Home & Kitchen,1,4209.86,4209.86
ORD06440,CUST0343,2025-11-27,Fashion,1,3803.12,3803.12
ORD06118,CUST0228,2025-11-27,Fashion,3,2914.25,8742.75
ORD01890,CUST0191,2025-11-27,Home & Kitchen,2,1688.74,3377.48
ORD04197,CUST0337,2025-11-27,Sports & Fitness,1,1529.43,1529.43
ORD06043,CUST0253,2025-11-27,Electronics,3,8798.42,26395.26
ORD06222,CUST0249,2025-11-27,Electronics,1,36871.8,36871.8
ORD05754,CUST0261,2025-11-27,Beauty & Personal Care,1,1152.54,1152.54
ORD05992,CUST0330,2025-11-27,Electronics,2,39359.22,78718.44
ORD05176,CUST0043,2025-11-27,Fashion,2,3729.25,7458.5
ORD06339,CUST0260,2025-11-27,Fashion,1,1161.85,1161.85
ORD06679,CUST0378,2025-11-27,Books,1,341.59,341.59
ORD03543,CUST0270,2025-11-27,Electronics,1,37424.71,37424.71
ORD06024,CUST0338,2025-11-27,Electronics,1,2134.66,2134.66
ORD05162,CUST0287,2025-11-28,Books,1,901.9,901.9
ORD06046,CUST0085,2025-11-28,Sports & Fitness,2,2785.65,5571.3
ORD06230,CUST0378,2025-11-28,Books,1,372.16,372.16
ORD01432,CUST0061,2025-11-28,Electronics,1,36883.2,36883.2
ORD05958,CUST0032,2025-11-28,Home & Kitchen,1,1103.11,1103.11
ORD06108,CUST0135,2025-11-28,Sports & Fitness,1,8666.81,8666.81
ORD06690,CUST0079,2025-11-28,Sports & Fitness,2,8601.31,17202.62
ORD00071,CUST0323,2025-11-28,Fashion,2,820.84,1641.68
ORD03604,CUST0295,2025-11-28,Electronics,1,27363.04,27363.04
ORD01719,CUST0278,2025-11-28,Home & Kitchen,1,5588.02,5588.02
ORD06567,CUST0245,2025-11-28,Sports & Fitness,2,9229.81,18459.62
ORD04553,CUST0153,2025-11-28,Books,1,461.99,461.99
ORD04544,CUST0307,2025-11-28,Electronics,1,25972.28,25972.28
ORD06445,CUST0358,2025-11-28,Electronics,2,35596.11,71192.22
ORD06023,CUST0173,2025-11-28,Electronics,3,28327.65,84982.95
ORD06095,CUST0145,2025-11-28,Electronics,2,23620.58,47241.16
ORD06580,CUST0117,2025-11-28,Beauty & Personal Care,1,2776.53,2776.53
ORD01401,CUST0182,2025-11-28,Fashion,1,2975.5,2975.5
ORD05893,CUST0323,2025-11-28,Home & Kitchen,1,4685.59,4685.59
ORD05760,CUST0218,2025-11-28,Electronics,3,22839.07,68517.21
ORD05773,CUST0018,2025-11-28,Home & Kitchen,1,5552.89,5552.89
ORD05784,CUST0070,2025-11-28,Sports & Fitness,1,6522.28,6522.28
ORD06629,CUST0360,2025-11-28,Beauty & Personal Care,1,3427.88,3427.88
ORD06205,CUST0173,2025-11-28,Books,1,960.03,960.03
ORD06376,CUST0351,2025-11-28,Fashion,1,4752.23,4752.23
ORD06612,CUST0269,2025-11-28,Beauty & Personal Care,1,1182.43,1182.43
ORD06615,CUST0056,2025-11-28,Sports & Fitness,1,9437.74,9437.74
ORD06070,CUST0151,2025-11-29,Electronics,2,26988.15,53976.3
ORD05141,CUST0115,2025-11-29,Home & Kitchen,1,6687.57,6687.57
ORD06145,CUST0280,2025-11-29,Home & Kitchen,2,5441.55,10883.1
ORD02991,CUST0015,2025-11-29,Books,1,734.82,734.82
ORD00657,CUST0220,2025-11-29,Sports & Fitness,1,6954.44,6954.44
ORD04366,CUST0184,2025-11-29,Sports & Fitness,1,4643.15,4643.15
ORD04737,CUST0214,2025-11-29,Sports & Fitness,1,4091.28,4091.28
ORD03429,CUST0262,2025-11-29,Electronics,2,42293.96,84587.92
ORD06213,CUST0317,2025-11-29,Sports & Fitness,1,786.39,786.39
ORD06489,CUST0388,2025-11-29,Electronics,1,16679.43,16679.43
ORD05685,CUST0324,2025-11-29,Fashion,1,2891.86,2891.86
ORD04119,CUST0227,2025-11-29,Books,1,586.38,586.38
ORD06519,CUST0109,2025-11-29,Beauty & Personal Care,2,3109.69,6219.38
ORD05708,CUST0065,2025-11-29,Sports & Fitness,1,10912.27,10912.27
ORD06193,CUST0375,2025-11-29,Electronics,1,32924.37,32924.37
ORD05930,CUST0337,2025-11-29,Fashion,2,4353.29,8706.58
ORD05666,CUST0397,2025-11-29,Electronics,2,43094.03,86188.06
ORD04495,CUST0298,2025-11-29,Home & Kitchen,1,2948.67,2948.67
ORD05096,CUST0227,2025-11-29,Fashion,1,407.84,407.84
ORD05035,CUST0288,2025-11-29,Electronics,1,15378.34,15378.34
ORD04483,CUST0074,2025-11-29,Sports & Fitness,2,6852.72,13705.44
ORD05649,CUST0248,2025-11-29,Beauty & Personal Care,3,1716.12,5148.36
ORD01060,CUST0221,2025-11-29,Home & Kitchen,1,6755.68,6755.68
ORD06669,CUST0025,2025-11-29,Sports & Fitness,1,4089.54,4089.54
ORD06480,CUST0124,2025-11-29,Books,1,611.04,611.04
ORD05972,CUST0288,2025-11-29,Electronics,1,6727.8,6727.8
ORD05825,CUST0142,2025-11-29,Books,1,194.07,194.07
ORD05964,CUST0339,2025-11-29,Books,1,289.8,289.8
ORD06075,CUST0333,2025-11-29,Books,2,854.7,1709.4
ORD02660,CUST0138,2025-11-29,Beauty & Personal Care,3,2024.07,6072.21
ORD06271,CUST0130,2025-11-30,Home & Kitchen,1,1008.61,1008.61
ORD06677,CUST0226,2025-11-30,Fashion,1,954.61,954.61
ORD06084,CUST0183,2025-11-30,Home & Kitchen,1,6471.88,6471.88
ORD02966,CUST0269,2025-11-30,Electronics,1,20257.22,20257.22
ORD06383,CUST0104,2025-11-30,Fashion,1,1436.8,1436.8
ORD06345,CUST0005,2025-11-30,Fashion,1,3867.5,3867.5
ORD05767,CUST0255,2025-11-30,Electronics,1,43064.53,43064.53
ORD05751,CUST0034,2025-11-30,Home & Kitchen,3,4020.83,12062.49
ORD03470,CUST0337,2025-11-30,Home & Kitchen,1,6809.08,6809.08
ORD06513,CUST0361,2025-11-30,Electronics,1,33786.67,33786.67
ORD05777,CUST0290,2025-11-30,Fashion,1,2549.56,2549.56
ORD06198,CUST0279,2025-11-30,Electronics,1,2595.03,2595.03
ORD05673,CUST0073,2025-11-30,Books,1,356.54,356.54
ORD06307,CUST0191,2025-11-30,Fashion,2,436.69,873.38
ORD05744,CUST0346,2025-11-30,Fashion,1,4388.67,4388.67
ORD05976,CUST0228,2025-11-30,Fashion,1,4781.02,4781.02
ORD01224,CUST0155,2025-11-30,Electronics,1,20768.37,20768.37
ORD05977,CUST0323,2025-11-30,Books,1,1117.88,1117.88
ORD03293,CUST0140,2025-11-30,Sports & Fitness,1,4460.27,4460.27
ORD02294,CUST0239,2025-11-30,Electronics,1,28806.37,28806.37
ORD06034,CUST0157,2025-11-30,Sports & Fitness,3,9730.43,29191.29
ORD05869,CUST0376,2025-11-30,Home & Kitchen,2,4860.65,9721.3
ORD02321,CUST0111,2025-11-30,Electronics,2,6308.55,12617.1
ORD05720,CUST0319,2025-11-30,Sports & Fitness,2,5654.7,11309.4
ORD05868,CUST0119,2025-11-30,Electronics,1,27055.18,27055.18
ORD06385,CUST0157,2025-11-30,Home & Kitchen,1,5285.26,5285.26
ORD04278,CUST0322,2025-11-30,Fashion,1,1277.68,1277.68
ORD06126,CUST0130,2025-12-01,Electronics,2,4880.49,9760.98
ORD05799,CUST0188,2025-12-01,Sports & Fitness,2,795.36,1590.72
ORD06129,CUST0395,2025-12-01,Fashion,3,2897.17,8691.51
ORD06520,CUST0265,2025-12-01,Electronics,1,29307.92,29307.92
ORD01396,CUST0187,2025-12-01,Fashion,1,3210.71,3210.71
ORD01039,CUST0314,2025-12-01,Sports & Fitness,1,7699.63,7699.63
ORD05674,CUST0334,2025-12-01,Electronics,1,19701.26,19701.26
ORD05677,CUST0022,2025-12-01,Electronics,1,22864.28,22864.28
ORD06510,CUST0071,2025-12-01,Fashion,1,4300.69,4300.69
ORD01260,CUST0195,2025-12-01,Home & Kitchen,1,4024.6,4024.6
ORD06360,CUST0275,2025-12-01,Electronics,3,22940.74,68822.22
ORD03694,CUST0259,2025-12-01,Sports & Fitness,1,2970.36,2970.36
ORD03890,CUST0361,2025-12-01,Books,1,632.27,632.27
ORD02171,CUST0281,2025-12-01,Fashion,1,1265.72,1265.72
ORD06256,CUST0227,2025-12-01,Fashion,1,4952.75,4952.75
ORD06332,CUST0344,2025-12-01,Home & Kitchen,1,5653.94,5653.94
ORD03251,CUST0148,2025-12-01,Sports & Fitness,1,8907.37,8907.37
ORD06175,CUST0006,2025-12-01,Fashion,1,2355.37,2355.37
ORD05762,CUST0305,2025-12-01,Fashion,1,3481.87,3481.87
ORD06464,CUST0345,2025-12-01,Beauty & Personal Care,1,2423.84,2423.84
ORD05308,CUST0349,2025-12-01,Home & Kitchen,1,4630.08,4630.08
ORD01156,CUST0055,2025-12-01,Home & Kitchen,1,4067.45,4067.45
ORD06025,CUST0141,2025-12-01,Beauty & Personal Care,1,1232.05,1232.05
ORD05824,CUST0298,2025-12-01,Fashion,1,4988.22,4988.22
ORD03028,CUST0321,2025-12-01,Books,1,373.82,373.82
ORD05980,CUST0265,2025-12-01,Electronics,1,25162.68,25162.68
ORD06373,CUST0167,2025-12-01,Sports & Fitness,1,10661.49,10661.49
ORD06007,CUST0166,2025-12-01,Home & Kitchen,1,1382.31,1382.31
ORD01561,CUST0257,2025-12-01,Beauty & Personal Care,1,1562.61,1562.61
ORD05504,CUST0019,2025-12-01,Sports & Fitness,1,8683.98,8683.98
ORD06149,CUST0058,2025-12-01,Electronics,1,6973.06,6973.06
ORD01704,CUST0308,2025-12-02,Fashion,1,4840.89,4840.89
ORD06671,CUST0036,2025-12-02,Fashion,2,1498.21,2996.42
ORD02217,CUST0051,2025-12-02,Fashion,1,1368.66,1368.66
ORD05721,CUST0247,2025-12-02,Fashion,2,3522.04,7044.08
ORD03777,CUST0163,2025-12-02,Books,1,294.55,294.55
ORD05785,CUST0236,2025-12-02,Fashion,1,2713.29,2713.29
ORD00155,CUST0267,2025-12-02,Home & Kitchen,1,3174.04,3174.04
ORD06325,CUST0343,2025-12-02,Electronics,1,43976.47,43976.47
ORD05904,CUST0202,2025-12-02,Electronics,2,10249.38,20498.76
ORD06186,CUST0373,2025-12-02,Fashion,1,4611.87,4611.87
ORD06180,CUST0103,2025-12-02,Electronics,3,30152.76,90458.28
ORD05974,CUST0353,2025-12-02,Electronics,1,29035.84,29035.84
ORD05672,CUST0014,2025-12-02,Electronics,1,4889.83,4889.83
ORD05624,CUST0103,2025-12-02,Sports & Fitness,1,6156.15,6156.15
ORD06410,CUST0304,2025-12-02,Books,1,750.36,750.36
ORD05957,CUST0395,2025-12-02,Home & Kitchen,2,5271.82,10543.64
ORD06305,CUST0266,2025-12-02,Electronics,1,36820.09,36820.09
ORD05707,CUST0388,2025-12-02,Fashion,3,4641.17,13923.51
ORD03094,CUST0001,2025-12-02,Home & Kitchen,1,832.48,832.48
ORD06301,CUST0182,2025-12-02,Fashion,1,2372.59,2372.59
ORD04261,CUST0064,2025-12-02,Books,1,388.19,388.19
ORD00122,CUST0213,2025-12-02,Electronics,1,38059.68,38059.68
ORD04951,CUST0247,2025-12-02,Sports & Fitness,1,10334.75,10334.75
ORD06399,CUST0178,2025-12-03,Beauty & Personal Care,1,1483.33,1483.33
ORD01368,CUST0281,2025-12-03,Fashion,1,3452.67,3452.67
ORD06257,CUST0337,2025-12-03,Home & Kitchen,1,3472.05,3472.05
ORD06628,CUST0138,2025-12-03,Electronics,2,25023.98,50047.96
ORD04162,CUST0372,2025-12-03,Books,1,1017.97,1017.97
ORD05634,CUST0246,2025-12-03,Fashion,2,4011.81,8023.62
ORD06684,CUST0037,2025-12-03,Home & Kitchen,1,4043.84,4043.84
ORD06062,CUST0064,2025-12-03,Home & Kitchen,1,5450.78,5450.78
ORD06028,CUST0258,2025-12-03,Sports & Fitness,1,7536.29,7536.29
ORD03684,CUST0093,2025-12-03,Fashion,1,1177.41,1177.41
ORD06662,CUST0242,2025-12-03,Electronics,1,33020.01,33020.01
ORD06286,CUST0267,2025-12-03,Fashion,1,4024.08,4024.08
ORD02531,CUST0097,2025-12-03,Books,1,837.36,837.36
ORD06352,CUST0111,2025-12-03,Fashion,2,4345.46,8690.92
ORD05932,CUST0352,2025-12-03,Electronics,3,18200.28,54600.84
ORD05142,CUST0260,2025-12-03,Fashion,1,3849.67,3849.67
ORD00792,CUST0338,2025-12-03,Electronics,1,3717.41,3717.41
ORD06380,CUST0168,2025-12-03,Electronics,2,3881.65,7763.3
ORD06082,CUST0373,2025-12-03,Electronics,1,21337.65,21337.65
ORD03206,CUST0377,2025-12-03,Sports & Fitness,1,2242.04,2242.04
ORD06429,CUST0390,2025-12-03,Books,1,403.87,403.87
ORD05800,CUST0311,2025-12-03,Electronics,1,41960.92,41960.92
ORD06289,CUST0158,2025-12-03,Beauty & Personal Care,1,412.95,412.95
ORD04416,CUST0320,2025-12-03,Sports & Fitness,2,2935.14,5870.28
ORD00449,CUST0274,2025-12-03,Beauty & Personal Care,1,2104.5,2104.5
ORD03768,CUST0281,2025-12-03,Fashion,1,4490.73,4490.73
ORD03333,CUST0323,2025-12-03,Beauty & Personal Care,1,225.05,225.05
ORD02329,CUST0131,2025-12-04,Fashion,1,3316.99,3316.99
ORD03782,CUST0353,2025-12-04,Beauty & Personal Care,1,2923.94,2923.94
ORD05130,CUST0039,2025-12-04,Fashion,1,4943.56,4943.56
ORD04864,CUST0051,2025-12-04,Home & Kitchen,1,3984.9,3984.9
ORD06334,CUST0306,2025-12-04,Electronics,2,23807.45,47614.9
ORD05917,CUST0154,2025-12-04,Sports & Fitness,1,1285.29,1285.29
ORD06603,CUST0264,2025-12-04,Fashion,1,4375.8,4375.8
ORD06372,CUST0095,2025-12-04,Sports & Fitness,1,10042.74,10042.74
ORD05821,CUST0109,2025-12-04,Sports & Fitness,1,6116.25,6116.25
ORD05950,CUST0080,2025-12-04,Electronics,3,43176.75,129530.25
ORD06138,CUST0385,2025-12-04,Fashion,1,669.82,669.82
ORD03822,CUST0276,2025-12-04,Fashion,1,4024.03,4024.03
ORD06030,CUST0219,2025-12-04,Home & Kitchen,1,1720.88,1720.88
ORD01578,CUST0194,2025-12-04,Home & Kitchen,1,2409.89,2409.89
ORD05841,CUST0076,2025-12-04,Electronics,1,3183.99,3183.99
ORD02520,CUST0152,2025-12-04,Home & Kitchen,1,3308.78,3308.78
ORD05665,CUST0230,2025-12-04,Fashion,1,2686.2,2686.2
ORD05770,CUST0008,2025-12-04,Fashion,2,4131.44,8262.88
ORD03440,CUST0072,2025-12-04,Beauty & Personal Care,1,2346.6,2346.6
ORD05786,CUST0255,2025-12-04,Books,1,1147.42,1147.42
ORD05644,CUST0077,2025-12-04,Books,1,313.57,313.57
ORD00106,CUST0392,2025-12-04,Books,3,944.91,2834.73
ORD05549,CUST0291,2025-12-04,Electronics,1,44887.02,44887.02
ORD03312,CUST0282,2025-12-04,Electronics,1,4611.94,4611.94
ORD06643,CUST0091,2025-12-04,Electronics,1,31399.01,31399.01
ORD04467,CUST0203,2025-12-04,Sports & Fitness,1,2826.0,2826.0
ORD06155,CUST0021,2025-12-04,Electronics,1,31234.39,31234.39
ORD05846,CUST0278,2025-12-05,Fashion,2,811.46,1622.92
ORD06476,CUST0368,2025-12-05,Sports & Fitness,1,4062.24,4062.24
ORD06645,CUST0174,2025-12-05,Electronics,2,31251.01,62502.02
ORD04795,CUST0173,2025-12-05,Fashion,1,1239.08,1239.08
ORD06353,CUST0034,2025-12-05,Fashion,1,4003.09,4003.09
ORD06511,CUST0128,2025-12-05,Sports & Fitness,1,3811.42,3811.42
ORD03319,CUST0123,2025-12-05,Electronics,1,44523.48,44523.48
ORD02524,CUST0274,2025-12-05,Home & Kitchen,1,7162.47,7162.47
ORD00682,CUST0214,2025-12-05,Home & Kitchen,1,5908.46,5908.46
ORD00616,CUST0206,2025-12-05,Beauty & Personal Care,1,2085.16,2085.16
ORD06105,CUST0013,2025-12-05,Sports & Fitness,1,6198.68,6198.68
ORD06668,CUST0336,2025-12-05,Books,1,1152.86,1152.86
ORD05739,CUST0325,2025-12-05,Books,2,836.67,1673.34
ORD04146,CUST0318,2025-12-05,Fashion,1,2671.51,2671.51
ORD06008,CUST0219,2025-12-05,Books,1,257.89,257.89
ORD05620,CUST0277,2025-12-05,Electronics,1,42419.89,42419.89
ORD06421,CUST0342,2025-12-05,Beauty & Personal Care,1,3203.66,3203.66
ORD03643,CUST0120,2025-12-05,Fashion,1,4696.75,4696.75
ORD06491,CUST0021,2025-12-05,Home & Kitchen,1,6636.19,6636.19
ORD06532,CUST0293,2025-12-05,Electronics,2,13772.42,27544.84
ORD01232,CUST0121,2025-12-05,Electronics,1,33462.14,33462.14
ORD05888,CUST0230,2025-12-05,Electronics,3,31946.47,95839.41
ORD05925,CUST0261,2025-12-05,Electronics,1,35600.75,35600.75
ORD02823,CUST0029,2025-12-05,Home & Kitchen,1,4853.57,4853.57
ORD00426,CUST0017,2025-12-05,Books,1,739.36,739.36
ORD05683,CUST0057,2025-12-05,Fashion,1,3817.36,3817.36
ORD04321,CUST0007,2025-12-06,Electronics,1,25945.01,25945.01
ORD06133,CUST0156,2025-12-06,Beauty & Personal Care,2,1693.63,3387.26
ORD05990,CUST0007,2025-12-06,Fashion,1,3827.93,3827.93
ORD01470,CUST0121,2025-12-06,Electronics,1,30590.77,30590.77
ORD06239,CUST0222,2025-12-06,Electronics,2,38912.88,77825.76
ORD00885,CUST0035,2025-12-06,Books,1,651.63,651.63
ORD06074,CUST0387,2025-12-06,Fashion,1,4738.55,4738.55
ORD06044,CUST0342,2025-12-06,Electronics,1,10843.37,10843.37
ORD06051,CUST0399,2025-12-06,Electronics,2,43156.01,86312.02
ORD04939,CUST0040,2025-12-06,Books,2,590.02,1180.04
ORD00485,CUST0033,2025-12-06,Sports & Fitness,1,7463.3,7463.3
ORD06665,CUST0136,2025-12-06,Fashion,1,1475.41,1475.41
ORD05664,CUST0292,2025-12-06,Fashion,1,2327.18,2327.18
ORD05703,CUST0219,2025-12-06,Home & Kitchen,1,7453.16,7453.16
ORD04448,CUST0187,2025-12-06,Books,1,563.19,563.19
ORD06369,CUST0264,2025-12-06,Home & Kitchen,1,5495.22,5495.22
ORD04524,CUST0121,2025-12-06,Home & Kitchen,1,7420.72,7420.72
ORD06481,CUST0098,2025-12-06,Books,3,776.3,2328.9
ORD00205,CUST0308,2025-12-06,Beauty & Personal Care,1,2886.1,2886.1
ORD06405,CUST0386,2025-12-06,Electronics,1,4755.92,4755.92
ORD06639,CUST0228,2025-12-06,Sports & Fitness,2,3279.93,6559.86
ORD06282,CUST0307,2025-12-06,Home & Kitchen,1,7449.11,7449.11
ORD05834,CUST0273,2025-12-06,Electronics,1,10923.32,10923.32
ORD06111,CUST0108,2025-12-06,Electronics,1,23635.96,23635.96
ORD05780,CUST0025,2025-12-06,Fashion,1,721.25,721.25
ORD05982,CUST0130,2025-12-07,Electronics,2,18266.9,36533.8
ORD06314,CUST0370,2025-12-07,Fashion,1,2678.75,2678.75
ORD05756,CUST0390,2025-12-07,Home & Kitchen,3,6259.48,18778.44
ORD06442,CUST0145,2025-12-07,Electronics,3,13456.71,40370.13
ORD00966,CUST0063,2025-12-07,Fashion,1,4399.85,4399.85
ORD00276,CUST0066,2025-12-07,Electronics,2,42637.87,85275.74
ORD06553,CUST0018,2025-12-07,Sports & Fitness,2,11664.91,23329.82
ORD05641,CUST0396,2025-12-07,Fashion,1,3622.23,3622.23
ORD06560,CUST0108,2025-12-07,Fashion,1,4780.86,4780.86
ORD06479,CUST0180,2025-12-07,Fashion,1,1851.08,1851.08
ORD03510,CUST0052,2025-12-07,Electronics,1,27049.93,27049.93
ORD06529,CUST0324,2025-12-07,Fashion,1,1177.09,1177.09
ORD03572,CUST0256,2025-12-07,Sports & Fitness,1,7752.9,7752.9
ORD03743,CUST0051,2025-12-07,Home & Kitchen,2,5176.81,10353.62
ORD06100,CUST0129,2025-12-07,Fashion,1,4627.15,4627.15
ORD05862,CUST0332,2025-12-07,Books,1,625.37,625.37
ORD06415,CUST0299,2025-12-07,Electronics,2,38924.46,77848.92
ORD05927,CUST0334,2025-12-07,Sports & Fitness,2,6205.62,12411.24
ORD03055,CUST0226,2025-12-07,Home & Kitchen,1,7864.44,7864.44
ORD06452,CUST0236,2025-12-07,Sports & Fitness,1,1665.05,1665.05
ORD06655,CUST0260,2025-12-07,Beauty & Personal Care,1,683.45,683.45
ORD05939,CUST0176,2025-12-07,Fashion,1,4311.02,4311.02
ORD01038,CUST0375,2025-12-07,Fashion,1,2549.4,2549.4
ORD06472,CUST0377,2025-12-07,Fashion,1,1916.69,1916.69
ORD05684,CUST0234,2025-12-07,Fashion,1,4923.28,4923.28
ORD06124,CUST0249,2025-12-07,Fashion,1,3363.8,3363.8
ORD04106,CUST0260,2025-12-07,Electronics,1,27212.8,27212.8
ORD05713,CUST0312,2025-12-07,Books,1,230.41,230.41
ORD02436,CUST0058,2025-12-07,Books,1,627.13,627.13
ORD06310,CUST0309,2025-12-07,Electronics,2,33892.2,67784.4
ORD06342,CUST0307,2025-12-07,Electronics,2,22423.22,44846.44
ORD00365,CUST0165,2025-12-08,Books,1,747.85,747.85
ORD06640,CUST0366,2025-12-08,Electronics,1,20000.98,20000.98
ORD06420,CUST0212,2025-12-08,Home & Kitchen,3,5428.36,16285.08
ORD06053,CUST0180,2025-12-08,Books,1,909.16,909.16
ORD06449,CUST0072,2025-12-08,Fashion,1,2722.59,2722.59
ORD02137,CUST0341,2025-12-08,Electronics,1,40306.87,40306.87
ORD05822,CUST0380,2025-12-08,Home & Kitchen,1,5681.22,5681.22
ORD06436,CUST0296,2025-12-08,Beauty & Personal Care,1,2108.74,2108.74
ORD06033,CUST0228,2025-12-08,Fashion,2,3855.38,7710.76
ORD05711,CUST0159,2025-12-08,Home & Kitchen,2,5415.12,10830.24
ORD00820,CUST0111,2025-12-08,Books,2,845.7,1691.4
ORD01317,CUST0008,2025-12-08,Sports & Fitness,3,9908.2,29724.6
ORD06634,CUST0034,2025-12-08,Fashion,1,3482.22,3482.22
ORD02679,CUST0164,2025-12-08,Beauty & Personal Care,1,712.53,712.53
ORD06217,CUST0140,2025-12-08,Electronics,3,9545.74,28637.22
ORD01816,CUST0016,2025-12-08,Sports & Fitness,1,9411.16,9411.16
ORD06404,CUST0336,2025-12-08,Fashion,2,3667.47,7334.94
ORD06215,CUST0051,2025-12-08,Fashion,2,3893.57,7787.14
ORD06689,CUST0309,2025-12-08,Electronics,2,29747.45,59494.9
ORD05951,CUST0379,2025-12-08,Fashion,2,920.46,1840.92
ORD05652,CUST0329,2025-12-08,Fashion,1,3000.44,3000.44
ORD06619,CUST0073,2025-12-08,Beauty & Personal Care,3,496.4,1489.2
ORD06361,CUST0244,2025-12-08,Fashion,1,890.53,890.53
ORD04755,CUST0294,2025-12-08,Electronics,1,28915.36,28915.36
ORD01115,CUST0089,2025-12-08,Beauty & Personal Care,1,1706.48,1706.48
ORD06096,CUST0384,2025-12-08,Sports & Fitness,1,5760.73,5760.73
ORD06492,CUST0378,2025-12-08,Electronics,1,42360.0,42360.0
ORD06320,CUST0198,2025-12-08,Fashion,1,3031.64,3031.64
ORD06656,CUST0224,2025-12-09,Electronics,2,32847.27,65694.54
ORD06167,CUST0209,2025-12-09,Electronics,1,15969.68,15969.68
ORD06231,CUST0386,2025-12-09,Fashion,1,3198.31,3198.31
ORD04158,CUST0165,2025-12-09,Electronics,1,31774.18,31774.18
ORD00476,CUST0372,2025-12-09,Sports & Fitness,1,4920.08,4920.08
ORD06424,CUST0264,2025-12-09,Electronics,1,12941.6,12941.6
ORD06393,CUST0381,2025-12-09,Home & Kitchen,2,6852.39,13704.78
ORD03439,CUST0122,2025-12-09,Electronics,1,4746.15,4746.15
ORD01768,CUST0149,2025-12-09,Beauty & Personal Care,1,2368.75,2368.75
ORD03419,CUST0244,2025-12-09,Home & Kitchen,1,5697.15,5697.15
ORD05949,CUST0056,2025-12-09,Fashion,2,2259.9,4519.8
ORD06505,CUST0116,2025-12-09,Home & Kitchen,1,760.53,760.53
ORD05687,CUST0119,2025-12-09,Home & Kitchen,1,4672.82,4672.82
ORD06137,CUST0251,2025-12-09,Electronics,1,4848.01,4848.01
ORD06616,CUST0041,2025-12-09,Sports & Fitness,1,1369.28,1369.28
ORD03876,CUST0212,2025-12-09,Sports & Fitness,1,2969.27,2969.27
ORD01176,CUST0135,2025-12-09,Home & Kitchen,1,5867.54,5867.54
ORD06059,CUST0225,2025-12-09,Books,2,918.22,1836.44
ORD06069,CUST0076,2025-12-09,Home & Kitchen,2,440.91,881.82
ORD06666,CUST0291,2025-12-09,Fashion,1,595.54,595.54
ORD05792,CUST0259,2025-12-10,Home & Kitchen,2,750.69,1501.38
ORD06121,CUST0324,2025-12-10,Sports & Fitness,2,3641.42,7282.84
ORD04145,CUST0368,2025-12-10,Electronics,1,44280.6,44280.6
ORD00406,CUST0146,2025-12-10,Home & Kitchen,1,6966.82,6966.82
ORD06210,CUST0392,2025-12-10,Fashion,1,1812.39,1812.39
ORD06577,CUST0198,2025-12-10,Fashion,1,476.07,476.07
ORD06337,CUST0205,2025-12-10,Electronics,3,40842.16,122526.48
ORD05860,CUST0211,2025-12-10,Fashion,1,4049.73,4049.73
ORD06093,CUST0222,2025-12-10,Home & Kitchen,1,966.98,966.98
ORD05877,CUST0015,2025-12-10,Books,2,257.16,514.32
ORD06637,CUST0231,2025-12-10,Home & Kitchen,2,7373.48,14746.96
ORD05905,CUST0399,2025-12-10,Books,3,828.01,2484.03
ORD06170,CUST0198,2025-12-10,Sports & Fitness,2,9708.19,19416.38
ORD06134,CUST0069,2025-12-10,Fashion,3,3249.49,9748.47
ORD05456,CUST0261,2025-12-10,Electronics,1,13340.66,13340.66
ORD00289,CUST0366,2025-12-10,Sports & Fitness,1,4101.36,4101.36
ORD05612,CUST0285,2025-12-10,Beauty & Personal Care,1,2305.74,2305.74
ORD04023,CUST0287,2025-12-11,Fashion,1,2983.65,2983.65
ORD06584,CUST0312,2025-12-11,Fashion,1,4753.93,4753.93
ORD03699,CUST0249,2025-12-11,Books,1,1068.46,1068.46
ORD06425,CUST0235,2025-12-11,Electronics,1,11323.23,11323.23
ORD00182,CUST0300,2025-12-11,Sports & Fitness,1,5849.86,5849.86
ORD05686,CUST0382,2025-12-11,Fashion,1,2134.78,2134.78
ORD06660,CUST0251,2025-12-11,Books,2,410.11,820.22
ORD03656,CUST0173,2025-12-11,Fashion,1,3320.6,3320.6
ORD05619,CUST0104,2025-12-11,Electronics,1,15954.78,15954.78
ORD05626,CUST0335,2025-12-11,Home & Kitchen,1,5470.36,5470.36
ORD05669,CUST0244,2025-12-11,Fashion,2,3427.6,6855.2
ORD06396,CUST0020,2025-12-11,Electronics,1,30833.61,30833.61
ORD00152,CUST0365,2025-12-11,Beauty & Personal Care,1,3097.04,3097.04
ORD03682,CUST0234,2025-12-11,Beauty & Personal Care,1,559.24,559.24
ORD05706,CUST0230,2025-12-11,Beauty & Personal Care,1,3445.77,3445.77
ORD05585,CUST0277,2025-12-11,Electronics,1,21184.44,21184.44
ORD05736,CUST0246,2025-12-11,Electronics,1,36516.71,36516.71
ORD06050,CUST0322,2025-12-11,Electronics,2,3207.5,6415.0
ORD06011,CUST0010,2025-12-11,Home & Kitchen,3,2365.71,7097.13
ORD06010,CUST0073,2025-12-11,Home & Kitchen,3,5544.4,16633.2
ORD06364,CUST0026,2025-12-11,Home & Kitchen,1,1296.04,1296.04
ORD06555,CUST0055,2025-12-11,Electronics,1,20183.99,20183.99
ORD00471,CUST0383,2025-12-11,Books,3,330.69,992.07
ORD02430,CUST0015,2025-12-11,Fashion,1,2062.36,2062.36
ORD06667,CUST0240,2025-12-11,Electronics,2,21056.32,42112.64
ORD06547,CUST0164,2025-12-11,Electronics,1,24908.88,24908.88
ORD05911,CUST0288,2025-12-11,Electronics,1,30312.97,30312.97
ORD06522,CUST0048,2025-12-11,Fashion,1,2427.46,2427.46
ORD05814,CUST0331,2025-12-11,Electronics,1,7912.72,7912.72
ORD05884,CUST0154,2025-12-11,Fashion,2,4904.01,9808.02
ORD05740,CUST0142,2025-12-11,Books,1,782.4,782.4
ORD06463,CUST0202,2025-12-11,Electronics,1,8093.09,8093.09
ORD06574,CUST0273,2025-12-11,Fashion,3,4040.27,12120.81
ORD06072,CUST0249,2025-12-11,Electronics,3,20669.91,62009.73
ORD05750,CUST0351,2025-12-11,Books,1,458.22,458.22
ORD06534,CUST0105,2025-12-11,Beauty & Personal Care,1,1466.56,1466.56
ORD06652,CUST0379,2025-12-11,Books,1,899.62,899.62
ORD06283,CUST0198,2025-12-11,Fashion,1,4059.29,4059.29
ORD05794,CUST0109,2025-12-11,Fashion,1,3751.88,3751.88
ORD02710,CUST0382,2025-12-12,Home & Kitchen,1,7650.93,7650.93
ORD06375,CUST0381,2025-12-12,Sports & Fitness,1,3366.22,3366.22
ORD03066,CUST0217,2025-12-12,Beauty & Personal Care,1,1552.71,1552.71
ORD06535,CUST0378,2025-12-12,Sports & Fitness,1,1300.49,1300.49
ORD05667,CUST0083,2025-12-12,Electronics,1,31089.59,31089.59
ORD05812,CUST0385,2025-12-12,Beauty & Personal Care,2,1827.23,3654.46
ORD05935,CUST0106,2025-12-12,Sports & Fitness,1,2025.55,2025.55
ORD06251,CUST0166,2025-12-12,Home & Kitchen,1,4074.6,4074.6
ORD03157,CUST0267,2025-12-12,Electronics,1,10342.86,10342.86
ORD05705,CUST0294,2025-12-12,Sports & Fitness,2,11825.47,23650.94
ORD03428,CUST0202,2025-12-12,Home & Kitchen,1,2688.82,2688.82
ORD06419,CUST0167,2025-12-12,Fashion,1,2337.52,2337.52
ORD06650,CUST0324,2025-12-12,Sports & Fitness,1,11417.82,11417.82
ORD06418,CUST0164,2025-12-12,Electronics,1,2280.98,2280.98
ORD04655,CUST0228,2025-12-12,Home & Kitchen,1,7503.87,7503.87
ORD05701,CUST0359,2025-12-12,Electronics,2,12428.31,24856.62
ORD06585,CUST0119,2025-12-12,Electronics,2,21627.81,43255.62
ORD05459,CUST0370,2025-12-12,Sports & Fitness,1,9888.75,9888.75
ORD03760,CUST0242,2025-12-12,Electronics,1,20585.07,20585.07
ORD06073,CUST0051,2025-12-12,Electronics,1,35330.05,35330.05
ORD06602,CUST0280,2025-12-12,Electronics,1,11667.5,11667.5
ORD06089,CUST0356,2025-12-12,Electronics,1,42308.85,42308.85
ORD03630,CUST0189,2025-12-12,Books,1,509.13,509.13
ORD06274,CUST0152,2025-12-12,Fashion,1,1021.75,1021.75
ORD02019,CUST0380,2025-12-12,Home & Kitchen,2,3927.55,7855.1
ORD04947,CUST0237,2025-12-12,Electronics,1,24431.22,24431.22
ORD06487,CUST0058,2025-12-12,Electronics,1,31040.97,31040.97
ORD02638,CUST0195,2025-12-13,Electronics,1,18752.37,18752.37
ORD06562,CUST0376,2025-12-13,Fashion,2,4829.79,9659.58
ORD03701,CUST0135,2025-12-13,Fashion,1,1291.5,1291.5
ORD06648,CUST0020,2025-12-13,Electronics,1,40310.34,40310.34
ORD06154,CUST0036,2025-12-13,Sports & Fitness,1,8358.42,8358.42
ORD06573,CUST0230,2025-12-13,Fashion,1,1872.46,1872.46
ORD06686,CUST0320,2025-12-13,Fashion,1,4964.53,4964.53
ORD06381,CUST0358,2025-12-13,Beauty & Personal Care,1,2005.93,2005.93
ORD06226,CUST0063,2025-12-13,Fashion,1,3321.09,3321.09
ORD05886,CUST0052,2025-12-13,Fashion,1,3772.02,3772.02
ORD05067,CUST0392,2025-12-13,Beauty & Personal Care,2,3237.71,6475.42
ORD06244,CUST0219,2025-12-13,Home & Kitchen,1,7476.05,7476.05
ORD05798,CUST0039,2025-12-13,Sports & Fitness,1,3966.66,3966.66
ORD00530,CUST0246,2025-12-13,Fashion,1,4031.39,4031.39
ORD06322,CUST0146,2025-12-13,Electronics,2,16011.65,32023.3
ORD06411,CUST0011,2025-12-13,Home & Kitchen,2,4573.48,9146.96
ORD06384,CUST0054,2025-12-13,Fashion,1,419.96,419.96
ORD03889,CUST0126,2025-12-13,Fashion,1,4387.94,4387.94
ORD06387,CUST0321,2025-12-13,Fashion,1,4274.01,4274.01
ORD06422,CUST0004,2025-12-13,Books,1,629.96,629.96
ORD06588,CUST0124,2025-12-13,Fashion,1,625.4,625.4
ORD06501,CUST0104,2025-12-13,Sports & Fitness,2,4053.77,8107.54
ORD06437,CUST0395,2025-12-13,Electronics,1,37484.66,37484.66
ORD01880,CUST0187,2025-12-13,Electronics,1,4903.53,4903.53
ORD06582,CUST0379,2025-12-13,Fashion,1,3236.11,3236.11
ORD03280,CUST0080,2025-12-14,Books,1,430.14,430.14
ORD06558,CUST0385,2025-12-14,Electronics,1,2467.53,2467.53
ORD06146,CUST0078,2025-12-14,Electronics,1,24917.82,24917.82
ORD06631,CUST0120,2025-12-14,Electronics,2,30760.62,61521.24
ORD00125,CUST0262,2025-12-14,Sports & Fitness,2,6096.69,12193.38
ORD06195,CUST0332,2025-12-14,Sports & Fitness,2,10169.72,20339.44
ORD05827,CUST0239,2025-12-14,Fashion,3,4105.8,12317.4
ORD06641,CUST0195,2025-12-14,Fashion,3,2733.58,8200.74
ORD04821,CUST0256,2025-12-14,Home & Kitchen,1,1097.17,1097.17
ORD04576,CUST0078,2025-12-14,Beauty & Personal Care,1,2534.92,2534.92
ORD01228,CUST0079,2025-12-14,Electronics,1,10427.07,10427.07
ORD00967,CUST0028,2025-12-14,Fashion,1,1013.38,1013.38
ORD04195,CUST0137,2025-12-14,Sports & Fitness,1,4262.55,4262.55
ORD06280,CUST0005,2025-12-14,Books,1,773.6,773.6
ORD04207,CUST0142,2025-12-14,Fashion,2,1484.5,2969.0
ORD05910,CUST0160,2025-12-14,Home & Kitchen,3,1257.17,3771.51
ORD05648,CUST0092,2025-12-14,Fashion,3,2332.16,6996.48
ORD06400,CUST0069,2025-12-14,Electronics,1,41909.35,41909.35
ORD02242,CUST0295,2025-12-14,Sports & Fitness,1,9158.84,9158.84
ORD05796,CUST0240,2025-12-14,Fashion,1,1928.0,1928.0
ORD06330,CUST0112,2025-12-14,Fashion,1,4095.78,4095.78
ORD06636,CUST0295,2025-12-14,Fashion,2,4939.61,9879.22
ORD05789,CUST0295,2025-12-14,Fashion,1,488.19,488.19
ORD02044,CUST0222,2025-12-14,Books,1,635.61,635.61
ORD05772,CUST0092,2025-12-14,Books,2,947.28,1894.56
ORD03484,CUST0394,2025-12-14,Electronics,1,27972.81,27972.81
ORD05867,CUST0240,2025-12-15,Electronics,1,11993.07,11993.07
ORD05843,CUST0271,2025-12-15,Fashion,2,2807.7,5615.4
ORD05782,CUST0092,2025-12-15,Beauty & Personal Care,1,687.2,687.2
ORD06153,CUST0153,2025-12-15,Fashion,3,3735.76,11207.28
ORD03753,CUST0013,2025-12-15,Fashion,1,2213.51,2213.51
ORD06644,CUST0135,2025-12-15,Fashion,2,3658.54,7317.08
ORD05804,CUST0064,2025-12-15,Fashion,2,3743.17,7486.34
ORD04435,CUST0207,2025-12-15,Electronics,2,2469.29,4938.58
ORD05847,CUST0338,2025-12-15,Home & Kitchen,2,629.84,1259.68
ORD05988,CUST0318,2025-12-15,Books,1,1112.36,1112.36
ORD05795,CUST0064,2025-12-15,Fashion,1,4039.46,4039.46
ORD06123,CUST0159,2025-12-15,Sports & Fitness,1,7110.81,7110.81
ORD05873,CUST0286,2025-12-15,Home & Kitchen,2,3863.89,7727.78
ORD05660,CUST0168,2025-12-15,Sports & Fitness,1,2586.87,2586.87
ORD03455,CUST0278,2025-12-15,Beauty & Personal Care,1,3197.87,3197.87
ORD04897,CUST0147,2025-12-15,Electronics,1,29241.94,29241.94
ORD06545,CUST0396,2025-12-15,Fashion,2,1256.76,2513.52
ORD06548,CUST0279,2025-12-15,Sports & Fitness,2,9353.66,18707.32
ORD01755,CUST0273,2025-12-15,Electronics,2,30565.86,61131.72
ORD05906,CUST0027,2025-12-15,Electronics,1,19526.7,19526.7
ORD06009,CUST0162,2025-12-15,Home & Kitchen,1,2088.62,2088.62
ORD01113,CUST0247,2025-12-15,Fashion,1,2664.89,2664.89
ORD04944,CUST0155,2025-12-15,Sports & Fitness,1,1274.92,1274.92
ORD03981,CUST0328,2025-12-15,Electronics,1,38851.08,38851.08
ORD01924,CUST0159,2025-12-15,Fashion,1,4230.78,4230.78
ORD06392,CUST0158,2025-12-15,Fashion,1,3895.06,3895.06
ORD05521,CUST0349,2025-12-15,Electronics,1,5440.86,5440.86
ORD03899,CUST0249,2025-12-15,Home & Kitchen,1,5639.11,5639.11
ORD05719,CUST0082,2025-12-15,Beauty & Personal Care,3,2413.55,7240.65
ORD05717,CUST0324,2025-12-15,Electronics,1,40167.81,40167.81
ORD00713,CUST0296,2025-12-15,Fashion,1,2753.54,2753.54
ORD04041,CUST0336,2025-12-16,Home & Kitchen,2,2078.38,4156.76
ORD02981,CUST0066,2025-12-16,Fashion,2,4651.49,9302.98
ORD06454,CUST0187,2025-12-16,Home & Kitchen,2,1240.22,2480.44
ORD00513,CUST0137,2025-12-16,Home & Kitchen,2,3137.06,6274.12
ORD05807,CUST0015,2025-12-16,Electronics,1,34048.2,34048.2
ORD06438,CUST0056,2025-12-16,Home & Kitchen,1,2195.21,2195.21
ORD06290,CUST0153,2025-12-16,Fashion,3,1584.88,4754.64
ORD04742,CUST0301,2025-12-16,Home & Kitchen,1,3547.04,3547.04
ORD06065,CUST0206,2025-12-16,Electronics,1,3807.4,3807.4
ORD05623,CUST0309,2025-12-16,Sports & Fitness,1,5562.0,5562.0
ORD05467,CUST0068,2025-12-16,Electronics,1,37552.44,37552.44
ORD06594,CUST0223,2025-12-16,Sports & Fitness,1,2317.56,2317.56
ORD06022,CUST0021,2025-12-16,Home & Kitchen,2,380.0,760.0
ORD04682,CUST0025,2025-12-16,Home & Kitchen,1,6014.78,6014.78
ORD06109,CUST0183,2025-12-16,Fashion,1,1314.99,1314.99
ORD05959,CUST0242,2025-12-16,Fashion,1,4463.19,4463.19
ORD05732,CUST0044,2025-12-16,Electronics,2,38039.26,76078.52
ORD06341,CUST0090,2025-12-16,Home & Kitchen,1,4270.36,4270.36
ORD05735,CUST0273,2025-12-16,Sports & Fitness,1,857.46,857.46
ORD02656,CUST0123,2025-12-16,Fashion,1,3689.47,3689.47
ORD01718,CUST0096,2025-12-16,Beauty & Personal Care,2,2300.21,4600.42
ORD06106,CUST0319,2025-12-16,Home & Kitchen,1,1585.69,1585.69
ORD00516,CUST0139,2025-12-16,Electronics,1,37376.33,37376.33
ORD05747,CUST0057,2025-12-16,Electronics,1,42593.39,42593.39
ORD04994,CUST0185,2025-12-16,Sports & Fitness,1,1945.67,1945.67
ORD04141,CUST0176,2025-12-16,Electronics,1,11795.8,11795.8
ORD03887,CUST0212,2025-12-16,Sports & Fitness,1,7904.24,7904.24
ORD06366,CUST0006,2025-12-16,Fashion,1,3700.54,3700.54
ORD05404,CUST0205,2025-12-16,Electronics,1,39787.49,39787.49
ORD05768,CUST0233,2025-12-16,Sports & Fitness,1,10306.68,10306.68
ORD06340,CUST0075,2025-12-16,Home & Kitchen,1,1824.56,1824.56
ORD05412,CUST0351,2025-12-16,Electronics,1,27855.21,27855.21
ORD05863,CUST0087,2025-12-16,Fashion,1,2153.87,2153.87
ORD06441,CUST0394,2025-12-16,Home & Kitchen,2,6386.94,12773.88
ORD06253,CUST0143,2025-12-16,Electronics,1,4524.79,4524.79
ORD06318,CUST0110,2025-12-16,Fashion,3,4812.49,14437.47
ORD06184,CUST0249,2025-12-16,Sports & Fitness,1,6482.81,6482.81
ORD06157,CUST0393,2025-12-16,Books,1,990.99,990.99
ORD05892,CUST0017,2025-12-17,Home & Kitchen,1,5322.12,5322.12
ORD06142,CUST0210,2025-12-17,Home & Kitchen,1,4011.98,4011.98
ORD05817,CUST0292,2025-12-17,Fashion,1,3759.63,3759.63
ORD06048,CUST0005,2025-12-17,Electronics,1,31142.65,31142.65
ORD06623,CUST0319,2025-12-17,Home & Kitchen,1,6344.11,6344.11
ORD06178,CUST0064,2025-12-17,Home & Kitchen,3,6646.66,19939.98
ORD06021,CUST0001,2025-12-17,Books,1,1119.66,1119.66
ORD05650,CUST0212,2025-12-17,Sports & Fitness,1,1706.08,1706.08
ORD02417,CUST0365,2025-12-17,Fashion,1,2377.34,2377.34
ORD06362,CUST0399,2025-12-17,Fashion,1,4652.06,4652.06
ORD06509,CUST0135,2025-12-17,Sports & Fitness,1,3429.44,3429.44
ORD00138,CUST0293,2025-12-17,Electronics,1,44421.14,44421.14
ORD05679,CUST0252,2025-12-17,Fashion,2,2483.96,4967.92
ORD05999,CUST0161,2025-12-17,Fashion,1,2781.67,2781.67
ORD06233,CUST0287,2025-12-17,Electronics,1,10496.01,10496.01
ORD06447,CUST0024,2025-12-17,Electronics,3,5102.19,15306.57
ORD06570,CUST0258,2025-12-17,Fashion,1,4090.08,4090.08
ORD05733,CUST0171,2025-12-17,Electronics,3,15690.29,47070.87
ORD05737,CUST0056,2025-12-17,Electronics,2,42104.64,84209.28
ORD06139,CUST0068,2025-12-17,Home & Kitchen,2,717.98,1435.96
ORD03329,CUST0006,2025-12-17,Sports & Fitness,2,5871.69,11743.38
ORD06201,CUST0155,2025-12-17,Electronics,3,6296.29,18888.87
ORD01657,CUST0116,2025-12-17,Electronics,3,20479.11,61437.33
ORD06443,CUST0253,2025-12-17,Beauty & Personal Care,3,1495.09,4485.27
ORD05771,CUST0053,2025-12-17,Electronics,3,15310.94,45932.82
ORD05788,CUST0252,2025-12-17,Electronics,1,35353.87,35353.87
ORD05040,CUST0047,2025-12-17,Home & Kitchen,1,4862.95,4862.95
ORD06430,CUST0097,2025-12-18,Electronics,1,7831.87,7831.87
ORD00840,CUST0379,2025-12-18,Sports & Fitness,1,8293.82,8293.82
ORD06039,CUST0083,2025-12-18,Electronics,2,2906.23,5812.46
ORD03902,CUST0296,2025-12-18,Sports & Fitness,1,6454.56,6454.56
ORD06593,CUST0055,2025-12-18,Books,1,157.42,157.42
ORD01467,CUST0067,2025-12-18,Books,3,591.94,1775.82
ORD06171,CUST0337,2025-12-18,Fashion,1,2706.61,2706.61
ORD06625,CUST0206,2025-12-18,Sports & Fitness,2,9742.15,19484.3
ORD00360,CUST0397,2025-12-18,Sports & Fitness,1,11771.25,11771.25
ORD00884,CUST0378,2025-12-18,Electronics,1,32209.1,32209.1
ORD06597,CUST0200,2025-12-18,Books,2,948.93,1897.86
ORD05645,CUST0062,2025-12-18,Sports & Fitness,2,3907.37,7814.74
ORD04670,CUST0117,2025-12-18,Books,1,565.54,565.54
ORD06455,CUST0315,2025-12-18,Sports & Fitness,1,3856.64,3856.64
ORD06659,CUST0260,2025-12-18,Fashion,3,2981.76,8945.28
ORD01931,CUST0237,2025-12-18,Electronics,1,33646.15,33646.15
ORD05406,CUST0063,2025-12-18,Home & Kitchen,1,4748.33,4748.33
ORD06311,CUST0268,2025-12-18,Fashion,1,594.76,594.76
ORD00032,CUST0042,2025-12-18,Books,1,1013.71,1013.71
ORD01003,CUST0380,2025-12-18,Home & Kitchen,1,369.97,369.97
ORD03651,CUST0206,2025-12-18,Electronics,1,10308.71,10308.71
ORD06528,CUST0389,2025-12-18,Electronics,2,15274.15,30548.3
ORD00410,CUST0292,2025-12-18,Electronics,2,18670.94,37341.88
ORD06590,CUST0316,2025-12-18,Fashion,1,4436.19,4436.19
ORD06196,CUST0124,2025-12-18,Beauty & Personal Care,2,1107.09,2214.18
ORD05894,CUST0376,2025-12-18,Books,1,159.73,159.73
ORD05749,CUST0157,2025-12-18,Home & Kitchen,1,2523.03,2523.03
ORD05282,CUST0132,2025-12-18,Sports & Fitness,1,4831.76,4831.76
ORD06277,CUST0382,2025-12-18,Electronics,1,20774.93,20774.93
ORD00252,CUST0019,2025-12-18,Beauty & Personal Care,2,892.48,1784.96
ORD06391,CUST0265,2025-12-19,Electronics,1,37990.69,37990.69
ORD06343,CUST0333,2025-12-19,Electronics,1,6480.0,6480.0
ORD06269,CUST0396,2025-12-19,Electronics,1,42046.85,42046.85
ORD06627,CUST0396,2025-12-19,Beauty & Personal Care,1,584.17,584.17
ORD03458,CUST0176,2025-12-19,Electronics,1,24304.18,24304.18
ORD03773,CUST0384,2025-12-19,Fashion,1,4455.58,4455.58
ORD06284,CUST0129,2025-12-19,Sports & Fitness,1,6555.34,6555.34
ORD00938,CUST0279,2025-12-19,Home & Kitchen,1,7855.1,7855.1
ORD06238,CUST0155,2025-12-19,Fashion,1,3775.38,3775.38
ORD02453,CUST0308,2025-12-19,Sports & Fitness,1,10233.01,10233.01
ORD03059,CUST0338,2025-12-19,Fashion,1,1265.48,1265.48
ORD06143,CUST0310,2025-12-19,Sports & Fitness,2,2597.58,5195.16
ORD06530,CUST0075,2025-12-19,Home & Kitchen,1,3367.45,3367.45
ORD05670,CUST0196,2025-12-19,Home & Kitchen,2,3882.93,7765.86
ORD04395,CUST0361,2025-12-19,Electronics,1,7329.8,7329.8
ORD01849,CUST0325,2025-12-19,Books,1,981.5,981.5
ORD06542,CUST0211,2025-12-19,Sports & Fitness,3,6925.57,20776.71
ORD05820,CUST0110,2025-12-19,Electronics,2,41508.97,83017.94
ORD05898,CUST0090,2025-12-19,Fashion,1,2851.15,2851.15
ORD06432,CUST0282,2025-12-19,Books,1,1023.59,1023.59
ORD06435,CUST0369,2025-12-19,Sports & Fitness,1,3293.95,3293.95
ORD01605,CUST0400,2025-12-19,Home & Kitchen,1,5929.49,5929.49
ORD04342,CUST0035,2025-12-19,Books,1,543.1,543.1
ORD04609,CUST0032,2025-12-19,Electronics,1,24660.28,24660.28
ORD06551,CUST0273,2025-12-19,Electronics,1,43067.72,43067.72
ORD02357,CUST0113,2025-12-19,Home & Kitchen,1,1386.16,1386.16
ORD06507,CUST0250,2025-12-19,Beauty & Personal Care,1,3105.59,3105.59
ORD05979,CUST0119,2025-12-19,Fashion,2,2151.11,4302.22
ORD05630,CUST0249,2025-12-19,Electronics,1,27254.58,27254.58
ORD00311,CUST0327,2025-12-19,Sports & Fitness,1,9756.43,9756.43
ORD01366,CUST0356,2025-12-19,Electronics,2,1909.76,3819.52
ORD06164,CUST0105,2025-12-19,Sports & Fitness,1,4102.81,4102.81
ORD06012,CUST0118,2025-12-19,Fashion,2,2360.33,4720.66
ORD02279,CUST0337,2025-12-19,Sports & Fitness,1,4284.6,4284.6
ORD01198,CUST0257,2025-12-20,Fashion,1,4097.76,4097.76
ORD00660,CUST0335,2025-12-20,Electronics,2,31461.17,62922.34
ORD01757,CUST0262,2025-12-20,Electronics,1,34748.09,34748.09
ORD05844,CUST0188,2025-12-20,Sports & Fitness,1,6490.09,6490.09
ORD06382,CUST0153,2025-12-20,Fashion,3,2170.47,6511.41
ORD02831,CUST0047,2025-12-20,Sports & Fitness,1,5658.04,5658.04
ORD05755,CUST0173,2025-12-20,Fashion,2,3735.43,7470.86
ORD05801,CUST0024,2025-12-20,Sports & Fitness,2,1996.39,3992.78
ORD00743,CUST0298,2025-12-20,Sports & Fitness,1,2756.83,2756.83
ORD05628,CUST0046,2025-12-20,Sports & Fitness,2,4880.79,9761.58
ORD05606,CUST0258,2025-12-20,Home & Kitchen,1,4615.97,4615.97
ORD05618,CUST0186,2025-12-20,Home & Kitchen,1,3049.8,3049.8
ORD06333,CUST0388,2025-12-20,Books,1,486.85,486.85
ORD06568,CUST0026,2025-12-20,Sports & Fitness,2,6057.91,12115.82
ORD06197,CUST0041,2025-12-20,Fashion,1,3847.23,3847.23
ORD06596,CUST0118,2025-12-20,Fashion,1,4820.41,4820.41
ORD06156,CUST0098,2025-12-20,Beauty & Personal Care,1,230.93,230.93
ORD01328,CUST0319,2025-12-20,Beauty & Personal Care,1,2778.26,2778.26
ORD06013,CUST0343,2025-12-20,Home & Kitchen,1,4195.02,4195.02
ORD02571,CUST0258,2025-12-20,Sports & Fitness,1,690.2,690.2
ORD04972,CUST0310,2025-12-20,Sports & Fitness,3,2739.09,8217.27
ORD03847,CUST0182,2025-12-20,Books,1,831.27,831.27
ORD06474,CUST0070,2025-12-20,Fashion,2,3748.85,7497.7
ORD06610,CUST0078,2025-12-20,Electronics,1,24211.54,24211.54
ORD04185,CUST0195,2025-12-20,Beauty & Personal Care,2,774.42,1548.84
ORD02625,CUST0308,2025-12-20,Sports & Fitness,1,8858.41,8858.41
ORD03763,CUST0281,2025-12-20,Home & Kitchen,1,5729.13,5729.13
ORD02376,CUST0155,2025-12-20,Beauty & Personal Care,1,2858.6,2858.6
ORD04666,CUST0019,2025-12-20,Home & Kitchen,2,1525.53,3051.06
ORD06076,CUST0246,2025-12-20,Electronics,1,16065.61,16065.61
ORD04288,CUST0016,2025-12-20,Fashion,2,2361.74,4723.48
ORD00115,CUST0314,2025-12-20,Electronics,1,40424.52,40424.52
ORD06218,CUST0026,2025-12-20,Fashion,1,1888.01,1888.01
ORD01864,CUST0318,2025-12-20,Beauty & Personal Care,2,1894.16,3788.32
ORD05254,CUST0222,2025-12-21,Fashion,2,4195.58,8391.16
ORD06390,CUST0030,2025-12-21,Fashion,1,4989.62,4989.62
ORD01076,CUST0083,2025-12-21,Home & Kitchen,1,4724.28,4724.28
ORD03689,CUST0281,2025-12-21,Electronics,1,11821.76,11821.76
ORD04585,CUST0159,2025-12-21,Beauty & Personal Care,1,3491.76,3491.76
ORD04136,CUST0299,2025-12-21,Electronics,1,25562.6,25562.6
ORD06448,CUST0107,2025-12-21,Home & Kitchen,1,7996.12,7996.12
ORD00213,CUST0042,2025-12-21,Fashion,1,2129.09,2129.09
ORD06299,CUST0371,2025-12-21,Fashion,2,4745.01,9490.02
ORD02316,CUST0136,2025-12-21,Sports & Fitness,1,2393.71,2393.71
ORD06232,CUST0112,2025-12-21,Sports & Fitness,1,8019.9,8019.9
ORD03447,CUST0246,2025-12-21,Sports & Fitness,1,7758.5,7758.5
ORD05897,CUST0081,2025-12-21,Fashion,1,1430.02,1430.02
ORD05875,CUST0037,2025-12-21,Home & Kitchen,1,4602.2,4602.2
ORD06367,CUST0249,2025-12-21,Home & Kitchen,1,7440.15,7440.15
ORD01523,CUST0281,2025-12-21,Electronics,3,36554.81,109664.43
ORD06557,CUST0033,2025-12-21,Home & Kitchen,1,2061.89,2061.89
ORD06211,CUST0031,2025-12-21,Fashion,1,3609.64,3609.64
ORD06526,CUST0143,2025-12-21,Electronics,1,27505.93,27505.93
ORD05781,CUST0351,2025-12-21,Home & Kitchen,1,6450.84,6450.84
ORD05738,CUST0373,2025-12-21,Home & Kitchen,1,6169.83,6169.83
ORD06006,CUST0089,2025-12-21,Fashion,1,3568.2,3568.2
ORD05730,CUST0292,2025-12-21,Electronics,1,34259.68,34259.68
ORD05724,CUST0371,2025-12-21,Fashion,1,4501.99,4501.99
ORD06312,CUST0078,2025-12-21,Electronics,1,29545.47,29545.47
ORD06552,CUST0337,2025-12-21,Electronics,1,13868.12,13868.12
ORD01436,CUST0331,2025-12-21,Sports & Fitness,1,4522.74,4522.74
ORD06525,CUST0159,2025-12-21,Electronics,1,12819.34,12819.34
ORD06347,CUST0137,2025-12-21,Home & Kitchen,1,5485.7,5485.7
ORD05087,CUST0074,2025-12-22,Books,1,918.81,918.81
ORD06279,CUST0388,2025-12-22,Fashion,1,1306.65,1306.65
ORD05695,CUST0366,2025-12-22,Electronics,1,25825.31,25825.31
ORD00258,CUST0051,2025-12-22,Fashion,2,3609.28,7218.56
ORD06554,CUST0154,2025-12-22,Beauty & Personal Care,2,3323.1,6646.2
ORD00231,CUST0268,2025-12-22,Home & Kitchen,2,6582.79,13165.58
ORD06016,CUST0249,2025-12-22,Fashion,1,1486.92,1486.92
ORD06041,CUST0038,2025-12-22,Electronics,1,17800.39,17800.39
ORD05086,CUST0153,2025-12-22,Electronics,1,31649.32,31649.32
ORD03884,CUST0039,2025-12-22,Books,1,199.5,199.5
ORD02676,CUST0382,2025-12-22,Electronics,1,23749.67,23749.67
ORD06550,CUST0386,2025-12-22,Fashion,1,2135.56,2135.56
ORD05943,CUST0047,2025-12-22,Fashion,1,983.71,983.71
ORD06287,CUST0180,2025-12-22,Electronics,1,26209.72,26209.72
ORD02905,CUST0339,2025-12-22,Fashion,1,2651.47,2651.47
ORD06676,CUST0054,2025-12-22,Electronics,1,12784.17,12784.17
ORD05924,CUST0138,2025-12-22,Electronics,1,1716.48,1716.48
ORD06294,CUST0273,2025-12-22,Home & Kitchen,1,2529.74,2529.74
ORD06500,CUST0233,2025-12-22,Fashion,2,4824.18,9648.36
ORD03185,CUST0007,2025-12-22,Electronics,1,18071.14,18071.14
ORD03186,CUST0134,2025-12-22,Electronics,1,40324.25,40324.25
ORD05831,CUST0153,2025-12-22,Electronics,1,3431.25,3431.25
ORD05646,CUST0107,2025-12-22,Beauty & Personal Care,2,550.78,1101.56
ORD06517,CUST0167,2025-12-22,Fashion,1,1656.44,1656.44
ORD06388,CUST0118,2025-12-22,Fashion,1,2346.6,2346.6
ORD05955,CUST0384,2025-12-22,Books,2,579.29,1158.58
ORD06262,CUST0310,2025-12-22,Beauty & Personal Care,2,2710.92,5421.84
ORD06496,CUST0326,2025-12-22,Electronics,1,24272.18,24272.18
ORD06651,CUST0051,2025-12-22,Sports & Fitness,1,2380.73,2380.73
ORD06298,CUST0311,2025-12-23,Home & Kitchen,1,4474.06,4474.06
ORD04311,CUST0265,2025-12-23,Beauty & Personal Care,1,1040.11,1040.11
ORD06654,CUST0037,2025-12-23,Electronics,1,32434.02,32434.02
ORD05995,CUST0386,2025-12-23,Electronics,1,33188.74,33188.74
ORD06104,CUST0038,2025-12-23,Electronics,1,10317.4,10317.4
ORD06624,CUST0338,2025-12-23,Home & Kitchen,3,2715.5,8146.5
ORD06427,CUST0333,2025-12-23,Home & Kitchen,1,1274.22,1274.22
ORD04600,CUST0093,2025-12-23,Home & Kitchen,1,4062.07,4062.07
ORD06216,CUST0080,2025-12-23,Fashion,1,3086.28,3086.28
ORD03443,CUST0100,2025-12-23,Electronics,1,25549.82,25549.82
ORD06234,CUST0114,2025-12-23,Fashion,1,581.93,581.93
ORD06185,CUST0048,2025-12-23,Fashion,2,1317.05,2634.1
ORD06303,CUST0300,2025-12-23,Beauty & Personal Care,2,3434.83,6869.66
ORD06015,CUST0205,2025-12-23,Fashion,1,4986.31,4986.31
ORD05802,CUST0294,2025-12-23,Sports & Fitness,1,6190.61,6190.61
ORD06125,CUST0237,2025-12-23,Books,2,496.47,992.94
ORD00076,CUST0056,2025-12-23,Fashion,2,3125.08,6250.16
ORD06674,CUST0111,2025-12-23,Home & Kitchen,1,4477.67,4477.67
ORD06521,CUST0016,2025-12-23,Fashion,2,2989.16,5978.32
ORD01218,CUST0276,2025-12-23,Home & Kitchen,1,1564.88,1564.88
ORD06200,CUST0049,2025-12-23,Books,2,1061.32,2122.64
ORD00451,CUST0315,2025-12-23,Sports & Fitness,1,11705.28,11705.28
ORD01589,CUST0095,2025-12-23,Electronics,2,33869.51,67739.02
ORD03621,CUST0056,2025-12-23,Electronics,1,16656.39,16656.39
ORD06336,CUST0226,2025-12-23,Sports & Fitness,1,8047.75,8047.75
ORD06499,CUST0196,2025-12-23,Electronics,3,24613.76,73841.28
ORD05823,CUST0270,2025-12-23,Sports & Fitness,3,2302.94,6908.82
ORD05819,CUST0102,2025-12-23,Electronics,1,7253.03,7253.03
ORD06524,CUST0135,2025-12-24,Beauty & Personal Care,2,1611.89,3223.78
ORD06389,CUST0094,2025-12-24,Sports & Fitness,3,6046.66,18139.98
ORD06348,CUST0203,2025-12-24,Electronics,1,29749.23,29749.23
ORD02060,CUST0039,2025-12-24,Fashion,2,1552.04,3104.08
ORD06635,CUST0146,2025-12-24,Books,1,326.02,326.02
ORD01475,CUST0381,2025-12-24,Books,2,1157.07,2314.14
ORD06546,CUST0256,2025-12-24,Home & Kitchen,1,3972.6,3972.6
ORD05603,CUST0313,2025-12-24,Fashion,1,2398.02,2398.02
ORD00030,CUST0201,2025-12-24,Sports & Fitness,1,8536.73,8536.73
ORD06409,CUST0073,2025-12-24,Home & Kitchen,1,859.71,859.71
ORD01859,CUST0372,2025-12-24,Home & Kitchen,1,7919.3,7919.3
ORD06285,CUST0189,2025-12-24,Beauty & Personal Care,1,1104.68,1104.68
ORD06102,CUST0200,2025-12-24,Fashion,1,1105.81,1105.81
ORD05791,CUST0043,2025-12-24,Fashion,1,2271.1,2271.1
ORD05946,CUST0346,2025-12-24,Beauty & Personal Care,2,1074.43,2148.86
ORD01208,CUST0010,2025-12-24,Fashion,1,2053.35,2053.35
ORD06288,CUST0329,2025-12-24,Electronics,1,30827.15,30827.15
ORD05859,CUST0046,2025-12-24,Home & Kitchen,1,6567.1,6567.1
ORD06486,CUST0099,2025-12-24,Home & Kitchen,1,4016.07,4016.07
ORD05370,CUST0127,2025-12-24,Electronics,1,14604.93,14604.93
ORD06498,CUST0274,2025-12-24,Books,1,417.32,417.32
ORD05779,CUST0023,2025-12-24,Beauty & Personal Care,2,2352.16,4704.32
ORD02104,CUST0233,2025-12-24,Sports & Fitness,1,8642.27,8642.27
ORD01132,CUST0105,2025-12-24,Electronics,1,7723.19,7723.19
ORD06468,CUST0174,2025-12-24,Electronics,2,2492.33,4984.66
ORD06428,CUST0073,2025-12-24,Home & Kitchen,1,6489.57,6489.57
ORD02477,CUST0391,2025-12-24,Fashion,3,1924.41,5773.23
ORD05748,CUST0309,2025-12-24,Fashion,2,3310.9,6621.8
ORD05658,CUST0149,2025-12-24,Electronics,1,17116.41,17116.41
ORD05655,CUST0007,2025-12-24,Electronics,2,39606.91,79213.82
ORD05969,CUST0038,2025-12-24,Books,1,418.11,418.11
ORD03942,CUST0026,2025-12-25,Books,1,798.94,798.94
ORD06254,CUST0219,2025-12-25,Electronics,1,37848.07,37848.07
ORD06414,CUST0014,2025-12-25,Electronics,1,42817.86,42817.86
ORD05659,CUST0072,2025-12-25,Fashion,2,4818.54,9637.08
ORD00207,CUST0014,2025-12-25,Books,1,521.95,521.95
ORD06220,CUST0228,2025-12-25,Electronics,1,11710.75,11710.75
ORD06613,CUST0388,2025-12-25,Books,1,987.15,987.15
ORD05899,CUST0089,2025-12-25,Fashion,1,1123.17,1123.17
ORD06475,CUST0326,2025-12-25,Electronics,1,6708.88,6708.88
ORD03748,CUST0281,2025-12-25,Electronics,2,4598.97,9197.94
ORD06245,CUST0344,2025-12-25,Beauty & Personal Care,1,1881.94,1881.94
ORD00281,CUST0026,2025-12-25,Home & Kitchen,3,3774.54,11323.62
ORD01955,CUST0046,2025-12-25,Sports & Fitness,1,4480.23,4480.23
ORD06646,CUST0243,2025-12-25,Beauty & Personal Care,2,214.23,428.46
ORD06338,CUST0120,2025-12-25,Fashion,3,1097.34,3292.02
ORD06395,CUST0163,2025-12-25,Electronics,1,27876.99,27876.99
ORD05832,CUST0037,2025-12-25,Home & Kitchen,2,5313.35,10626.7
ORD01182,CUST0280,2025-12-25,Home & Kitchen,1,2896.54,2896.54
ORD06081,CUST0002,2025-12-25,Electronics,1,33675.7,33675.7
ORD05479,CUST0056,2025-12-25,Electronics,1,9965.11,9965.11
ORD06416,CUST0364,2025-12-25,Books,1,343.59,343.59
ORD00751,CUST0011,2025-12-25,Home & Kitchen,1,6123.15,6123.15
ORD06161,CUST0023,2025-12-25,Fashion,1,1602.21,1602.21
ORD06316,CUST0121,2025-12-25,Home & Kitchen,1,6506.19,6506.19
ORD05861,CUST0170,2025-12-25,Electronics,1,8264.06,8264.06
ORD00354,CUST0325,2025-12-25,Fashion,1,884.19,884.19
ORD02508,CUST0056,2025-12-25,Home & Kitchen,1,5084.32,5084.32
ORD05914,CUST0358,2025-12-25,Fashion,3,2749.08,8247.24
ORD06147,CUST0296,2025-12-25,Fashion,1,3445.61,3445.61
ORD02222,CUST0117,2025-12-25,Home & Kitchen,1,1534.88,1534.88
ORD03783,CUST0056,2025-12-25,Home & Kitchen,3,6497.94,19493.82
ORD05745,CUST0029,2025-12-25,Fashion,1,4016.68,4016.68
ORD06581,CUST0229,2025-12-25,Sports & Fitness,1,2215.51,2215.51
ORD00461,CUST0313,2025-12-25,Electronics,1,7062.21,7062.21
ORD04917,CUST0081,2025-12-25,Fashion,1,4371.58,4371.58
ORD05975,CUST0196,2025-12-25,Electronics,1,21994.34,21994.34
ORD06349,CUST0016,2025-12-25,Books,1,581.87,581.87
ORD05926,CUST0262,2025-12-25,Home & Kitchen,3,1696.84,5090.52
ORD03608,CUST0298,2025-12-25,Electronics,2,27022.71,54045.42
ORD05616,CUST0127,2025-12-25,Home & Kitchen,3,3779.24,11337.72
ORD01454,CUST0175,2025-12-25,Home & Kitchen,1,1074.77,1074.77
ORD04217,CUST0029,2025-12-26,Home & Kitchen,1,3937.48,3937.48
ORD06227,CUST0260,2025-12-26,Electronics,2,20057.96,40115.92
ORD06317,CUST0371,2025-12-26,Electronics,1,19369.67,19369.67
ORD04587,CUST0252,2025-12-26,Electronics,3,24141.03,72423.09
ORD06516,CUST0149,2025-12-26,Sports & Fitness,1,6332.35,6332.35
ORD02803,CUST0184,2025-12-26,Fashion,1,2373.62,2373.62
ORD06607,CUST0291,2025-12-26,Sports & Fitness,1,6310.98,6310.98
ORD06306,CUST0362,2025-12-26,Sports & Fitness,1,9092.33,9092.33
ORD05690,CUST0221,2025-12-26,Electronics,2,4260.02,8520.04
ORD06246,CUST0153,2025-12-26,Sports & Fitness,2,8829.92,17659.84
ORD03026,CUST0349,2025-12-26,Home & Kitchen,1,7865.63,7865.63
ORD01877,CUST0089,2025-12-26,Books,1,511.05,511.05
ORD06490,CUST0304,2025-12-26,Electronics,2,38929.61,77859.22
ORD06397,CUST0353,2025-12-26,Fashion,1,3468.54,3468.54
ORD00750,CUST0381,2025-12-26,Sports & Fitness,3,11127.24,33381.72
ORD05314,CUST0067,2025-12-26,Fashion,1,4494.22,4494.22
ORD06408,CUST0393,2025-12-26,Fashion,1,2507.59,2507.59
ORD06670,CUST0391,2025-12-26,Electronics,1,10968.67,10968.67
ORD04194,CUST0172,2025-12-26,Sports & Fitness,1,731.86,731.86
ORD06544,CUST0302,2025-12-26,Books,2,385.72,771.44
ORD05996,CUST0042,2025-12-26,Sports & Fitness,1,6137.8,6137.8
ORD04741,CUST0157,2025-12-26,Sports & Fitness,1,5381.03,5381.03
ORD06107,CUST0083,2025-12-26,Fashion,1,1740.92,1740.92
ORD02482,CUST0234,2025-12-26,Fashion,1,1655.93,1655.93
ORD06484,CUST0314,2025-12-26,Fashion,1,1132.11,1132.11
ORD05757,CUST0361,2025-12-26,Electronics,1,18754.09,18754.09
ORD04543,CUST0161,2025-12-26,Fashion,1,3036.13,3036.13
ORD05656,CUST0082,2025-12-26,Electronics,1,14169.34,14169.34
ORD06240,CUST0191,2025-12-27,Fashion,1,3190.65,3190.65
ORD06055,CUST0125,2025-12-27,Books,1,999.55,999.55
ORD00544,CUST0271,2025-12-27,Fashion,2,1243.83,2487.66
ORD06085,CUST0024,2025-12-27,Electronics,1,3182.72,3182.72
ORD02563,CUST0332,2025-12-27,Fashion,1,2004.02,2004.02
ORD06067,CUST0036,2025-12-27,Beauty & Personal Care,1,2358.31,2358.31
ORD05566,CUST0178,2025-12-27,Sports & Fitness,2,625.89,1251.78
ORD03075,CUST0167,2025-12-27,Fashion,1,1500.21,1500.21
ORD05156,CUST0228,2025-12-27,Fashion,1,2840.92,2840.92
ORD05769,CUST0072,2025-12-27,Electronics,1,40105.33,40105.33
ORD01372,CUST0346,2025-12-27,Beauty & Personal Care,1,1701.91,1701.91
ORD05880,CUST0072,2025-12-27,Fashion,2,2332.47,4664.94
ORD06533,CUST0359,2025-12-27,Electronics,3,17306.34,51919.02
ORD06540,CUST0208,2025-12-27,Fashion,1,3354.57,3354.57
ORD06268,CUST0211,2025-12-27,Home & Kitchen,2,3878.53,7757.06
ORD06365,CUST0089,2025-12-27,Electronics,2,14258.01,28516.02
ORD00255,CUST0399,2025-12-27,Fashion,1,3326.42,3326.42
ORD06423,CUST0337,2025-12-27,Electronics,1,15900.26,15900.26
ORD00770,CUST0029,2025-12-27,Home & Kitchen,1,7028.84,7028.84
ORD05865,CUST0161,2025-12-27,Home & Kitchen,1,4220.81,4220.81
ORD06127,CUST0134,2025-12-27,Sports & Fitness,1,8039.99,8039.99
ORD02634,CUST0171,2025-12-27,Fashion,2,4781.14,9562.28
ORD06657,CUST0250,2025-12-27,Electronics,1,9328.87,9328.87
ORD06321,CUST0288,2025-12-27,Fashion,1,3031.99,3031.99
ORD01169,CUST0323,2025-12-27,Beauty & Personal Care,1,777.12,777.12
ORD06297,CUST0103,2025-12-27,Books,1,803.24,803.24
ORD06228,CUST0294,2025-12-27,Sports & Fitness,1,11910.45,11910.45
ORD05849,CUST0202,2025-12-27,Electronics,1,36523.92,36523.92
ORD06098,CUST0388,2025-12-27,Beauty & Personal Care,1,700.96,700.96
ORD05790,CUST0015,2025-12-28,Beauty & Personal Care,1,2152.7,2152.7
ORD05811,CUST0131,2025-12-28,Home & Kitchen,1,7390.64,7390.64
ORD06620,CUST0143,2025-12-28,Beauty & Personal Care,1,659.42,659.42
ORD03553,CUST0070,2025-12-28,Home & Kitchen,1,2592.07,2592.07
ORD04645,CUST0236,2025-12-28,Electronics,2,35048.79,70097.58
ORD06578,CUST0006,2025-12-28,Books,1,612.09,612.09
ORD05810,CUST0067,2025-12-28,Electronics,1,14817.68,14817.68
ORD06099,CUST0152,2025-12-28,Home & Kitchen,1,1697.28,1697.28
ORD05715,CUST0142,2025-12-28,Electronics,1,27467.38,27467.38
ORD06128,CUST0375,2025-12-28,Sports & Fitness,1,11559.97,11559.97
ORD05901,CUST0299,2025-12-28,Sports & Fitness,1,4278.48,4278.48
ORD05945,CUST0303,2025-12-28,Electronics,1,19619.22,19619.22
ORD06658,CUST0229,2025-12-28,Fashion,1,2178.49,2178.49
ORD00777,CUST0197,2025-12-28,Electronics,2,37153.02,74306.04
ORD06543,CUST0333,2025-12-28,Home & Kitchen,1,3036.91,3036.91
ORD06600,CUST0183,2025-12-28,Sports & Fitness,3,11630.4,34891.2
ORD04837,CUST0320,2025-12-28,Electronics,1,6522.37,6522.37
ORD02936,CUST0015,2025-12-28,Beauty & Personal Care,3,2766.6,8299.8
ORD00173,CUST0160,2025-12-28,Electronics,1,15083.82,15083.82
ORD05922,CUST0278,2025-12-28,Fashion,2,4420.6,8841.2
ORD06092,CUST0301,2025-12-28,Books,2,1119.44,2238.88
ORD05855,CUST0369,2025-12-28,Sports & Fitness,2,8513.41,17026.82
ORD06058,CUST0056,2025-12-28,Electronics,2,1688.58,3377.16
ORD06569,CUST0386,2025-12-28,Electronics,1,4308.3,4308.3
ORD06057,CUST0061,2025-12-28,Fashion,1,1819.69,1819.69
ORD05828,CUST0009,2025-12-28,Fashion,1,1689.01,1689.01
ORD06591,CUST0322,2025-12-28,Home & Kitchen,3,2246.19,6738.57
ORD06132,CUST0190,2025-12-29,Sports & Fitness,3,1422.08,4266.24
ORD02591,CUST0159,2025-12-29,Books,1,395.38,395.38
ORD06431,CUST0288,2025-12-29,Beauty & Personal Care,2,3106.71,6213.42
ORD01723,CUST0395,2025-12-29,Electronics,1,32759.26,32759.26
ORD01825,CUST0002,2025-12-29,Electronics,1,6926.02,6926.02
ORD06017,CUST0350,2025-12-29,Electronics,1,20255.66,20255.66
ORD04899,CUST0048,2025-12-29,Books,1,303.15,303.15
ORD06462,CUST0385,2025-12-29,Books,2,796.23,1592.46
ORD05729,CUST0313,2025-12-29,Home & Kitchen,1,5717.78,5717.78
ORD01027,CUST0035,2025-12-29,Home & Kitchen,1,3620.32,3620.32
ORD06609,CUST0041,2025-12-29,Electronics,1,26922.72,26922.72
ORD03090,CUST0143,2025-12-29,Home & Kitchen,1,2467.9,2467.9
ORD00313,CUST0320,2025-12-29,Fashion,1,844.06,844.06
ORD06267,CUST0232,2025-12-29,Fashion,1,3349.89,3349.89
ORD02488,CUST0075,2025-12-29,Fashion,2,4251.71,8503.42
ORD06599,CUST0014,2025-12-29,Electronics,1,16847.88,16847.88
ORD06183,CUST0366,2025-12-29,Fashion,1,3399.85,3399.85
ORD00403,CUST0101,2025-12-29,Electronics,2,12559.07,25118.14
ORD05872,CUST0029,2025-12-29,Sports & Fitness,3,2210.93,6632.79
ORD01088,CUST0172,2025-12-29,Books,1,464.53,464.53
ORD05900,CUST0018,2025-12-29,Electronics,2,23219.21,46438.42
ORD03234,CUST0028,2025-12-29,Fashion,1,1779.96,1779.96
ORD06221,CUST0245,2025-12-29,Electronics,2,6788.43,13576.86
ORD06685,CUST0078,2025-12-29,Electronics,1,37184.19,37184.19
ORD00895,CUST0318,2025-12-29,Home & Kitchen,1,6836.71,6836.71
ORD05167,CUST0185,2025-12-29,Home & Kitchen,1,1041.08,1041.08
ORD05818,CUST0014,2025-12-30,Beauty & Personal Care,2,3164.45,6328.9
ORD00170,CUST0293,2025-12-30,Beauty & Personal Care,1,1366.29,1366.29
ORD06203,CUST0354,2025-12-30,Fashion,1,1650.44,1650.44
ORD05734,CUST0042,2025-12-30,Fashion,2,1774.46,3548.92
ORD06266,CUST0222,2025-12-30,Fashion,1,962.77,962.77
ORD01272,CUST0043,2025-12-30,Home & Kitchen,2,6603.17,13206.34
ORD05709,CUST0154,2025-12-30,Fashion,1,1772.93,1772.93
ORD05675,CUST0116,2025-12-30,Fashion,1,3477.0,3477.0
ORD05845,CUST0232,2025-12-30,Electronics,1,25047.64,25047.64
ORD01865,CUST0056,2025-12-30,Sports & Fitness,1,7902.31,7902.31
ORD06199,CUST0103,2025-12-30,Sports & Fitness,3,9376.66,28129.98
ORD00690,CUST0018,2025-12-30,Electronics,1,3213.54,3213.54
ORD06309,CUST0259,2025-12-30,Home & Kitchen,2,1583.4,3166.8
ORD05840,CUST0028,2025-12-30,Sports & Fitness,2,5288.51,10577.02
ORD06295,CUST0257,2025-12-30,Electronics,2,39880.13,79760.26
ORD06042,CUST0254,2025-12-30,Beauty & Personal Care,1,826.35,826.35
ORD06358,CUST0167,2025-12-30,Electronics,3,18242.72,54728.16
ORD06565,CUST0101,2025-12-30,Sports & Fitness,1,1051.77,1051.77
ORD05742,CUST0339,2025-12-30,Electronics,2,32592.82,65185.64
ORD02032,CUST0152,2025-12-30,Fashion,1,4557.33,4557.33
ORD06169,CUST0219,2025-12-30,Electronics,1,37938.81,37938.81
ORD06241,CUST0244,2025-12-30,Books,1,856.14,856.14
ORD06518,CUST0033,2025-12-30,Beauty & Personal Care,2,1342.06,2684.12
ORD05614,CUST0005,2025-12-30,Books,1,806.53,806.53
ORD05787,CUST0176,2025-12-30,Sports & Fitness,1,11981.8,11981.8
ORD06681,CUST0092,2025-12-30,Fashion,2,3941.87,7883.74
ORD06344,CUST0238,2025-12-30,Sports & Fitness,2,666.62,1333.24
ORD02204,CUST0301,2025-12-31,Books,1,682.56,682.56
ORD00348,CUST0172,2025-12-31,Home & Kitchen,1,3258.65,3258.65
ORD02238,CUST0326,2025-12-31,Beauty & Personal Care,1,2630.97,2630.97
ORD01013,CUST0119,2025-12-31,Fashion,2,412.46,824.92
ORD01159,CUST0398,2025-12-31,Electronics,1,13758.18,13758.18
ORD03718,CUST0232,2025-12-31,Fashion,1,4192.52,4192.52
ORD05024,CUST0113,2025-12-31,Electronics,2,25567.96,51135.92
ORD00112,CUST0317,2025-12-31,Electronics,1,8785.49,8785.49
ORD02870,CUST0058,2026-01-01,Sports & Fitness,1,8201.81,8201.81
ORD00728,CUST0243,2026-01-01,Electronics,1,41706.49,41706.49
ORD01504,CUST0268,2026-01-01,Electronics,1,36835.8,36835.8
ORD03296,CUST0365,2026-01-01,Sports & Fitness,1,7249.57,7249.57
ORD04315,CUST0036,2026-01-01,Books,1,1108.25,1108.25
ORD02978,CUST0112,2026-01-01,Sports & Fitness,1,11448.67,11448.67
ORD03309,CUST0219,2026-01-01,Home & Kitchen,1,2984.15,2984.15
ORD00957,CUST0336,2026-01-01,Electronics,1,34954.16,34954.16
ORD01226,CUST0208,2026-01-01,Sports & Fitness,3,7205.28,21615.84
ORD04258,CUST0007,2026-01-01,Fashion,1,2028.7,2028.7
ORD02022,CUST0083,2026-01-01,Beauty & Personal Care,2,1246.34,2492.68
ORD00113,CUST0041,2026-01-01,Electronics,1,42225.23,42225.23
ORD00072,CUST0332,2026-01-01,Electronics,3,40160.54,120481.62
ORD03591,CUST0016,2026-01-01,Home & Kitchen,1,2577.4,2577.4
ORD00515,CUST0252,2026-01-01,Books,1,598.98,598.98
ORD03854,CUST0316,2026-01-01,Fashion,3,2652.12,7956.36
ORD02182,CUST0193,2026-01-01,Sports & Fitness,1,2403.72,2403.72
ORD01168,CUST0050,2026-01-01,Sports & Fitness,1,1857.07,1857.07
ORD00386,CUST0162,2026-01-01,Sports & Fitness,1,8340.11,8340.11
ORD02669,CUST0108,2026-01-01,Fashion,1,544.08,544.08
ORD03745,CUST0257,2026-01-01,Home & Kitchen,3,7304.76,21914.28
ORD04977,CUST0181,2026-01-02,Beauty & Personal Care,1,1330.7,1330.7
ORD03570,CUST0368,2026-01-02,Sports & Fitness,1,10270.53,10270.53
ORD02041,CUST0191,2026-01-02,Fashion,3,4901.46,14704.38
ORD05305,CUST0013,2026-01-02,Electronics,1,34372.78,34372.78
ORD02959,CUST0161,2026-01-02,Fashion,1,1190.44,1190.44
ORD00074,CUST0090,2026-01-02,Home & Kitchen,1,2300.1,2300.1
ORD05329,CUST0058,2026-01-02,Fashion,1,4677.97,4677.97
ORD03688,CUST0199,2026-01-02,Electronics,2,4167.46,8334.92
ORD01487,CUST0275,2026-01-03,Fashion,1,3300.06,3300.06
ORD05348,CUST0242,2026-01-03,Fashion,1,837.43,837.43
ORD00357,CUST0125,2026-01-03,Fashion,2,1730.53,3461.06
ORD00176,CUST0188,2026-01-03,Books,3,877.06,2631.18
ORD02451,CUST0187,2026-01-03,Sports & Fitness,2,11133.04,22266.08
ORD04968,CUST0137,2026-01-03,Fashion,2,4343.99,8687.98
ORD01042,CUST0064,2026-01-03,Electronics,1,20498.97,20498.97
ORD04845,CUST0210,2026-01-03,Home & Kitchen,2,950.37,1900.74
ORD01351,CUST0177,2026-01-03,Sports & Fitness,1,4637.99,4637.99
ORD03300,CUST0138,2026-01-03,Electronics,1,27130.24,27130.24
ORD02913,CUST0088,2026-01-03,Fashion,2,2929.1,5858.2
ORD01836,CUST0162,2026-01-03,Sports & Fitness,1,9521.81,9521.81
ORD04827,CUST0294,2026-01-03,Sports & Fitness,1,11925.02,11925.02
ORD00928,CUST0329,2026-01-03,Books,1,804.55,804.55
ORD01693,CUST0327,2026-01-03,Beauty & Personal Care,1,3117.45,3117.45
ORD03480,CUST0192,2026-01-03,Home & Kitchen,1,2587.6,2587.6
ORD03378,CUST0116,2026-01-03,Sports & Fitness,1,3589.76,3589.76
ORD01795,CUST0150,2026-01-03,Sports & Fitness,1,6613.41,6613.41
ORD04473,CUST0313,2026-01-03,Fashion,1,3292.86,3292.86
ORD04761,CUST0382,2026-01-03,Fashion,1,3477.84,3477.84
ORD05587,CUST0396,2026-01-03,Home & Kitchen,1,6238.64,6238.64
ORD00836,CUST0026,2026-01-04,Home & Kitchen,1,4154.46,4154.46
ORD02882,CUST0150,2026-01-04,Home & Kitchen,1,7492.93,7492.93
ORD03909,CUST0086,2026-01-04,Electronics,3,23503.74,70511.22
ORD00705,CUST0300,2026-01-04,Fashion,1,777.31,777.31
ORD05303,CUST0294,2026-01-04,Home & Kitchen,1,4313.79,4313.79
ORD04193,CUST0207,2026-01-04,Home & Kitchen,1,6576.61,6576.61
ORD02551,CUST0299,2026-01-04,Beauty & Personal Care,1,671.19,671.19
ORD01963,CUST0223,2026-01-04,Sports & Fitness,1,5389.68,5389.68
ORD02840,CUST0302,2026-01-04,Books,2,254.64,509.28
ORD03213,CUST0330,2026-01-05,Home & Kitchen,1,3902.17,3902.17
ORD00619,CUST0383,2026-01-05,Home & Kitchen,2,1980.2,3960.4
ORD00339,CUST0084,2026-01-05,Books,1,246.9,246.9
ORD01560,CUST0215,2026-01-05,Electronics,1,44656.01,44656.01
ORD02183,CUST0354,2026-01-05,Beauty & Personal Care,1,2024.34,2024.34
ORD03765,CUST0392,2026-01-05,Fashion,2,3696.93,7393.86
ORD05148,CUST0046,2026-01-05,Sports & Fitness,1,9090.9,9090.9
ORD05138,CUST0112,2026-01-05,Electronics,1,25835.64,25835.64
ORD00950,CUST0016,2026-01-05,Books,1,1129.2,1129.2
ORD03529,CUST0152,2026-01-05,Electronics,1,37199.93,37199.93
ORD04494,CUST0255,2026-01-05,Sports & Fitness,1,5175.46,5175.46
ORD05018,CUST0101,2026-01-05,Beauty & Personal Care,1,1870.99,1870.99
ORD02979,CUST0255,2026-01-06,Sports & Fitness,1,1369.91,1369.91
ORD04393,CUST0081,2026-01-06,Books,2,334.74,669.48
ORD05256,CUST0257,2026-01-06,Fashion,1,511.49,511.49
ORD04333,CUST0342,2026-01-06,Electronics,1,36204.91,36204.91
ORD01215,CUST0090,2026-01-06,Electronics,1,35250.44,35250.44
ORD04760,CUST0300,2026-01-06,Books,1,396.38,396.38
ORD01040,CUST0226,2026-01-06,Fashion,1,4537.3,4537.3
ORD05294,CUST0025,2026-01-06,Fashion,1,4561.63,4561.63
ORD01871,CUST0298,2026-01-06,Home & Kitchen,1,5788.34,5788.34
ORD03588,CUST0279,2026-01-06,Fashion,1,1306.36,1306.36
ORD01861,CUST0014,2026-01-06,Sports & Fitness,3,7015.49,21046.47
ORD03858,CUST0220,2026-01-06,Home & Kitchen,1,4908.48,4908.48
ORD04798,CUST0231,2026-01-06,Electronics,1,40688.9,40688.9
ORD00239,CUST0072,2026-01-06,Fashion,1,1139.9,1139.9
ORD04052,CUST0244,2026-01-06,Beauty & Personal Care,3,1772.74,5318.22
ORD04833,CUST0044,2026-01-06,Electronics,1,34727.81,34727.81
ORD00604,CUST0343,2026-01-06,Electronics,1,28643.93,28643.93
ORD01980,CUST0067,2026-01-06,Beauty & Personal Care,1,2499.43,2499.43
ORD02006,CUST0218,2026-01-06,Beauty & Personal Care,1,3343.8,3343.8
ORD00563,CUST0110,2026-01-07,Fashion,1,4199.22,4199.22
ORD00262,CUST0174,2026-01-07,Sports & Fitness,1,580.84,580.84
ORD00933,CUST0086,2026-01-07,Sports & Fitness,2,10118.78,20237.56
ORD02404,CUST0181,2026-01-07,Electronics,1,32391.31,32391.31
ORD04988,CUST0103,2026-01-07,Electronics,2,11531.96,23063.92
ORD00215,CUST0242,2026-01-07,Sports & Fitness,1,1378.79,1378.79
ORD03861,CUST0071,2026-01-07,Fashion,1,3978.74,3978.74
ORD03957,CUST0231,2026-01-07,Home & Kitchen,1,5457.73,5457.73
ORD03851,CUST0232,2026-01-07,Home & Kitchen,1,5595.14,5595.14
ORD04297,CUST0146,2026-01-07,Home & Kitchen,2,2141.4,4282.8
ORD00240,CUST0224,2026-01-07,Sports & Fitness,1,10636.68,10636.68
ORD04662,CUST0164,2026-01-07,Sports & Fitness,1,9331.63,9331.63
ORD01879,CUST0218,2026-01-07,Home & Kitchen,1,3351.01,3351.01
ORD02503,CUST0151,2026-01-07,Books,1,794.75,794.75
ORD04130,CUST0016,2026-01-07,Electronics,2,8206.03,16412.06
ORD04460,CUST0051,2026-01-07,Sports & Fitness,1,7221.08,7221.08
ORD03594,CUST0058,2026-01-07,Fashion,1,2553.27,2553.27
ORD00739,CUST0029,2026-01-07,Fashion,1,3493.53,3493.53
ORD00043,CUST0039,2026-01-07,Fashion,1,3566.65,3566.65
ORD01716,CUST0140,2026-01-07,Fashion,1,4553.23,4553.23
ORD02319,CUST0310,2026-01-07,Electronics,2,20549.99,41099.98
ORD04107,CUST0283,2026-01-07,Home & Kitchen,1,5562.74,5562.74
ORD05571,CUST0202,2026-01-08,Home & Kitchen,1,3150.62,3150.62
ORD03915,CUST0348,2026-01-08,Sports & Fitness,1,5633.02,5633.02
ORD03246,CUST0130,2026-01-08,Fashion,1,984.3,984.3
ORD04439,CUST0107,2026-01-08,Fashion,1,703.81,703.81
ORD03609,CUST0015,2026-01-08,Home & Kitchen,1,3446.81,3446.81
ORD00094,CUST0195,2026-01-08,Sports & Fitness,1,3145.62,3145.62
ORD03233,CUST0263,2026-01-08,Electronics,1,8098.2,8098.2
ORD03535,CUST0068,2026-01-08,Sports & Fitness,1,6424.08,6424.08
ORD03633,CUST0027,2026-01-08,Electronics,1,32879.45,32879.45
ORD04239,CUST0333,2026-01-08,Sports & Fitness,1,4055.71,4055.71
ORD01166,CUST0166,2026-01-08,Books,1,820.27,820.27
ORD04238,CUST0333,2026-01-08,Fashion,2,2311.28,4622.56
ORD04313,CUST0124,2026-01-08,Electronics,3,31619.92,94859.76
ORD00693,CUST0072,2026-01-08,Electronics,1,24788.51,24788.51
ORD02829,CUST0269,2026-01-08,Beauty & Personal Care,2,3003.41,6006.82
ORD03517,CUST0145,2026-01-08,Fashion,1,4505.19,4505.19
ORD03885,CUST0067,2026-01-09,Sports & Fitness,1,6323.21,6323.21
ORD05015,CUST0048,2026-01-09,Electronics,2,34815.77,69631.54
ORD00904,CUST0308,2026-01-09,Fashion,1,4302.97,4302.97
ORD00740,CUST0212,2026-01-09,Sports & Fitness,1,8166.1,8166.1
ORD04873,CUST0218,2026-01-09,Fashion,1,796.86,796.86
ORD04174,CUST0243,2026-01-09,Electronics,2,23325.02,46650.04
ORD03285,CUST0304,2026-01-09,Beauty & Personal Care,1,2321.05,2321.05
ORD05102,CUST0239,2026-01-09,Electronics,1,13400.36,13400.36
ORD03944,CUST0128,2026-01-09,Sports & Fitness,1,4319.23,4319.23
ORD01570,CUST0327,2026-01-09,Sports & Fitness,2,11008.3,22016.6
ORD00127,CUST0355,2026-01-09,Books,1,813.14,813.14
ORD04039,CUST0367,2026-01-09,Electronics,3,19033.79,57101.37
ORD03009,CUST0391,2026-01-09,Home & Kitchen,2,5609.48,11218.96
ORD02442,CUST0024,2026-01-09,Fashion,2,2979.27,5958.54
ORD02195,CUST0174,2026-01-09,Home & Kitchen,1,3077.76,3077.76
ORD05376,CUST0174,2026-01-09,Sports & Fitness,1,4286.53,4286.53
ORD01094,CUST0386,2026-01-09,Electronics,1,12838.78,12838.78
ORD01585,CUST0371,2026-01-09,Home & Kitchen,1,4836.5,4836.5
ORD03939,CUST0386,2026-01-10,Beauty & Personal Care,1,1045.93,1045.93
ORD03960,CUST0193,2026-01-10,Sports & Fitness,1,3337.11,3337.11
ORD00016,CUST0288,2026-01-10,Electronics,2,38987.67,77975.34
ORD01301,CUST0253,2026-01-10,Books,1,894.24,894.24
ORD04943,CUST0251,2026-01-10,Books,1,987.18,987.18
ORD03377,CUST0331,2026-01-10,Beauty & Personal Care,1,2757.06,2757.06
ORD05235,CUST0135,2026-01-10,Books,1,321.8,321.8
ORD00765,CUST0268,2026-01-10,Electronics,1,15202.95,15202.95
ORD01904,CUST0115,2026-01-10,Fashion,3,4140.64,12421.92
ORD02350,CUST0173,2026-01-10,Fashion,1,1979.78,1979.78
ORD01951,CUST0224,2026-01-10,Home & Kitchen,1,6612.98,6612.98
ORD02457,CUST0325,2026-01-10,Sports & Fitness,1,5457.44,5457.44
ORD02248,CUST0130,2026-01-10,Beauty & Personal Care,1,1798.76,1798.76
ORD04423,CUST0220,2026-01-10,Electronics,1,2143.95,2143.95
ORD05552,CUST0294,2026-01-10,Electronics,1,9743.34,9743.34
ORD00165,CUST0108,2026-01-10,Sports & Fitness,1,6508.53,6508.53
ORD04735,CUST0046,2026-01-11,Electronics,3,34938.92,104816.76
ORD02820,CUST0015,2026-01-11,Books,1,259.64,259.64
ORD02504,CUST0241,2026-01-11,Fashion,2,1473.62,2947.24
ORD03565,CUST0193,2026-01-11,Sports & Fitness,1,6707.41,6707.41
ORD04815,CUST0225,2026-01-11,Sports & Fitness,1,3897.36,3897.36
ORD01610,CUST0138,2026-01-11,Home & Kitchen,1,5041.09,5041.09
ORD01120,CUST0129,2026-01-11,Beauty & Personal Care,1,1155.14,1155.14
ORD03050,CUST0306,2026-01-11,Home & Kitchen,1,1314.64,1314.64
ORD03283,CUST0079,2026-01-11,Fashion,1,1552.31,1552.31
ORD02830,CUST0112,2026-01-11,Home & Kitchen,1,3300.35,3300.35
ORD03173,CUST0270,2026-01-11,Fashion,1,3328.55,3328.55
ORD03453,CUST0011,2026-01-11,Sports & Fitness,1,1358.05,1358.05
ORD04592,CUST0319,2026-01-12,Books,1,584.73,584.73
ORD00775,CUST0251,2026-01-12,Fashion,1,2448.78,2448.78
ORD02988,CUST0296,2026-01-12,Electronics,1,12902.7,12902.7
ORD04606,CUST0257,2026-01-12,Beauty & Personal Care,1,1339.77,1339.77
ORD00816,CUST0039,2026-01-12,Fashion,2,709.93,1419.86
ORD01929,CUST0314,2026-01-12,Home & Kitchen,1,409.36,409.36
ORD04705,CUST0187,2026-01-12,Electronics,1,17896.28,17896.28
ORD05124,CUST0126,2026-01-12,Home & Kitchen,1,7570.82,7570.82
ORD04447,CUST0323,2026-01-12,Beauty & Personal Care,1,811.5,811.5
ORD01855,CUST0236,2026-01-12,Books,1,505.58,505.58
ORD03027,CUST0375,2026-01-12,Electronics,3,33423.08,100269.24
ORD02136,CUST0030,2026-01-12,Beauty & Personal Care,1,495.73,495.73
ORD02243,CUST0127,2026-01-12,Fashion,1,4620.58,4620.58
ORD04383,CUST0258,2026-01-12,Books,2,1099.41,2198.82
ORD04069,CUST0031,2026-01-13,Fashion,1,4981.17,4981.17
ORD03676,CUST0233,2026-01-13,Home & Kitchen,1,5239.45,5239.45
ORD02849,CUST0259,2026-01-13,Home & Kitchen,2,4389.83,8779.66
ORD01552,CUST0296,2026-01-13,Fashion,1,3971.84,3971.84
ORD01562,CUST0343,2026-01-13,Electronics,1,12148.79,12148.79
ORD02697,CUST0399,2026-01-13,Home & Kitchen,1,1606.39,1606.39
ORD01841,CUST0273,2026-01-13,Fashion,1,539.35,539.35
ORD02758,CUST0357,2026-01-13,Sports & Fitness,1,7300.62,7300.62
ORD01798,CUST0376,2026-01-13,Home & Kitchen,1,2320.54,2320.54
ORD01435,CUST0203,2026-01-13,Beauty & Personal Care,3,843.68,2531.04
ORD01183,CUST0100,2026-01-14,Fashion,1,967.27,967.27
ORD04201,CUST0398,2026-01-14,Home & Kitchen,1,3491.47,3491.47
ORD03403,CUST0110,2026-01-14,Beauty & Personal Care,1,973.95,973.95
ORD03344,CUST0292,2026-01-14,Home & Kitchen,1,5654.99,5654.99
ORD03151,CUST0355,2026-01-14,Sports & Fitness,1,4298.07,4298.07
ORD05530,CUST0049,2026-01-14,Beauty & Personal Care,1,961.53,961.53
ORD02778,CUST0234,2026-01-14,Beauty & Personal Care,1,1479.02,1479.02
ORD05257,CUST0264,2026-01-14,Sports & Fitness,1,8560.43,8560.43
ORD05109,CUST0249,2026-01-14,Electronics,1,33067.78,33067.78
ORD04433,CUST0198,2026-01-14,Electronics,1,43920.29,43920.29
ORD04101,CUST0018,2026-01-14,Home & Kitchen,1,710.64,710.64
ORD05411,CUST0313,2026-01-14,Books,1,865.88,865.88
ORD02910,CUST0135,2026-01-14,Home & Kitchen,1,2843.66,2843.66
ORD00675,CUST0045,2026-01-14,Fashion,3,3764.84,11294.52
ORD03445,CUST0344,2026-01-14,Home & Kitchen,1,3737.63,3737.63
ORD02239,CUST0095,2026-01-15,Fashion,1,1781.04,1781.04
ORD03924,CUST0081,2026-01-15,Fashion,2,3872.85,7745.7
ORD04819,CUST0371,2026-01-15,Beauty & Personal Care,1,3065.71,3065.71
ORD00400,CUST0399,2026-01-15,Sports & Fitness,1,4103.5,4103.5
ORD05416,CUST0029,2026-01-15,Sports & Fitness,2,2144.5,4289.0
ORD02308,CUST0132,2026-01-15,Electronics,1,30398.98,30398.98
ORD00526,CUST0118,2026-01-15,Electronics,1,37555.9,37555.9
ORD03502,CUST0100,2026-01-15,Fashion,1,4344.71,4344.71
ORD00790,CUST0302,2026-01-15,Fashion,1,510.42,510.42
ORD02827,CUST0046,2026-01-15,Electronics,3,13964.81,41894.43
ORD04279,CUST0206,2026-01-15,Beauty & Personal Care,1,641.96,641.96
ORD01234,CUST0278,2026-01-15,Beauty & Personal Care,1,3084.76,3084.76
ORD00535,CUST0330,2026-01-15,Fashion,1,2373.14,2373.14
ORD03508,CUST0172,2026-01-15,Books,1,577.01,577.01
ORD03844,CUST0281,2026-01-15,Fashion,1,582.46,582.46
ORD02659,CUST0121,2026-01-15,Sports & Fitness,1,7356.66,7356.66
ORD03672,CUST0001,2026-01-15,Sports & Fitness,3,11162.61,33487.83
ORD04744,CUST0330,2026-01-15,Electronics,1,14759.37,14759.37
ORD00896,CUST0094,2026-01-15,Home & Kitchen,1,1158.46,1158.46
ORD01878,CUST0100,2026-01-15,Sports & Fitness,3,1170.42,3511.26
ORD00642,CUST0375,2026-01-15,Home & Kitchen,1,5768.02,5768.02
ORD02122,CUST0328,2026-01-15,Fashion,1,2520.47,2520.47
ORD04801,CUST0032,2026-01-15,Beauty & Personal Care,1,1973.35,1973.35
ORD05580,CUST0133,2026-01-15,Electronics,1,30656.54,30656.54
ORD03970,CUST0348,2026-01-16,Fashion,1,1265.76,1265.76
ORD00502,CUST0288,2026-01-16,Home & Kitchen,1,6766.47,6766.47
ORD01291,CUST0350,2026-01-16,Sports & Fitness,1,3004.48,3004.48
ORD00709,CUST0144,2026-01-16,Fashion,1,1919.31,1919.31
ORD04531,CUST0298,2026-01-16,Electronics,1,29476.86,29476.86
ORD01814,CUST0168,2026-01-16,Home & Kitchen,2,1159.27,2318.54
ORD03938,CUST0119,2026-01-16,Electronics,1,5015.19,5015.19
ORD02939,CUST0365,2026-01-16,Fashion,1,2393.55,2393.55
ORD00532,CUST0234,2026-01-16,Books,1,761.25,761.25
ORD02380,CUST0400,2026-01-16,Sports & Fitness,1,6084.01,6084.01
ORD03686,CUST0368,2026-01-16,Fashion,1,4184.21,4184.21
ORD01501,CUST0128,2026-01-16,Fashion,1,1930.37,1930.37
ORD00454,CUST0371,2026-01-17,Fashion,1,2366.51,2366.51
ORD00632,CUST0221,2026-01-17,Fashion,1,3396.97,3396.97
ORD02925,CUST0112,2026-01-17,Beauty & Personal Care,1,304.06,304.06
ORD04203,CUST0320,2026-01-17,Beauty & Personal Care,1,2176.94,2176.94
ORD00438,CUST0358,2026-01-17,Fashion,1,4629.18,4629.18
ORD02957,CUST0251,2026-01-17,Fashion,1,3706.55,3706.55
ORD04471,CUST0055,2026-01-17,Electronics,1,24901.24,24901.24
ORD04474,CUST0206,2026-01-17,Electronics,3,32495.54,97486.62
ORD03123,CUST0123,2026-01-17,Electronics,1,41470.1,41470.1
ORD00545,CUST0384,2026-01-17,Electronics,2,18370.43,36740.86
ORD02883,CUST0304,2026-01-17,Home & Kitchen,1,6043.6,6043.6
ORD00635,CUST0104,2026-01-17,Home & Kitchen,1,2857.98,2857.98
ORD01203,CUST0302,2026-01-17,Books,1,172.79,172.79
ORD02574,CUST0183,2026-01-17,Fashion,3,2553.19,7659.57
ORD03893,CUST0144,2026-01-17,Electronics,1,8355.18,8355.18
ORD05133,CUST0281,2026-01-17,Electronics,1,12458.75,12458.75
ORD04839,CUST0071,2026-01-18,Fashion,1,4389.17,4389.17
ORD02850,CUST0200,2026-01-18,Home & Kitchen,1,2326.58,2326.58
ORD04519,CUST0307,2026-01-18,Fashion,1,514.24,514.24
ORD00881,CUST0239,2026-01-18,Sports & Fitness,1,9003.9,9003.9
ORD02783,CUST0174,2026-01-18,Sports & Fitness,1,3201.91,3201.91
ORD01084,CUST0389,2026-01-18,Fashion,1,1401.64,1401.64
ORD04190,CUST0159,2026-01-18,Fashion,3,4256.18,12768.54
ORD05191,CUST0118,2026-01-18,Sports & Fitness,1,9605.25,9605.25
ORD00522,CUST0277,2026-01-18,Home & Kitchen,1,4265.54,4265.54
ORD01645,CUST0178,2026-01-18,Sports & Fitness,1,11495.53,11495.53
ORD00647,CUST0129,2026-01-18,Beauty & Personal Care,1,1235.8,1235.8
ORD01968,CUST0008,2026-01-18,Books,1,918.92,918.92
ORD01767,CUST0384,2026-01-19,Sports & Fitness,2,3282.17,6564.34
ORD03065,CUST0052,2026-01-19,Fashion,1,3676.87,3676.87
ORD04002,CUST0303,2026-01-19,Home & Kitchen,1,5392.38,5392.38
ORD03661,CUST0046,2026-01-19,Electronics,1,7535.15,7535.15
ORD04024,CUST0171,2026-01-19,Books,1,742.1,742.1
ORD02963,CUST0175,2026-01-19,Sports & Fitness,1,3320.14,3320.14
ORD04856,CUST0269,2026-01-19,Books,1,277.7,277.7
ORD04480,CUST0206,2026-01-19,Home & Kitchen,2,1759.83,3519.66
ORD00672,CUST0239,2026-01-19,Fashion,1,2873.8,2873.8
ORD01787,CUST0384,2026-01-19,Home & Kitchen,1,1619.2,1619.2
ORD01116,CUST0009,2026-01-19,Fashion,1,1235.5,1235.5
ORD01780,CUST0048,2026-01-19,Home & Kitchen,1,457.94,457.94
ORD04271,CUST0049,2026-01-19,Fashion,1,2038.14,2038.14
ORD02093,CUST0367,2026-01-19,Electronics,1,31688.66,31688.66
ORD01022,CUST0355,2026-01-19,Home & Kitchen,1,5591.7,5591.7
ORD00643,CUST0118,2026-01-20,Fashion,1,4600.87,4600.87
ORD01462,CUST0396,2026-01-20,Beauty & Personal Care,2,2039.52,4079.04
ORD03730,CUST0150,2026-01-20,Fashion,1,1475.79,1475.79
ORD02626,CUST0285,2026-01-20,Sports & Fitness,1,2953.49,2953.49
ORD00730,CUST0169,2026-01-20,Electronics,2,6992.79,13985.58
ORD01565,CUST0079,2026-01-20,Sports & Fitness,3,4227.55,12682.65
ORD03872,CUST0120,2026-01-20,Fashion,1,1250.53,1250.53
ORD04630,CUST0291,2026-01-20,Fashion,1,1624.04,1624.04
ORD04409,CUST0374,2026-01-20,Home & Kitchen,1,5812.88,5812.88
ORD03311,CUST0098,2026-01-20,Fashion,1,3798.37,3798.37
ORD02310,CUST0191,2026-01-20,Electronics,1,43010.24,43010.24
ORD01679,CUST0135,2026-01-20,Sports & Fitness,1,1850.97,1850.97
ORD01786,CUST0396,2026-01-20,Electronics,3,6870.67,20612.01
ORD02616,CUST0246,2026-01-20,Books,1,608.45,608.45
ORD01875,CUST0043,2026-01-20,Beauty & Personal Care,1,1324.2,1324.2
ORD02855,CUST0368,2026-01-20,Beauty & Personal Care,2,2163.02,4326.04
ORD01991,CUST0107,2026-01-20,Home & Kitchen,1,565.68,565.68
ORD04942,CUST0162,2026-01-20,Fashion,2,2600.04,5200.08
ORD03017,CUST0101,2026-01-20,Fashion,1,4294.27,4294.27
ORD00189,CUST0361,2026-01-20,Electronics,1,11390.04,11390.04
ORD01701,CUST0143,2026-01-21,Home & Kitchen,1,3288.54,3288.54
ORD03650,CUST0336,2026-01-21,Electronics,1,5972.43,5972.43
ORD02194,CUST0046,2026-01-21,Sports & Fitness,1,2387.7,2387.7
ORD03549,CUST0161,2026-01-21,Fashion,1,2874.01,2874.01
ORD03863,CUST0269,2026-01-21,Home & Kitchen,1,3703.61,3703.61
ORD00192,CUST0239,2026-01-21,Beauty & Personal Care,1,3009.7,3009.7
ORD02566,CUST0231,2026-01-21,Electronics,1,21288.59,21288.59
ORD04866,CUST0364,2026-01-21,Fashion,3,4075.29,12225.87
ORD04861,CUST0099,2026-01-21,Electronics,1,7683.23,7683.23
ORD01848,CUST0131,2026-01-21,Fashion,1,3156.75,3156.75
ORD02952,CUST0200,2026-01-21,Beauty & Personal Care,1,3111.49,3111.49
ORD03780,CUST0040,2026-01-21,Fashion,2,3695.26,7390.52
ORD00154,CUST0316,2026-01-21,Books,1,790.32,790.32
ORD02812,CUST0291,2026-01-21,Beauty & Personal Care,1,2112.27,2112.27
ORD03511,CUST0062,2026-01-21,Fashion,1,3120.47,3120.47
ORD04401,CUST0217,2026-01-21,Home & Kitchen,2,5435.3,10870.6
ORD04218,CUST0012,2026-01-22,Home & Kitchen,1,3144.45,3144.45
ORD00014,CUST0175,2026-01-22,Fashion,1,702.26,702.26
ORD03405,CUST0321,2026-01-22,Sports & Fitness,1,4751.58,4751.58
ORD02937,CUST0185,2026-01-22,Home & Kitchen,1,4815.0,4815.0
ORD00776,CUST0179,2026-01-22,Sports & Fitness,1,2393.23,2393.23
ORD00907,CUST0400,2026-01-22,Fashion,1,3845.23,3845.23
ORD03211,CUST0366,2026-01-22,Fashion,2,4802.59,9605.18
ORD01496,CUST0269,2026-01-22,Electronics,3,41793.18,125379.54
ORD01536,CUST0175,2026-01-22,Sports & Fitness,1,5719.49,5719.49
ORD00164,CUST0077,2026-01-22,Electronics,1,32717.16,32717.16
ORD01350,CUST0003,2026-01-22,Sports & Fitness,1,5948.39,5948.39
ORD04289,CUST0173,2026-01-22,Books,1,496.63,496.63
ORD02861,CUST0380,2026-01-22,Home & Kitchen,1,4912.22,4912.22
ORD04384,CUST0052,2026-01-22,Sports & Fitness,1,11504.12,11504.12
ORD03184,CUST0132,2026-01-22,Electronics,1,24876.7,24876.7
ORD03356,CUST0119,2026-01-22,Fashion,1,3016.41,3016.41
ORD04131,CUST0099,2026-01-23,Fashion,1,4580.82,4580.82
ORD03859,CUST0375,2026-01-23,Electronics,1,42422.48,42422.48
ORD03038,CUST0112,2026-01-23,Fashion,1,3934.69,3934.69
ORD03291,CUST0226,2026-01-23,Home & Kitchen,1,4679.21,4679.21
ORD00147,CUST0328,2026-01-23,Sports & Fitness,1,10443.0,10443.0
ORD01262,CUST0389,2026-01-23,Home & Kitchen,1,1715.36,1715.36
ORD03936,CUST0146,2026-01-23,Fashion,1,808.51,808.51
ORD00671,CUST0164,2026-01-23,Beauty & Personal Care,1,3375.46,3375.46
ORD03712,CUST0336,2026-01-23,Fashion,1,2107.3,2107.3
ORD00605,CUST0106,2026-01-23,Fashion,1,4927.48,4927.48
ORD00185,CUST0030,2026-01-23,Home & Kitchen,1,7855.52,7855.52
ORD04047,CUST0165,2026-01-23,Fashion,2,1914.67,3829.34
ORD01316,CUST0298,2026-01-23,Fashion,1,662.66,662.66
ORD05255,CUST0389,2026-01-23,Home & Kitchen,1,3619.96,3619.96
ORD03818,CUST0030,2026-01-24,Electronics,1,25888.57,25888.57
ORD01145,CUST0016,2026-01-24,Sports & Fitness,1,7326.12,7326.12
ORD03148,CUST0170,2026-01-24,Home & Kitchen,1,897.43,897.43
ORD01296,CUST0211,2026-01-24,Sports & Fitness,1,10355.83,10355.83
ORD04895,CUST0162,2026-01-24,Home & Kitchen,1,1123.76,1123.76
ORD00061,CUST0073,2026-01-24,Home & Kitchen,1,624.12,624.12
ORD03787,CUST0285,2026-01-24,Fashion,1,3852.37,3852.37
ORD02688,CUST0265,2026-01-24,Books,1,1019.06,1019.06
ORD05415,CUST0028,2026-01-24,Electronics,1,9432.66,9432.66
ORD03121,CUST0042,2026-01-24,Electronics,1,25120.0,25120.0
ORD05503,CUST0071,2026-01-24,Sports & Fitness,2,8138.52,16277.04
ORD03985,CUST0206,2026-01-24,Electronics,2,33563.17,67126.34
ORD03593,CUST0167,2026-01-24,Fashion,1,2154.86,2154.86
ORD02917,CUST0211,2026-01-24,Fashion,2,1261.02,2522.04
ORD01823,CUST0116,2026-01-24,Electronics,2,27661.37,55322.74
ORD02694,CUST0136,2026-01-24,Sports & Fitness,1,1507.48,1507.48
ORD02537,CUST0180,2026-01-25,Home & Kitchen,1,2819.38,2819.38
ORD02525,CUST0015,2026-01-25,Beauty & Personal Care,1,878.89,878.89
ORD03967,CUST0345,2026-01-25,Electronics,1,20966.28,20966.28
ORD00534,CUST0363,2026-01-25,Home & Kitchen,1,6070.31,6070.31
ORD02946,CUST0211,2026-01-25,Home & Kitchen,1,1217.07,1217.07
ORD01477,CUST0085,2026-01-25,Sports & Fitness,1,2209.28,2209.28
ORD00707,CUST0341,2026-01-25,Electronics,1,16803.52,16803.52
ORD00370,CUST0070,2026-01-25,Fashion,1,830.89,830.89
ORD04959,CUST0179,2026-01-25,Sports & Fitness,1,853.98,853.98
ORD05506,CUST0188,2026-01-25,Fashion,1,1576.86,1576.86
ORD04243,CUST0128,2026-01-25,Home & Kitchen,1,4053.87,4053.87
ORD04251,CUST0056,2026-01-25,Home & Kitchen,2,6256.45,12512.9
ORD00367,CUST0310,2026-01-25,Electronics,1,27296.13,27296.13
ORD03568,CUST0087,2026-01-25,Beauty & Personal Care,2,1191.9,2383.8
ORD02804,CUST0283,2026-01-26,Beauty & Personal Care,1,1506.51,1506.51
ORD05315,CUST0185,2026-01-26,Fashion,1,1357.19,1357.19
ORD01135,CUST0169,2026-01-26,Books,1,678.38,678.38
ORD04263,CUST0340,2026-01-26,Sports & Fitness,1,9860.04,9860.04
ORD03526,CUST0038,2026-01-26,Books,1,222.22,222.22
ORD05545,CUST0319,2026-01-26,Books,1,209.59,209.59
ORD03670,CUST0280,2026-01-26,Books,1,797.93,797.93
ORD00704,CUST0343,2026-01-26,Books,1,1015.57,1015.57
ORD00609,CUST0201,2026-01-26,Electronics,1,24240.07,24240.07
ORD02227,CUST0230,2026-01-26,Electronics,1,37799.61,37799.61
ORD01367,CUST0190,2026-01-26,Books,2,626.93,1253.86
ORD04623,CUST0160,2026-01-26,Electronics,2,17698.49,35396.98
ORD04595,CUST0308,2026-01-26,Home & Kitchen,1,4968.12,4968.12
ORD00808,CUST0025,2026-01-26,Home & Kitchen,1,3527.07,3527.07
ORD00908,CUST0090,2026-01-26,Electronics,1,34097.57,34097.57
ORD00652,CUST0040,2026-01-27,Sports & Fitness,1,7015.96,7015.96
ORD02923,CUST0182,2026-01-27,Sports & Fitness,1,7431.39,7431.39
ORD00319,CUST0201,2026-01-27,Electronics,1,37664.75,37664.75
ORD02107,CUST0169,2026-01-27,Fashion,1,635.55,635.55
ORD03747,CUST0284,2026-01-27,Electronics,1,10676.44,10676.44
ORD02311,CUST0296,2026-01-27,Sports & Fitness,1,8971.89,8971.89
ORD01488,CUST0301,2026-01-27,Sports & Fitness,1,8273.91,8273.91
ORD03404,CUST0129,2026-01-27,Beauty & Personal Care,1,816.89,816.89
ORD01869,CUST0096,2026-01-27,Sports & Fitness,1,6309.41,6309.41
ORD04805,CUST0383,2026-01-27,Beauty & Personal Care,1,1758.47,1758.47
ORD03177,CUST0395,2026-01-27,Beauty & Personal Care,2,2998.49,5996.98
ORD01398,CUST0156,2026-01-27,Sports & Fitness,1,1613.42,1613.42
ORD01174,CUST0337,2026-01-27,Electronics,1,3797.93,3797.93
ORD05302,CUST0374,2026-01-27,Electronics,3,6604.41,19813.23
ORD04075,CUST0133,2026-01-27,Books,1,1120.88,1120.88
ORD02259,CUST0277,2026-01-27,Home & Kitchen,1,2028.44,2028.44
ORD04198,CUST0399,2026-01-28,Electronics,1,44072.02,44072.02
ORD03041,CUST0334,2026-01-28,Home & Kitchen,1,7222.98,7222.98
ORD04206,CUST0275,2026-01-28,Electronics,1,33003.93,33003.93
ORD01065,CUST0065,2026-01-28,Sports & Fitness,1,10284.81,10284.81
ORD03013,CUST0181,2026-01-28,Sports & Fitness,1,4055.89,4055.89
ORD03490,CUST0109,2026-01-28,Home & Kitchen,2,5664.91,11329.82
ORD00971,CUST0215,2026-01-28,Electronics,1,13780.65,13780.65
ORD03678,CUST0072,2026-01-28,Sports & Fitness,1,10259.91,10259.91
ORD05288,CUST0117,2026-01-28,Home & Kitchen,1,6857.52,6857.52
ORD03462,CUST0017,2026-01-28,Beauty & Personal Care,1,909.93,909.93
ORD00800,CUST0046,2026-01-28,Electronics,1,30882.34,30882.34
ORD03828,CUST0313,2026-01-28,Home & Kitchen,1,608.85,608.85
ORD04622,CUST0157,2026-01-28,Sports & Fitness,1,9373.06,9373.06
ORD03363,CUST0366,2026-01-29,Beauty & Personal Care,1,3195.0,3195.0
ORD00951,CUST0397,2026-01-29,Fashion,1,3925.2,3925.2
ORD00697,CUST0124,2026-01-29,Electronics,1,34232.37,34232.37
ORD00024,CUST0285,2026-01-29,Sports & Fitness,2,1911.93,3823.86
ORD05574,CUST0189,2026-01-29,Books,1,828.35,828.35
ORD03607,CUST0022,2026-01-29,Sports & Fitness,1,7838.6,7838.6
ORD04403,CUST0119,2026-01-29,Beauty & Personal Care,1,3366.86,3366.86
ORD02291,CUST0178,2026-01-29,Home & Kitchen,1,738.14,738.14
ORD04034,CUST0302,2026-01-29,Fashion,1,2817.74,2817.74
ORD01469,CUST0263,2026-01-29,Fashion,1,4361.12,4361.12
ORD04363,CUST0065,2026-01-29,Fashion,2,2565.68,5131.36
ORD00481,CUST0328,2026-01-29,Home & Kitchen,1,6586.36,6586.36
ORD04909,CUST0318,2026-01-29,Electronics,1,39759.19,39759.19
ORD02642,CUST0256,2026-01-29,Beauty & Personal Care,1,457.56,457.56
ORD02708,CUST0218,2026-01-30,Books,1,362.6,362.6
ORD05538,CUST0009,2026-01-30,Electronics,1,1733.13,1733.13
ORD01125,CUST0282,2026-01-30,Electronics,2,31090.9,62181.8
ORD04125,CUST0112,2026-01-30,Electronics,1,32235.64,32235.64
ORD04540,CUST0135,2026-01-30,Electronics,1,28358.48,28358.48
ORD01826,CUST0109,2026-01-30,Electronics,1,36788.53,36788.53
ORD01269,CUST0048,2026-01-30,Books,1,797.05,797.05
ORD01835,CUST0229,2026-01-30,Books,1,590.86,590.86
ORD03021,CUST0361,2026-01-30,Sports & Fitness,1,1212.67,1212.67
ORD00040,CUST0036,2026-01-30,Beauty & Personal Care,1,2617.49,2617.49
ORD01349,CUST0112,2026-01-30,Electronics,2,11447.18,22894.36
ORD03761,CUST0230,2026-01-30,Books,1,292.29,292.29
ORD00008,CUST0161,2026-01-30,Fashion,1,1161.36,1161.36
ORD04677,CUST0249,2026-01-30,Home & Kitchen,1,2329.44,2329.44
ORD02745,CUST0175,2026-01-31,Electronics,2,24834.69,49669.38
ORD04352,CUST0386,2026-01-31,Books,1,1075.7,1075.7
ORD01259,CUST0010,2026-01-31,Books,1,855.57,855.57
ORD03556,CUST0310,2026-01-31,Sports & Fitness,1,9523.17,9523.17
ORD04244,CUST0023,2026-01-31,Sports & Fitness,1,8216.44,8216.44
ORD02785,CUST0238,2026-01-31,Sports & Fitness,1,7081.08,7081.08
ORD00229,CUST0114,2026-01-31,Home & Kitchen,1,4535.71,4535.71
ORD04573,CUST0367,2026-01-31,Sports & Fitness,1,1039.97,1039.97
ORD03112,CUST0319,2026-01-31,Sports & Fitness,1,3479.63,3479.63
ORD05349,CUST0348,2026-01-31,Home & Kitchen,1,963.53,963.53
ORD05327,CUST0024,2026-01-31,Sports & Fitness,1,11480.89,11480.89
ORD04172,CUST0312,2026-01-31,Books,1,338.38,338.38
ORD03762,CUST0363,2026-01-31,Fashion,1,4316.6,4316.6
ORD03693,CUST0080,2026-01-31,Fashion,1,4128.7,4128.7
ORD03415,CUST0180,2026-01-31,Fashion,1,1013.38,1013.38
ORD01063,CUST0326,2026-01-31,Electronics,1,36859.02,36859.02
ORD00494,CUST0230,2026-02-01,Fashion,1,754.11,754.11
ORD03597,CUST0166,2026-02-01,Home & Kitchen,1,2323.48,2323.48
ORD03288,CUST0185,2026-02-01,Home & Kitchen,1,7069.7,7069.7
ORD02592,CUST0048,2026-02-01,Books,1,669.98,669.98
ORD03751,CUST0176,2026-02-01,Fashion,1,534.86,534.86
ORD03574,CUST0253,2026-02-01,Fashion,1,1667.92,1667.92
ORD01330,CUST0169,2026-02-01,Home & Kitchen,2,7020.79,14041.58
ORD00111,CUST0174,2026-02-01,Home & Kitchen,1,1321.91,1321.91
ORD00439,CUST0125,2026-02-01,Electronics,1,37578.54,37578.54
ORD04989,CUST0363,2026-02-01,Sports & Fitness,1,4702.72,4702.72
ORD00270,CUST0314,2026-02-01,Fashion,1,1596.73,1596.73
ORD01264,CUST0228,2026-02-01,Fashion,1,426.98,426.98
ORD02113,CUST0359,2026-02-01,Electronics,1,29459.71,29459.71
ORD04368,CUST0072,2026-02-01,Fashion,2,931.59,1863.18
ORD04549,CUST0144,2026-02-01,Fashion,1,4652.27,4652.27
ORD03586,CUST0006,2026-02-02,Fashion,1,4829.71,4829.71
ORD04011,CUST0048,2026-02-02,Fashion,1,1634.32,1634.32
ORD04456,CUST0011,2026-02-02,Sports & Fitness,2,3425.89,6851.78
ORD00343,CUST0350,2026-02-02,Sports & Fitness,2,6594.9,13189.8
ORD03769,CUST0019,2026-02-02,Books,1,1154.96,1154.96
ORD00446,CUST0010,2026-02-02,Electronics,1,22418.72,22418.72
ORD05572,CUST0217,2026-02-02,Fashion,1,2769.89,2769.89
ORD05301,CUST0107,2026-02-02,Sports & Fitness,2,1836.18,3672.36
ORD04442,CUST0182,2026-02-02,Fashion,1,1033.03,1033.03
ORD00919,CUST0069,2026-02-02,Sports & Fitness,1,1469.04,1469.04
ORD05344,CUST0016,2026-02-02,Books,1,929.29,929.29
ORD04418,CUST0128,2026-02-02,Home & Kitchen,1,6179.52,6179.52
ORD02162,CUST0306,2026-02-02,Books,1,952.85,952.85
ORD04027,CUST0143,2026-02-02,Beauty & Personal Care,1,3452.07,3452.07
ORD05208,CUST0106,2026-02-02,Fashion,1,4341.09,4341.09
ORD01053,CUST0174,2026-02-02,Sports & Fitness,1,3313.53,3313.53
ORD02075,CUST0280,2026-02-02,Beauty & Personal Care,1,265.67,265.67
ORD00723,CUST0110,2026-02-03,Electronics,1,2573.76,2573.76
ORD00763,CUST0187,2026-02-03,Home & Kitchen,1,1404.71,1404.71
ORD02400,CUST0097,2026-02-03,Books,1,579.29,579.29
ORD00624,CUST0210,2026-02-03,Sports & Fitness,1,2276.66,2276.66
ORD00444,CUST0252,2026-02-03,Home & Kitchen,1,5184.6,5184.6
ORD01734,CUST0236,2026-02-03,Fashion,3,3186.49,9559.47
ORD01730,CUST0269,2026-02-03,Electronics,2,18849.6,37699.2
ORD00204,CUST0252,2026-02-03,Home & Kitchen,1,1078.05,1078.05
ORD04346,CUST0203,2026-02-03,Sports & Fitness,1,7939.11,7939.11
ORD03229,CUST0050,2026-02-03,Electronics,1,17783.16,17783.16
ORD00351,CUST0193,2026-02-03,Fashion,2,1055.93,2111.86
ORD03139,CUST0374,2026-02-03,Fashion,1,2967.45,2967.45
ORD03103,CUST0112,2026-02-03,Home & Kitchen,3,2012.41,6037.23
ORD04535,CUST0297,2026-02-03,Sports & Fitness,2,10360.14,20720.28
ORD01332,CUST0182,2026-02-03,Home & Kitchen,1,3591.81,3591.81
ORD04358,CUST0042,2026-02-03,Fashion,1,2839.35,2839.35
ORD03506,CUST0198,2026-02-03,Home & Kitchen,1,1640.19,1640.19
ORD04808,CUST0131,2026-02-03,Sports & Fitness,1,3273.92,3273.92
ORD04534,CUST0224,2026-02-03,Beauty & Personal Care,1,2139.45,2139.45
ORD04533,CUST0339,2026-02-03,Sports & Fitness,1,4595.97,4595.97
ORD01334,CUST0132,2026-02-03,Electronics,1,1925.4,1925.4
ORD02802,CUST0342,2026-02-03,Electronics,1,18766.54,18766.54
ORD05417,CUST0057,2026-02-03,Electronics,2,40596.03,81192.06
ORD04478,CUST0376,2026-02-04,Sports & Fitness,1,9429.81,9429.81
ORD04648,CUST0045,2026-02-04,Home & Kitchen,1,7387.44,7387.44
ORD04031,CUST0229,2026-02-04,Sports & Fitness,1,11562.68,11562.68
ORD05532,CUST0351,2026-02-04,Beauty & Personal Care,1,1573.11,1573.11
ORD02127,CUST0376,2026-02-04,Fashion,1,778.77,778.77
ORD03101,CUST0195,2026-02-04,Fashion,1,2981.87,2981.87
ORD04505,CUST0365,2026-02-04,Beauty & Personal Care,3,2055.81,6167.43
ORD02117,CUST0026,2026-02-04,Beauty & Personal Care,1,1398.52,1398.52
ORD03201,CUST0269,2026-02-04,Home & Kitchen,2,6526.11,13052.22
ORD03575,CUST0371,2026-02-04,Electronics,1,36317.84,36317.84
ORD02824,CUST0007,2026-02-04,Home & Kitchen,2,2757.07,5514.14
ORD00145,CUST0290,2026-02-04,Fashion,1,4393.45,4393.45
ORD04593,CUST0383,2026-02-04,Fashion,1,4479.33,4479.33
ORD01773,CUST0175,2026-02-04,Home & Kitchen,1,7361.66,7361.66
ORD00873,CUST0398,2026-02-05,Electronics,1,14447.79,14447.79
ORD00194,CUST0014,2026-02-05,Sports & Fitness,1,2124.7,2124.7
ORD04513,CUST0029,2026-02-05,Sports & Fitness,1,11569.36,11569.36
ORD01574,CUST0049,2026-02-05,Electronics,2,3061.33,6122.66
ORD03815,CUST0061,2026-02-05,Electronics,1,31515.88,31515.88
ORD01580,CUST0249,2026-02-05,Home & Kitchen,3,2959.15,8877.45
ORD01663,CUST0072,2026-02-05,Home & Kitchen,1,2435.57,2435.57
ORD03922,CUST0052,2026-02-05,Electronics,1,41170.27,41170.27
ORD05520,CUST0023,2026-02-05,Beauty & Personal Care,1,1890.35,1890.35
ORD01994,CUST0325,2026-02-05,Fashion,1,3002.46,3002.46
ORD04658,CUST0357,2026-02-05,Home & Kitchen,1,785.3,785.3
ORD05450,CUST0043,2026-02-05,Sports & Fitness,1,8847.89,8847.89
ORD02219,CUST0236,2026-02-05,Books,1,1034.93,1034.93
ORD04746,CUST0167,2026-02-05,Sports & Fitness,1,3151.89,3151.89
ORD01749,CUST0150,2026-02-05,Fashion,1,4533.74,4533.74
ORD03113,CUST0203,2026-02-05,Home & Kitchen,1,6158.17,6158.17
ORD03797,CUST0248,2026-02-05,Sports & Fitness,1,10817.0,10817.0
ORD00029,CUST0209,2026-02-05,Fashion,1,4514.94,4514.94
ORD03102,CUST0400,2026-02-05,Beauty & Personal Care,1,2950.46,2950.46
ORD03096,CUST0071,2026-02-05,Fashion,2,927.68,1855.36
ORD00151,CUST0132,2026-02-06,Sports & Fitness,1,10602.93,10602.93
ORD03354,CUST0155,2026-02-06,Sports & Fitness,1,6729.17,6729.17
ORD04887,CUST0246,2026-02-06,Fashion,1,3993.05,3993.05
ORD00123,CUST0220,2026-02-06,Fashion,1,4292.73,4292.73
ORD01252,CUST0359,2026-02-06,Sports & Fitness,1,7751.39,7751.39
ORD00052,CUST0131,2026-02-06,Home & Kitchen,1,4617.21,4617.21
ORD01857,CUST0347,2026-02-06,Fashion,1,2471.22,2471.22
ORD05602,CUST0206,2026-02-06,Fashion,1,3334.08,3334.08
ORD00722,CUST0101,2026-02-06,Sports & Fitness,2,5075.67,10151.34
ORD05535,CUST0221,2026-02-06,Sports & Fitness,1,1886.0,1886.0
ORD02450,CUST0091,2026-02-06,Beauty & Personal Care,1,3222.44,3222.44
ORD00958,CUST0357,2026-02-06,Electronics,1,2997.76,2997.76
ORD04487,CUST0008,2026-02-06,Electronics,3,32333.07,96999.21
ORD04132,CUST0374,2026-02-06,Books,2,1180.77,2361.54
ORD04086,CUST0049,2026-02-06,Home & Kitchen,1,875.03,875.03
ORD01081,CUST0002,2026-02-06,Electronics,1,19978.08,19978.08
ORD04094,CUST0217,2026-02-06,Fashion,1,1574.89,1574.89
ORD00448,CUST0117,2026-02-07,Fashion,1,2615.13,2615.13
ORD00180,CUST0300,2026-02-07,Fashion,1,4448.36,4448.36
ORD05595,CUST0235,2026-02-07,Fashion,2,2226.65,4453.3
ORD00614,CUST0053,2026-02-07,Home & Kitchen,2,1313.73,2627.46
ORD03999,CUST0061,2026-02-07,Beauty & Personal Care,1,1729.89,1729.89
ORD01756,CUST0112,2026-02-07,Electronics,1,32673.49,32673.49
ORD05292,CUST0331,2026-02-07,Electronics,1,20298.76,20298.76
ORD00269,CUST0199,2026-02-07,Books,1,1161.56,1161.56
ORD00082,CUST0356,2026-02-07,Home & Kitchen,1,6025.01,6025.01
ORD01378,CUST0152,2026-02-07,Fashion,1,2516.29,2516.29
ORD00201,CUST0287,2026-02-07,Electronics,1,28452.08,28452.08
ORD04725,CUST0341,2026-02-07,Electronics,1,42374.3,42374.3
ORD03058,CUST0135,2026-02-07,Beauty & Personal Care,1,2091.85,2091.85
ORD02199,CUST0354,2026-02-07,Electronics,3,42491.94,127475.82
ORD03530,CUST0075,2026-02-07,Beauty & Personal Care,1,858.88,858.88
ORD02892,CUST0091,2026-02-07,Sports & Fitness,2,11585.46,23170.92
ORD05337,CUST0265,2026-02-07,Beauty & Personal Care,1,949.92,949.92
ORD05517,CUST0003,2026-02-08,Fashion,1,3994.66,3994.66
ORD00314,CUST0227,2026-02-08,Fashion,1,1785.82,1785.82
ORD03144,CUST0398,2026-02-08,Home & Kitchen,3,2353.28,7059.84
ORD03124,CUST0227,2026-02-08,Sports & Fitness,1,11692.8,11692.8
ORD02847,CUST0248,2026-02-08,Fashion,3,656.86,1970.58
ORD01388,CUST0363,2026-02-08,Electronics,1,13599.25,13599.25
ORD03707,CUST0124,2026-02-08,Electronics,1,22363.2,22363.2
ORD05006,CUST0022,2026-02-08,Books,1,666.33,666.33
ORD00944,CUST0210,2026-02-08,Fashion,1,3623.98,3623.98
ORD00986,CUST0043,2026-02-08,Electronics,1,28013.51,28013.51
ORD02652,CUST0212,2026-02-08,Electronics,1,43188.16,43188.16
ORD02124,CUST0175,2026-02-08,Electronics,1,3765.82,3765.82
ORD01110,CUST0117,2026-02-08,Fashion,1,643.37,643.37
ORD00509,CUST0138,2026-02-08,Books,3,235.21,705.63
ORD01566,CUST0207,2026-02-08,Electronics,1,23674.43,23674.43
ORD00109,CUST0002,2026-02-08,Fashion,1,444.95,444.95
ORD00771,CUST0373,2026-02-08,Fashion,1,2017.09,2017.09
ORD04489,CUST0367,2026-02-08,Fashion,1,1129.92,1129.92
ORD01306,CUST0307,2026-02-09,Beauty & Personal Care,1,1146.59,1146.59
ORD01586,CUST0326,2026-02-09,Sports & Fitness,1,3117.77,3117.77
ORD00361,CUST0387,2026-02-09,Electronics,2,12240.47,24480.94
ORD01014,CUST0382,2026-02-09,Electronics,1,27432.21,27432.21
ORD04594,CUST0204,2026-02-09,Beauty & Personal Care,2,219.16,438.32
ORD03496,CUST0232,2026-02-09,Beauty & Personal Care,1,1913.57,1913.57
ORD02934,CUST0321,2026-02-09,Books,1,1092.28,1092.28
ORD01006,CUST0393,2026-02-09,Home & Kitchen,1,1011.86,1011.86
ORD01099,CUST0055,2026-02-09,Books,1,224.23,224.23
ORD04073,CUST0203,2026-02-09,Home & Kitchen,1,4676.39,4676.39
ORD05039,CUST0021,2026-02-10,Electronics,1,9975.8,9975.8
ORD04922,CUST0360,2026-02-10,Books,1,254.86,254.86
ORD00299,CUST0314,2026-02-10,Electronics,1,16635.45,16635.45
ORD00670,CUST0317,2026-02-10,Fashion,2,4234.76,8469.52
ORD04147,CUST0021,2026-02-10,Home & Kitchen,1,3581.33,3581.33
ORD03916,CUST0361,2026-02-10,Home & Kitchen,2,2942.87,5885.74
ORD04770,CUST0225,2026-02-10,Fashion,1,1245.06,1245.06
ORD04057,CUST0085,2026-02-10,Books,1,991.38,991.38
ORD04099,CUST0229,2026-02-10,Electronics,1,4536.85,4536.85
ORD00265,CUST0400,2026-02-10,Home & Kitchen,3,6360.87,19082.61
ORD02604,CUST0239,2026-02-10,Sports & Fitness,1,11128.49,11128.49
ORD05127,CUST0332,2026-02-10,Beauty & Personal Care,2,1471.44,2942.88
ORD02326,CUST0258,2026-02-10,Fashion,1,1447.88,1447.88
ORD00195,CUST0276,2026-02-10,Electronics,1,31730.37,31730.37
ORD00132,CUST0164,2026-02-10,Books,1,491.45,491.45
ORD01511,CUST0338,2026-02-10,Fashion,1,3802.26,3802.26
ORD03739,CUST0163,2026-02-10,Electronics,1,21362.27,21362.27
ORD00823,CUST0073,2026-02-11,Fashion,1,3504.51,3504.51
ORD04924,CUST0364,2026-02-11,Fashion,1,2899.13,2899.13
ORD03078,CUST0150,2026-02-11,Electronics,1,22476.41,22476.41
ORD01075,CUST0035,2026-02-11,Electronics,1,24158.53,24158.53
ORD01525,CUST0317,2026-02-11,Electronics,1,20003.01,20003.01
ORD05193,CUST0075,2026-02-11,Home & Kitchen,1,1475.77,1475.77
ORD02771,CUST0258,2026-02-11,Electronics,2,7625.32,15250.64
ORD04014,CUST0399,2026-02-11,Beauty & Personal Care,1,1925.19,1925.19
ORD00211,CUST0308,2026-02-11,Home & Kitchen,1,2347.05,2347.05
ORD02033,CUST0389,2026-02-11,Fashion,1,2459.07,2459.07
ORD00727,CUST0365,2026-02-11,Fashion,1,3073.5,3073.5
ORD00285,CUST0399,2026-02-11,Home & Kitchen,1,2705.09,2705.09
ORD05492,CUST0180,2026-02-11,Home & Kitchen,2,2797.09,5594.18
ORD03153,CUST0122,2026-02-11,Fashion,2,4104.02,8208.04
ORD00197,CUST0238,2026-02-11,Fashion,2,1040.31,2080.62
ORD00754,CUST0208,2026-02-11,Electronics,1,4158.05,4158.05
ORD01290,CUST0285,2026-02-12,Fashion,1,2244.06,2244.06
ORD00699,CUST0326,2026-02-12,Sports & Fitness,1,2269.85,2269.85
ORD04530,CUST0251,2026-02-12,Sports & Fitness,1,900.79,900.79
ORD05237,CUST0070,2026-02-12,Home & Kitchen,2,2119.46,4238.92
ORD00857,CUST0265,2026-02-12,Electronics,1,19713.24,19713.24
ORD03989,CUST0042,2026-02-12,Fashion,1,4656.63,4656.63
ORD01403,CUST0056,2026-02-12,Sports & Fitness,2,11223.11,22446.22
ORD03685,CUST0386,2026-02-12,Fashion,1,998.98,998.98
ORD04272,CUST0386,2026-02-12,Fashion,1,4478.42,4478.42
ORD02320,CUST0179,2026-02-12,Home & Kitchen,1,333.68,333.68
ORD02254,CUST0018,2026-02-12,Home & Kitchen,1,3428.69,3428.69
ORD02627,CUST0344,2026-02-12,Fashion,1,3221.1,3221.1
ORD03705,CUST0376,2026-02-12,Sports & Fitness,1,11204.63,11204.63
ORD03740,CUST0383,2026-02-12,Sports & Fitness,1,9264.92,9264.92
ORD00964,CUST0010,2026-02-13,Home & Kitchen,1,3373.27,3373.27
ORD05373,CUST0304,2026-02-13,Fashion,1,1907.88,1907.88
ORD01720,CUST0195,2026-02-13,Fashion,2,1730.29,3460.58
ORD01059,CUST0249,2026-02-13,Electronics,1,44926.87,44926.87
ORD02844,CUST0352,2026-02-13,Beauty & Personal Care,1,2438.81,2438.81
ORD02924,CUST0189,2026-02-13,Home & Kitchen,1,2790.7,2790.7
ORD02298,CUST0248,2026-02-13,Fashion,2,3702.19,7404.38
ORD04066,CUST0196,2026-02-13,Fashion,2,458.55,917.1
ORD01033,CUST0252,2026-02-13,Sports & Fitness,1,9329.29,9329.29
ORD01010,CUST0135,2026-02-13,Electronics,1,37246.23,37246.23
ORD04706,CUST0161,2026-02-13,Sports & Fitness,1,2502.93,2502.93
ORD05581,CUST0331,2026-02-13,Home & Kitchen,1,5764.37,5764.37
ORD03690,CUST0355,2026-02-13,Fashion,1,598.17,598.17
ORD05531,CUST0203,2026-02-13,Fashion,1,2251.11,2251.11
ORD04781,CUST0398,2026-02-13,Fashion,1,3922.44,3922.44
ORD00587,CUST0322,2026-02-13,Fashion,1,2647.08,2647.08
ORD05465,CUST0146,2026-02-13,Sports & Fitness,1,5220.4,5220.4
ORD04127,CUST0254,2026-02-13,Books,1,650.27,650.27
ORD04984,CUST0362,2026-02-13,Fashion,1,1762.49,1762.49
ORD00969,CUST0344,2026-02-14,Books,3,274.15,822.45
ORD01005,CUST0254,2026-02-14,Sports & Fitness,1,3307.7,3307.7
ORD04517,CUST0157,2026-02-14,Home & Kitchen,1,7125.78,7125.78
ORD02522,CUST0158,2026-02-14,Electronics,1,27507.99,27507.99
ORD01830,CUST0138,2026-02-14,Beauty & Personal Care,3,1496.74,4490.22
ORD05555,CUST0124,2026-02-14,Sports & Fitness,2,11818.15,23636.3
ORD04631,CUST0101,2026-02-14,Fashion,1,3007.06,3007.06
ORD04885,CUST0267,2026-02-14,Home & Kitchen,2,4188.1,8376.2
ORD02345,CUST0250,2026-02-14,Electronics,1,28780.52,28780.52
ORD01478,CUST0281,2026-02-14,Electronics,2,37463.3,74926.6
ORD02123,CUST0232,2026-02-14,Fashion,2,3601.76,7203.52
ORD04602,CUST0389,2026-02-14,Home & Kitchen,1,7496.32,7496.32
ORD00473,CUST0169,2026-02-14,Sports & Fitness,1,4462.95,4462.95
ORD02964,CUST0368,2026-02-14,Home & Kitchen,1,1706.03,1706.03
ORD00741,CUST0173,2026-02-14,Sports & Fitness,1,6249.53,6249.53
ORD01415,CUST0157,2026-02-14,Sports & Fitness,2,2373.38,4746.76
ORD03399,CUST0314,2026-02-14,Home & Kitchen,1,5185.5,5185.5
ORD02731,CUST0076,2026-02-15,Books,1,435.53,435.53
ORD04708,CUST0091,2026-02-15,Home & Kitchen,1,3337.82,3337.82
ORD02433,CUST0089,2026-02-15,Fashion,1,4047.4,4047.4
ORD04940,CUST0388,2026-02-15,Fashion,1,4032.66,4032.66
ORD00799,CUST0310,2026-02-15,Fashion,1,2252.6,2252.6
ORD00973,CUST0177,2026-02-15,Home & Kitchen,2,4261.57,8523.14
ORD03865,CUST0275,2026-02-15,Sports & Fitness,1,2629.12,2629.12
ORD01441,CUST0189,2026-02-15,Home & Kitchen,1,4098.01,4098.01
ORD05287,CUST0369,2026-02-15,Home & Kitchen,1,3455.3,3455.3
ORD01387,CUST0222,2026-02-15,Fashion,1,4445.53,4445.53
ORD05463,CUST0041,2026-02-15,Books,1,538.77,538.77
ORD04728,CUST0337,2026-02-15,Fashion,3,1329.18,3987.54
ORD00897,CUST0152,2026-02-15,Books,1,402.23,402.23
ORD00507,CUST0047,2026-02-15,Books,1,1009.29,1009.29
ORD02098,CUST0374,2026-02-15,Fashion,1,1859.83,1859.83
ORD00035,CUST0394,2026-02-15,Home & Kitchen,1,5174.86,5174.86
ORD00758,CUST0306,2026-02-16,Electronics,1,12917.47,12917.47
ORD00491,CUST0219,2026-02-16,Sports & Fitness,1,8602.38,8602.38
ORD04985,CUST0315,2026-02-16,Home & Kitchen,2,2426.62,4853.24
ORD02813,CUST0268,2026-02-16,Beauty & Personal Care,1,1184.25,1184.25
ORD02808,CUST0323,2026-02-16,Electronics,2,2743.88,5487.76
ORD00275,CUST0198,2026-02-16,Sports & Fitness,1,6811.64,6811.64
ORD03738,CUST0091,2026-02-16,Fashion,1,873.39,873.39
ORD03638,CUST0376,2026-02-16,Electronics,1,18345.77,18345.77
ORD04727,CUST0351,2026-02-17,Fashion,1,2774.99,2774.99
ORD02703,CUST0301,2026-02-17,Sports & Fitness,2,709.3,1418.6
ORD05143,CUST0400,2026-02-17,Electronics,1,1597.69,1597.69
ORD01838,CUST0162,2026-02-17,Electronics,1,15344.09,15344.09
ORD00968,CUST0001,2026-02-17,Beauty & Personal Care,1,960.28,960.28
ORD03532,CUST0082,2026-02-17,Beauty & Personal Care,2,1745.41,3490.82
ORD05561,CUST0342,2026-02-17,Home & Kitchen,1,2820.67,2820.67
ORD00073,CUST0226,2026-02-17,Sports & Fitness,1,8035.28,8035.28
ORD02906,CUST0201,2026-02-17,Electronics,1,15462.31,15462.31
ORD05171,CUST0252,2026-02-17,Sports & Fitness,1,8983.37,8983.37
ORD00419,CUST0134,2026-02-17,Sports & Fitness,1,9782.29,9782.29
ORD03934,CUST0332,2026-02-17,Fashion,1,4164.36,4164.36
ORD04931,CUST0006,2026-02-17,Fashion,1,2417.11,2417.11
ORD04937,CUST0280,2026-02-17,Sports & Fitness,1,7226.59,7226.59
ORD01107,CUST0229,2026-02-17,Sports & Fitness,1,9083.83,9083.83
ORD01694,CUST0277,2026-02-17,Electronics,1,7960.51,7960.51
ORD03766,CUST0270,2026-02-17,Home & Kitchen,1,7466.69,7466.69
ORD05476,CUST0222,2026-02-17,Books,1,1186.66,1186.66
ORD01219,CUST0368,2026-02-17,Books,2,505.29,1010.58
ORD01833,CUST0360,2026-02-18,Books,1,489.05,489.05
ORD03573,CUST0063,2026-02-18,Books,1,568.27,568.27
ORD00237,CUST0118,2026-02-18,Sports & Fitness,1,9049.37,9049.37
ORD00742,CUST0052,2026-02-18,Electronics,1,2617.5,2617.5
ORD04843,CUST0265,2026-02-18,Sports & Fitness,1,4944.52,4944.52
ORD02105,CUST0341,2026-02-18,Beauty & Personal Care,1,840.7,840.7
ORD03426,CUST0114,2026-02-18,Sports & Fitness,1,5176.3,5176.3
ORD00541,CUST0117,2026-02-18,Electronics,1,22130.09,22130.09
ORD04962,CUST0192,2026-02-18,Electronics,1,18134.51,18134.51
ORD01571,CUST0244,2026-02-18,Electronics,1,39731.33,39731.33
ORD05515,CUST0298,2026-02-19,Sports & Fitness,1,11519.15,11519.15
ORD01800,CUST0179,2026-02-19,Books,1,688.21,688.21
ORD03775,CUST0030,2026-02-19,Sports & Fitness,1,10978.61,10978.61
ORD03784,CUST0309,2026-02-19,Home & Kitchen,1,4512.2,4512.2
ORD05424,CUST0059,2026-02-19,Books,1,1097.85,1097.85
ORD05060,CUST0188,2026-02-19,Sports & Fitness,1,11700.75,11700.75
ORD02250,CUST0172,2026-02-19,Home & Kitchen,1,318.9,318.9
ORD05575,CUST0290,2026-02-19,Beauty & Personal Care,1,3011.35,3011.35
ORD02394,CUST0313,2026-02-19,Sports & Fitness,1,4281.72,4281.72
ORD02277,CUST0395,2026-02-19,Fashion,1,1502.14,1502.14
ORD02712,CUST0219,2026-02-19,Electronics,1,16753.24,16753.24
ORD01343,CUST0240,2026-02-19,Fashion,2,2294.95,4589.9
ORD01741,CUST0152,2026-02-19,Sports & Fitness,1,5143.83,5143.83
ORD00842,CUST0178,2026-02-19,Electronics,1,37194.02,37194.02
ORD05455,CUST0368,2026-02-19,Electronics,1,10049.64,10049.64
ORD05395,CUST0134,2026-02-19,Books,1,1152.27,1152.27
ORD02641,CUST0196,2026-02-19,Home & Kitchen,1,1446.2,1446.2
ORD00772,CUST0236,2026-02-19,Electronics,2,27576.56,55153.12
ORD01482,CUST0110,2026-02-20,Home & Kitchen,2,4716.93,9433.86
ORD00368,CUST0005,2026-02-20,Fashion,1,574.72,574.72
ORD04703,CUST0158,2026-02-20,Sports & Fitness,1,4009.11,4009.11
ORD00036,CUST0046,2026-02-20,Sports & Fitness,1,5150.39,5150.39
ORD04252,CUST0266,2026-02-20,Beauty & Personal Care,1,1464.04,1464.04
ORD00450,CUST0324,2026-02-20,Home & Kitchen,1,4643.37,4643.37
ORD01473,CUST0062,2026-02-20,Electronics,1,6409.33,6409.33
ORD05131,CUST0103,2026-02-20,Electronics,1,32650.83,32650.83
ORD04858,CUST0400,2026-02-20,Home & Kitchen,1,6343.58,6343.58
ORD00548,CUST0020,2026-02-20,Fashion,3,2761.49,8284.47
ORD00119,CUST0307,2026-02-20,Electronics,1,35851.89,35851.89
ORD02636,CUST0251,2026-02-20,Sports & Fitness,1,9298.29,9298.29
ORD02962,CUST0335,2026-02-20,Fashion,1,3794.04,3794.04
ORD03849,CUST0257,2026-02-20,Home & Kitchen,1,4144.48,4144.48
ORD00679,CUST0108,2026-02-20,Books,2,158.46,316.92
ORD01568,CUST0157,2026-02-20,Books,2,915.31,1830.62
ORD00253,CUST0146,2026-02-20,Electronics,1,15776.38,15776.38
ORD02255,CUST0383,2026-02-20,Electronics,2,29976.04,59952.08
ORD00168,CUST0118,2026-02-20,Books,1,1148.97,1148.97
ORD00970,CUST0294,2026-02-21,Beauty & Personal Care,1,700.75,700.75
ORD05182,CUST0154,2026-02-21,Home & Kitchen,3,5606.7,16820.1
ORD03239,CUST0195,2026-02-21,Beauty & Personal Care,1,2151.4,2151.4
ORD02624,CUST0217,2026-02-21,Home & Kitchen,1,449.65,449.65
ORD04019,CUST0342,2026-02-21,Sports & Fitness,1,8539.39,8539.39
ORD05570,CUST0104,2026-02-21,Beauty & Personal Care,1,1765.92,1765.92
ORD01123,CUST0351,2026-02-21,Sports & Fitness,1,7805.55,7805.55
ORD01526,CUST0116,2026-02-21,Home & Kitchen,2,7089.22,14178.44
ORD00511,CUST0091,2026-02-21,Home & Kitchen,1,4254.81,4254.81
ORD00902,CUST0298,2026-02-21,Beauty & Personal Care,1,1668.01,1668.01
ORD05036,CUST0294,2026-02-22,Sports & Fitness,1,7186.34,7186.34
ORD03880,CUST0298,2026-02-22,Sports & Fitness,1,7122.97,7122.97
ORD02577,CUST0173,2026-02-22,Home & Kitchen,3,2847.68,8543.04
ORD00418,CUST0181,2026-02-22,Electronics,2,7221.04,14442.08
ORD01617,CUST0318,2026-02-22,Electronics,2,2348.37,4696.74
ORD05418,CUST0356,2026-02-22,Fashion,1,1890.25,1890.25
ORD05457,CUST0021,2026-02-22,Fashion,1,3303.57,3303.57
ORD00662,CUST0166,2026-02-22,Electronics,1,25743.01,25743.01
ORD01952,CUST0014,2026-02-22,Home & Kitchen,3,6733.89,20201.67
ORD01185,CUST0092,2026-02-22,Electronics,1,35454.91,35454.91
ORD01516,CUST0009,2026-02-22,Electronics,1,22359.09,22359.09
ORD04802,CUST0216,2026-02-22,Fashion,1,2402.25,2402.25
ORD04640,CUST0303,2026-02-22,Home & Kitchen,1,6164.72,6164.72
ORD00090,CUST0381,2026-02-22,Beauty & Personal Care,1,2673.85,2673.85
ORD00536,CUST0141,2026-02-22,Sports & Fitness,1,2842.17,2842.17
ORD02995,CUST0196,2026-02-23,Fashion,1,2038.96,2038.96
ORD05363,CUST0377,2026-02-23,Books,1,408.36,408.36
ORD02795,CUST0378,2026-02-23,Sports & Fitness,2,6920.18,13840.36
ORD02682,CUST0004,2026-02-23,Electronics,1,26100.94,26100.94
ORD02984,CUST0297,2026-02-23,Sports & Fitness,1,9866.84,9866.84
ORD03270,CUST0019,2026-02-23,Electronics,1,20313.03,20313.03
ORD01229,CUST0224,2026-02-23,Home & Kitchen,1,7348.7,7348.7
ORD05277,CUST0345,2026-02-23,Books,1,162.56,162.56
ORD02415,CUST0013,2026-02-23,Electronics,1,18209.0,18209.0
ORD02971,CUST0347,2026-02-23,Sports & Fitness,1,4228.87,4228.87
ORD01458,CUST0277,2026-02-23,Books,1,735.3,735.3
ORD01017,CUST0138,2026-02-23,Home & Kitchen,2,2255.68,4511.36
ORD00838,CUST0328,2026-02-23,Home & Kitchen,1,5399.82,5399.82
ORD02858,CUST0400,2026-02-23,Electronics,1,15093.99,15093.99
ORD02018,CUST0174,2026-02-23,Electronics,1,22345.91,22345.91
ORD01358,CUST0131,2026-02-23,Sports & Fitness,1,9725.33,9725.33
ORD03086,CUST0242,2026-02-23,Electronics,1,14102.73,14102.73
ORD02833,CUST0197,2026-02-24,Home & Kitchen,1,3296.54,3296.54
ORD04807,CUST0369,2026-02-24,Sports & Fitness,1,2834.17,2834.17
ORD03590,CUST0241,2026-02-24,Home & Kitchen,1,3954.01,3954.01
ORD00338,CUST0161,2026-02-24,Fashion,1,3558.31,3558.31
ORD02191,CUST0377,2026-02-24,Sports & Fitness,1,7753.97,7753.97
ORD01271,CUST0185,2026-02-24,Fashion,1,4744.53,4744.53
ORD01665,CUST0192,2026-02-24,Home & Kitchen,3,4084.66,12253.98
ORD03060,CUST0132,2026-02-24,Home & Kitchen,2,5350.56,10701.12
ORD04999,CUST0221,2026-02-24,Books,1,277.54,277.54
ORD03581,CUST0019,2026-02-24,Electronics,3,3077.89,9233.67
ORD05469,CUST0077,2026-02-24,Sports & Fitness,1,2445.08,2445.08
ORD00009,CUST0370,2026-02-24,Sports & Fitness,1,3692.25,3692.25
ORD00060,CUST0324,2026-02-24,Electronics,1,16926.06,16926.06
ORD00492,CUST0345,2026-02-24,Home & Kitchen,1,2334.93,2334.93
ORD04369,CUST0072,2026-02-24,Electronics,1,6808.37,6808.37
ORD03904,CUST0321,2026-02-25,Home & Kitchen,1,4206.55,4206.55
ORD04318,CUST0118,2026-02-25,Books,1,1083.74,1083.74
ORD03498,CUST0059,2026-02-25,Books,1,756.55,756.55
ORD00504,CUST0367,2026-02-25,Electronics,2,34054.72,68109.44
ORD04684,CUST0295,2026-02-25,Electronics,1,19635.45,19635.45
ORD01236,CUST0123,2026-02-25,Beauty & Personal Care,1,2253.84,2253.84
ORD04171,CUST0138,2026-02-25,Electronics,2,5184.2,10368.4
ORD02391,CUST0259,2026-02-25,Fashion,1,1192.63,1192.63
ORD04167,CUST0091,2026-02-25,Fashion,1,651.05,651.05
ORD00203,CUST0083,2026-02-25,Electronics,3,31734.03,95202.09
ORD00568,CUST0232,2026-02-25,Sports & Fitness,1,5433.33,5433.33
ORD05539,CUST0139,2026-02-25,Sports & Fitness,2,6966.67,13933.34
ORD03631,CUST0217,2026-02-25,Home & Kitchen,1,5853.66,5853.66
ORD02177,CUST0062,2026-02-25,Electronics,1,12969.88,12969.88
ORD00953,CUST0355,2026-02-25,Sports & Fitness,1,5977.71,5977.71
ORD02366,CUST0149,2026-02-25,Home & Kitchen,1,4075.7,4075.7
ORD01143,CUST0292,2026-02-25,Books,1,523.87,523.87
ORD03340,CUST0389,2026-02-25,Books,1,933.04,933.04
ORD04851,CUST0209,2026-02-25,Electronics,1,19267.37,19267.37
ORD03615,CUST0298,2026-02-25,Fashion,1,2389.41,2389.41
ORD04065,CUST0256,2026-02-25,Sports & Fitness,1,7181.94,7181.94
ORD00273,CUST0086,2026-02-25,Sports & Fitness,1,5306.88,5306.88
ORD00782,CUST0333,2026-02-26,Electronics,1,4595.27,4595.27
ORD02644,CUST0073,2026-02-26,Fashion,1,2805.61,2805.61
ORD02982,CUST0049,2026-02-26,Books,1,469.81,469.81
ORD04811,CUST0195,2026-02-26,Fashion,1,4697.29,4697.29
ORD00833,CUST0042,2026-02-26,Home & Kitchen,2,2740.46,5480.92
ORD00839,CUST0393,2026-02-26,Beauty & Personal Care,2,1232.63,2465.26
ORD04380,CUST0179,2026-02-26,Electronics,1,3071.11,3071.11
ORD02841,CUST0374,2026-02-26,Home & Kitchen,1,1888.45,1888.45
ORD05104,CUST0345,2026-02-26,Electronics,3,14471.98,43415.94
ORD00483,CUST0113,2026-02-26,Electronics,1,30819.87,30819.87
ORD01954,CUST0360,2026-02-26,Home & Kitchen,1,6024.97,6024.97
ORD00983,CUST0078,2026-02-26,Fashion,3,973.38,2920.14
ORD03049,CUST0367,2026-02-26,Electronics,2,18558.09,37116.18
ORD02590,CUST0014,2026-02-27,Beauty & Personal Care,1,437.24,437.24
ORD05335,CUST0246,2026-02-27,Fashion,1,2177.88,2177.88
ORD01872,CUST0008,2026-02-27,Fashion,1,2667.88,2667.88
ORD02678,CUST0014,2026-02-27,Electronics,1,41028.14,41028.14
ORD04913,CUST0124,2026-02-27,Fashion,1,4548.57,4548.57
ORD04100,CUST0395,2026-02-27,Fashion,1,2983.07,2983.07
ORD03005,CUST0313,2026-02-27,Books,2,1185.87,2371.74
ORD03092,CUST0380,2026-02-27,Beauty & Personal Care,1,2458.63,2458.63
ORD04123,CUST0078,2026-02-27,Sports & Fitness,1,7216.22,7216.22
ORD03927,CUST0175,2026-02-27,Electronics,1,38798.58,38798.58
ORD01134,CUST0038,2026-02-27,Fashion,1,2513.99,2513.99
ORD03374,CUST0052,2026-02-27,Electronics,2,35939.73,71879.46
ORD00191,CUST0262,2026-02-27,Home & Kitchen,2,7556.38,15112.76
ORD05508,CUST0013,2026-02-27,Fashion,1,618.73,618.73
ORD03289,CUST0392,2026-02-27,Beauty & Personal Care,1,2479.81,2479.81
ORD00606,CUST0176,2026-02-28,Fashion,1,2508.78,2508.78
ORD04095,CUST0355,2026-02-28,Electronics,1,11080.74,11080.74
ORD04847,CUST0076,2026-02-28,Electronics,1,19108.6,19108.6
ORD03692,CUST0384,2026-02-28,Fashion,1,2834.15,2834.15
ORD02915,CUST0306,2026-02-28,Electronics,2,16611.79,33223.58
ORD00646,CUST0340,2026-02-28,Home & Kitchen,2,5821.83,11643.66
ORD03860,CUST0285,2026-02-28,Sports & Fitness,1,611.91,611.91
ORD05323,CUST0078,2026-02-28,Home & Kitchen,1,1056.64,1056.64
ORD00592,CUST0179,2026-02-28,Sports & Fitness,1,10672.71,10672.71
ORD00141,CUST0217,2026-02-28,Fashion,1,3555.45,3555.45
ORD01170,CUST0281,2026-02-28,Sports & Fitness,1,6311.57,6311.57
ORD03171,CUST0393,2026-02-28,Beauty & Personal Care,1,2413.42,2413.42
ORD01888,CUST0248,2026-02-28,Fashion,1,3710.6,3710.6
ORD01616,CUST0081,2026-02-28,Fashion,1,2660.47,2660.47
ORD03368,CUST0043,2026-03-01,Fashion,1,1768.56,1768.56
ORD05333,CUST0072,2026-03-01,Fashion,1,996.76,996.76
ORD03708,CUST0134,2026-03-01,Books,2,747.81,1495.62
ORD04890,CUST0046,2026-03-01,Beauty & Personal Care,2,2257.12,4514.24
ORD00266,CUST0329,2026-03-01,Fashion,1,4286.03,4286.03
ORD02586,CUST0185,2026-03-01,Electronics,1,26795.61,26795.61
ORD00715,CUST0030,2026-03-01,Fashion,1,3539.65,3539.65
ORD00870,CUST0083,2026-03-01,Home & Kitchen,1,2098.47,2098.47
ORD03222,CUST0120,2026-03-01,Sports & Fitness,2,9873.35,19746.7
ORD04599,CUST0380,2026-03-01,Home & Kitchen,1,7997.35,7997.35
ORD02852,CUST0089,2026-03-01,Home & Kitchen,1,6217.74,6217.74
ORD03554,CUST0005,2026-03-01,Electronics,2,27696.07,55392.14
ORD00865,CUST0323,2026-03-01,Electronics,1,35345.01,35345.01
ORD00989,CUST0198,2026-03-01,Beauty & Personal Care,1,1066.98,1066.98
ORD04862,CUST0004,2026-03-01,Electronics,1,14997.76,14997.76
ORD05553,CUST0118,2026-03-01,Books,1,494.01,494.01
ORD03605,CUST0264,2026-03-01,Fashion,1,3998.96,3998.96
ORD01231,CUST0345,2026-03-01,Electronics,1,33260.66,33260.66
ORD04790,CUST0241,2026-03-01,Fashion,1,577.98,577.98
ORD03654,CUST0210,2026-03-01,Sports & Fitness,1,1519.32,1519.32
ORD00960,CUST0226,2026-03-01,Books,3,276.78,830.34
ORD02575,CUST0339,2026-03-02,Fashion,2,650.88,1301.76
ORD02426,CUST0238,2026-03-02,Sports & Fitness,1,3840.54,3840.54
ORD00915,CUST0272,2026-03-02,Sports & Fitness,3,9352.09,28056.27
ORD04013,CUST0267,2026-03-02,Electronics,2,14091.93,28183.86
ORD01969,CUST0072,2026-03-02,Electronics,1,34361.25,34361.25
ORD00575,CUST0208,2026-03-02,Sports & Fitness,1,7624.55,7624.55
ORD04462,CUST0319,2026-03-02,Fashion,1,1611.65,1611.65
ORD04412,CUST0318,2026-03-02,Electronics,2,34965.62,69931.24
ORD01549,CUST0378,2026-03-02,Home & Kitchen,1,1350.06,1350.06
ORD00371,CUST0216,2026-03-02,Home & Kitchen,1,2500.53,2500.53
ORD03281,CUST0304,2026-03-02,Electronics,1,14227.95,14227.95
ORD02580,CUST0262,2026-03-02,Books,1,797.57,797.57
ORD02973,CUST0207,2026-03-02,Fashion,1,572.84,572.84
ORD04026,CUST0286,2026-03-02,Electronics,1,38692.98,38692.98
ORD00827,CUST0359,2026-03-02,Electronics,1,30719.34,30719.34
ORD03538,CUST0396,2026-03-02,Beauty & Personal Care,1,474.43,474.43
ORD01621,CUST0394,2026-03-02,Home & Kitchen,1,313.95,313.95
ORD04143,CUST0284,2026-03-02,Electronics,1,18837.51,18837.51
ORD02052,CUST0178,2026-03-02,Sports & Fitness,1,4756.7,4756.7
ORD03540,CUST0103,2026-03-02,Beauty & Personal Care,1,2206.0,2206.0
ORD00369,CUST0017,2026-03-03,Home & Kitchen,2,7053.6,14107.2
ORD05261,CUST0339,2026-03-03,Electronics,1,5340.95,5340.95
ORD01715,CUST0309,2026-03-03,Books,1,1071.36,1071.36
ORD00388,CUST0392,2026-03-03,Home & Kitchen,1,2089.36,2089.36
ORD01029,CUST0031,2026-03-03,Fashion,1,3686.51,3686.51
ORD02384,CUST0103,2026-03-03,Beauty & Personal Care,1,3125.74,3125.74
ORD05407,CUST0174,2026-03-03,Electronics,2,3496.38,6992.76
ORD01455,CUST0186,2026-03-03,Books,1,376.93,376.93
ORD04169,CUST0028,2026-03-03,Fashion,1,941.0,941.0
ORD01633,CUST0197,2026-03-03,Electronics,1,19411.02,19411.02
ORD02714,CUST0365,2026-03-03,Sports & Fitness,1,2864.46,2864.46
ORD03918,CUST0119,2026-03-03,Beauty & Personal Care,1,3445.5,3445.5
ORD00547,CUST0049,2026-03-04,Sports & Fitness,1,10251.17,10251.17
ORD04424,CUST0297,2026-03-04,Electronics,1,34698.76,34698.76
ORD03387,CUST0214,2026-03-04,Home & Kitchen,1,1842.77,1842.77
ORD02157,CUST0345,2026-03-04,Beauty & Personal Care,1,3085.18,3085.18
ORD02367,CUST0006,2026-03-04,Home & Kitchen,1,1245.87,1245.87
ORD01011,CUST0298,2026-03-04,Electronics,1,42760.63,42760.63
ORD04372,CUST0102,2026-03-04,Fashion,1,1205.14,1205.14
ORD04628,CUST0365,2026-03-04,Electronics,1,3221.89,3221.89
ORD04636,CUST0063,2026-03-04,Sports & Fitness,1,7745.51,7745.51
ORD04842,CUST0001,2026-03-04,Home & Kitchen,1,6928.09,6928.09
ORD04875,CUST0210,2026-03-04,Beauty & Personal Care,1,940.24,940.24
ORD05270,CUST0058,2026-03-04,Electronics,1,2997.96,2997.96
ORD05484,CUST0074,2026-03-04,Electronics,2,19272.52,38545.04
ORD02667,CUST0015,2026-03-04,Books,1,169.27,169.27
ORD00977,CUST0156,2026-03-05,Sports & Fitness,1,6913.42,6913.42
ORD03695,CUST0367,2026-03-05,Fashion,1,1563.02,1563.02
ORD00640,CUST0284,2026-03-05,Home & Kitchen,1,1395.37,1395.37
ORD05339,CUST0389,2026-03-05,Sports & Fitness,1,6188.88,6188.88
ORD04509,CUST0141,2026-03-05,Electronics,1,35367.16,35367.16
ORD01258,CUST0286,2026-03-05,Beauty & Personal Care,1,2044.55,2044.55
ORD04745,CUST0136,2026-03-05,Beauty & Personal Care,1,2955.3,2955.3
ORD01391,CUST0180,2026-03-05,Beauty & Personal Care,1,637.49,637.49
ORD02004,CUST0001,2026-03-05,Home & Kitchen,1,4757.82,4757.82
ORD00517,CUST0061,2026-03-05,Electronics,1,14595.5,14595.5
ORD01674,CUST0160,2026-03-05,Home & Kitchen,3,1199.97,3599.91
ORD05598,CUST0291,2026-03-05,Home & Kitchen,1,1158.93,1158.93
ORD02002,CUST0015,2026-03-05,Beauty & Personal Care,1,604.31,604.31
ORD05529,CUST0064,2026-03-05,Books,2,1147.39,2294.78
ORD04281,CUST0151,2026-03-05,Fashion,1,2386.86,2386.86
ORD05394,CUST0292,2026-03-05,Sports & Fitness,1,8644.42,8644.42
ORD00773,CUST0068,2026-03-05,Fashion,2,622.47,1244.94
ORD03857,CUST0367,2026-03-05,Electronics,1,27486.85,27486.85
ORD04965,CUST0002,2026-03-05,Books,1,739.52,739.52
ORD00402,CUST0217,2026-03-05,Electronics,2,26061.36,52122.72
ORD01433,CUST0160,2026-03-05,Home & Kitchen,1,1053.5,1053.5
ORD02128,CUST0274,2026-03-05,Sports & Fitness,1,9867.37,9867.37
ORD02715,CUST0119,2026-03-05,Electronics,1,25931.02,25931.02
ORD01114,CUST0140,2026-03-05,Beauty & Personal Care,3,1306.84,3920.52
ORD03436,CUST0187,2026-03-05,Electronics,1,38183.67,38183.67
ORD03236,CUST0202,2026-03-05,Fashion,1,1811.46,1811.46
ORD01373,CUST0270,2026-03-05,Fashion,1,469.8,469.8
ORD03545,CUST0274,2026-03-05,Electronics,2,28688.48,57376.96
ORD05494,CUST0142,2026-03-05,Electronics,3,14045.7,42137.1
ORD03215,CUST0328,2026-03-05,Fashion,1,1293.15,1293.15
ORD03204,CUST0027,2026-03-05,Sports & Fitness,1,3773.54,3773.54
ORD02862,CUST0254,2026-03-06,Electronics,1,3011.28,3011.28
ORD03892,CUST0092,2026-03-06,Electronics,1,32783.65,32783.65
ORD03507,CUST0396,2026-03-06,Fashion,1,4226.8,4226.8
ORD01466,CUST0087,2026-03-06,Home & Kitchen,1,1364.49,1364.49
ORD01683,CUST0175,2026-03-06,Beauty & Personal Care,1,533.59,533.59
ORD04115,CUST0262,2026-03-06,Electronics,1,13212.64,13212.64
ORD04064,CUST0236,2026-03-06,Home & Kitchen,1,5860.54,5860.54
ORD01417,CUST0240,2026-03-06,Fashion,1,632.33,632.33
ORD00892,CUST0199,2026-03-06,Sports & Fitness,1,2571.82,2571.82
ORD00039,CUST0111,2026-03-06,Home & Kitchen,1,4661.32,4661.32
ORD00691,CUST0239,2026-03-06,Fashion,1,451.99,451.99
ORD01412,CUST0270,2026-03-06,Home & Kitchen,1,3945.45,3945.45
ORD05468,CUST0053,2026-03-06,Books,1,417.01,417.01
ORD03983,CUST0261,2026-03-07,Sports & Fitness,1,4847.35,4847.35
ORD01521,CUST0346,2026-03-07,Fashion,1,1049.18,1049.18
ORD01172,CUST0069,2026-03-07,Beauty & Personal Care,1,252.31,252.31
ORD00430,CUST0282,2026-03-07,Fashion,1,678.89,678.89
ORD01824,CUST0162,2026-03-07,Beauty & Personal Care,1,2887.19,2887.19
ORD03256,CUST0039,2026-03-07,Home & Kitchen,2,2217.45,4434.9
ORD01307,CUST0349,2026-03-07,Electronics,1,13905.62,13905.62
ORD01304,CUST0320,2026-03-07,Sports & Fitness,1,11997.14,11997.14
ORD04339,CUST0244,2026-03-07,Beauty & Personal Care,2,1358.75,2717.5
ORD00025,CUST0011,2026-03-07,Books,1,1106.16,1106.16
ORD04043,CUST0352,2026-03-07,Fashion,1,4841.26,4841.26
ORD02846,CUST0125,2026-03-07,Sports & Fitness,1,2615.4,2615.4
ORD00862,CUST0362,2026-03-07,Beauty & Personal Care,1,968.0,968.0
ORD00382,CUST0194,2026-03-07,Books,2,954.42,1908.84
ORD03230,CUST0145,2026-03-07,Books,2,214.41,428.82
ORD01840,CUST0328,2026-03-07,Fashion,1,1674.19,1674.19
ORD01742,CUST0276,2026-03-07,Fashion,2,1103.62,2207.24
ORD00417,CUST0272,2026-03-07,Home & Kitchen,1,6169.78,6169.78
ORD01832,CUST0097,2026-03-07,Fashion,1,1635.36,1635.36
ORD00385,CUST0083,2026-03-07,Fashion,1,3609.68,3609.68
ORD02583,CUST0381,2026-03-08,Beauty & Personal Care,1,1198.14,1198.14
ORD04569,CUST0397,2026-03-08,Fashion,1,4521.86,4521.86
ORD01050,CUST0026,2026-03-08,Sports & Fitness,1,8544.64,8544.64
ORD02434,CUST0161,2026-03-08,Sports & Fitness,1,8635.73,8635.73
ORD02253,CUST0364,2026-03-08,Books,1,536.79,536.79
ORD00906,CUST0118,2026-03-08,Sports & Fitness,1,5628.49,5628.49
ORD03337,CUST0105,2026-03-08,Fashion,1,2296.66,2296.66
ORD01457,CUST0219,2026-03-08,Beauty & Personal Care,1,2758.6,2758.6
ORD00849,CUST0001,2026-03-08,Electronics,1,1966.12,1966.12
ORD00708,CUST0187,2026-03-08,Books,1,1184.43,1184.43
ORD00295,CUST0134,2026-03-08,Home & Kitchen,2,2582.97,5165.94
ORD02529,CUST0264,2026-03-08,Fashion,2,4572.08,9144.16
ORD01654,CUST0370,2026-03-08,Fashion,1,4728.44,4728.44
ORD01524,CUST0137,2026-03-08,Home & Kitchen,1,5400.26,5400.26
ORD03639,CUST0352,2026-03-08,Home & Kitchen,1,5263.26,5263.26
ORD03912,CUST0051,2026-03-08,Home & Kitchen,2,6007.73,12015.46
ORD02510,CUST0184,2026-03-09,Electronics,1,21802.12,21802.12
ORD05249,CUST0058,2026-03-09,Electronics,2,29160.99,58321.98
ORD03774,CUST0084,2026-03-09,Beauty & Personal Care,1,480.09,480.09
ORD05139,CUST0004,2026-03-09,Beauty & Personal Care,1,1245.13,1245.13
ORD04234,CUST0237,2026-03-09,Home & Kitchen,2,5024.41,10048.82
ORD03920,CUST0130,2026-03-09,Sports & Fitness,1,9110.2,9110.2
ORD00848,CUST0352,2026-03-09,Beauty & Personal Care,1,1184.3,1184.3
ORD01186,CUST0132,2026-03-09,Home & Kitchen,1,663.63,663.63
ORD00383,CUST0384,2026-03-10,Electronics,1,22711.81,22711.81
ORD04799,CUST0160,2026-03-10,Books,3,635.59,1906.77
ORD01270,CUST0296,2026-03-10,Electronics,2,12461.92,24923.84
ORD02146,CUST0142,2026-03-10,Fashion,1,4671.2,4671.2
ORD03913,CUST0327,2026-03-10,Electronics,2,12646.55,25293.1
ORD02673,CUST0257,2026-03-10,Sports & Fitness,1,7679.86,7679.86
ORD01748,CUST0021,2026-03-10,Electronics,1,22896.6,22896.6
ORD02244,CUST0067,2026-03-10,Electronics,1,42766.54,42766.54
ORD03750,CUST0362,2026-03-10,Home & Kitchen,1,6873.46,6873.46
ORD04275,CUST0338,2026-03-10,Fashion,1,2171.46,2171.46
ORD05289,CUST0273,2026-03-10,Fashion,1,1591.28,1591.28
ORD05026,CUST0187,2026-03-10,Electronics,1,24695.11,24695.11
ORD03577,CUST0368,2026-03-10,Home & Kitchen,1,771.09,771.09
ORD03129,CUST0391,2026-03-11,Electronics,1,2059.3,2059.3
ORD01394,CUST0390,2026-03-11,Fashion,1,2739.23,2739.23
ORD00555,CUST0383,2026-03-11,Books,1,555.95,555.95
ORD00334,CUST0046,2026-03-11,Books,1,1192.46,1192.46
ORD00088,CUST0193,2026-03-11,Books,1,220.72,220.72
ORD02441,CUST0141,2026-03-11,Electronics,1,36112.91,36112.91
ORD05267,CUST0300,2026-03-11,Sports & Fitness,2,3027.22,6054.44
ORD03392,CUST0134,2026-03-11,Fashion,1,3537.19,3537.19
ORD01119,CUST0372,2026-03-11,Fashion,3,903.62,2710.86
ORD05103,CUST0144,2026-03-11,Fashion,2,3130.63,6261.26
ORD00634,CUST0371,2026-03-11,Fashion,1,802.72,802.72
ORD01235,CUST0293,2026-03-11,Home & Kitchen,1,5357.48,5357.48
ORD02314,CUST0059,2026-03-11,Electronics,1,42615.7,42615.7
ORD05434,CUST0326,2026-03-11,Books,1,927.73,927.73
ORD05013,CUST0215,2026-03-11,Electronics,1,17284.58,17284.58
ORD02463,CUST0239,2026-03-12,Sports & Fitness,2,6579.89,13159.78
ORD03110,CUST0126,2026-03-12,Beauty & Personal Care,1,2693.52,2693.52
ORD01984,CUST0269,2026-03-12,Fashion,1,4615.54,4615.54
ORD03886,CUST0351,2026-03-12,Beauty & Personal Care,1,566.86,566.86
ORD02154,CUST0381,2026-03-12,Beauty & Personal Care,1,1532.4,1532.4
ORD04730,CUST0009,2026-03-12,Sports & Fitness,1,1766.77,1766.77
ORD02092,CUST0316,2026-03-12,Home & Kitchen,2,4083.39,8166.78
ORD02359,CUST0015,2026-03-12,Home & Kitchen,1,2892.39,2892.39
ORD00146,CUST0114,2026-03-12,Sports & Fitness,1,11363.06,11363.06
ORD04084,CUST0393,2026-03-12,Beauty & Personal Care,1,1517.49,1517.49
ORD03881,CUST0332,2026-03-12,Fashion,1,1922.62,1922.62
ORD01276,CUST0267,2026-03-12,Sports & Fitness,2,2474.3,4948.6
ORD01322,CUST0072,2026-03-13,Fashion,3,972.4,2917.2
ORD00015,CUST0319,2026-03-13,Fashion,1,2613.0,2613.0
ORD03789,CUST0262,2026-03-13,Electronics,2,19940.2,39880.4
ORD05025,CUST0179,2026-03-13,Sports & Fitness,2,10222.34,20444.68
ORD04780,CUST0245,2026-03-13,Sports & Fitness,1,8980.35,8980.35
ORD05478,CUST0022,2026-03-13,Sports & Fitness,1,4052.06,4052.06
ORD03984,CUST0139,2026-03-13,Home & Kitchen,1,371.01,371.01
ORD05262,CUST0211,2026-03-13,Electronics,1,24102.91,24102.91
ORD01009,CUST0381,2026-03-13,Fashion,1,3563.74,3563.74
ORD01943,CUST0263,2026-03-13,Books,1,971.52,971.52
ORD01254,CUST0124,2026-03-13,Beauty & Personal Care,2,2431.32,4862.64
ORD04371,CUST0389,2026-03-13,Electronics,1,40771.74,40771.74
ORD02516,CUST0224,2026-03-14,Sports & Fitness,1,9425.6,9425.6
ORD02898,CUST0010,2026-03-14,Fashion,1,4612.18,4612.18
ORD00424,CUST0205,2026-03-14,Books,1,1134.25,1134.25
ORD00645,CUST0105,2026-03-14,Sports & Fitness,1,1139.46,1139.46
ORD05610,CUST0160,2026-03-14,Sports & Fitness,1,1214.36,1214.36
ORD04248,CUST0108,2026-03-14,Books,1,1008.16,1008.16
ORD01953,CUST0003,2026-03-14,Home & Kitchen,1,6818.44,6818.44
ORD05090,CUST0332,2026-03-14,Electronics,1,9128.5,9128.5
ORD02755,CUST0356,2026-03-14,Fashion,1,1758.3,1758.3
ORD00783,CUST0327,2026-03-14,Sports & Fitness,3,6915.55,20746.65
ORD05121,CUST0006,2026-03-14,Home & Kitchen,2,2724.73,5449.46
ORD03848,CUST0356,2026-03-14,Fashion,1,2140.43,2140.43
ORD05330,CUST0329,2026-03-14,Fashion,1,3510.68,3510.68
ORD05247,CUST0094,2026-03-14,Home & Kitchen,1,6726.03,6726.03
ORD00179,CUST0027,2026-03-15,Fashion,1,4226.57,4226.57
ORD03755,CUST0279,2026-03-15,Home & Kitchen,1,7113.83,7113.83
ORD02645,CUST0385,2026-03-15,Electronics,1,21063.14,21063.14
ORD02364,CUST0009,2026-03-15,Fashion,1,4784.62,4784.62
ORD03982,CUST0037,2026-03-15,Books,1,292.13,292.13
ORD05218,CUST0205,2026-03-15,Sports & Fitness,1,4943.9,4943.9
ORD04074,CUST0020,2026-03-15,Fashion,2,1707.44,3414.88
ORD02158,CUST0212,2026-03-15,Electronics,1,6275.56,6275.56
ORD03131,CUST0138,2026-03-15,Fashion,1,755.65,755.65
ORD02420,CUST0174,2026-03-15,Sports & Fitness,1,3841.48,3841.48
ORD03499,CUST0295,2026-03-15,Books,3,245.92,737.76
ORD04183,CUST0139,2026-03-15,Electronics,1,28735.74,28735.74
ORD04357,CUST0022,2026-03-15,Home & Kitchen,1,5157.24,5157.24
ORD02409,CUST0353,2026-03-15,Electronics,1,20175.42,20175.42
ORD05207,CUST0090,2026-03-15,Home & Kitchen,1,4392.83,4392.83
ORD02842,CUST0279,2026-03-15,Electronics,1,19588.01,19588.01
ORD00826,CUST0236,2026-03-16,Sports & Fitness,3,8454.04,25362.12
ORD05593,CUST0280,2026-03-16,Fashion,1,4765.53,4765.53
ORD02888,CUST0050,2026-03-16,Sports & Fitness,3,763.37,2290.11
ORD02161,CUST0182,2026-03-16,Books,1,1039.95,1039.95
ORD04404,CUST0002,2026-03-16,Sports & Fitness,1,6449.87,6449.87
ORD01673,CUST0123,2026-03-16,Fashion,2,3299.83,6599.66
ORD01576,CUST0320,2026-03-16,Electronics,1,31440.75,31440.75
ORD01471,CUST0039,2026-03-16,Sports & Fitness,1,3090.26,3090.26
ORD02622,CUST0381,2026-03-16,Sports & Fitness,1,8163.91,8163.91
ORD00576,CUST0061,2026-03-16,Sports & Fitness,1,7249.77,7249.77
ORD02866,CUST0185,2026-03-16,Books,1,629.05,629.05
ORD03800,CUST0077,2026-03-16,Books,3,822.92,2468.76
ORD03555,CUST0350,2026-03-16,Electronics,2,25267.03,50534.06
ORD05293,CUST0026,2026-03-16,Electronics,1,27706.34,27706.34
ORD00678,CUST0382,2026-03-16,Sports & Fitness,1,5079.62,5079.62
ORD04967,CUST0017,2026-03-16,Fashion,1,1503.62,1503.62
ORD00998,CUST0196,2026-03-16,Electronics,1,38258.03,38258.03
ORD02893,CUST0146,2026-03-16,Fashion,1,1339.63,1339.63
ORD00993,CUST0337,2026-03-17,Home & Kitchen,2,4695.58,9391.16
ORD03926,CUST0371,2026-03-17,Fashion,1,958.18,958.18
ORD03119,CUST0027,2026-03-17,Fashion,2,4389.79,8779.58
ORD05068,CUST0205,2026-03-17,Fashion,1,1979.32,1979.32
ORD03460,CUST0036,2026-03-17,Books,3,821.69,2465.07
ORD00256,CUST0090,2026-03-17,Beauty & Personal Care,1,2665.82,2665.82
ORD02187,CUST0249,2026-03-17,Sports & Fitness,1,10479.09,10479.09
ORD01464,CUST0353,2026-03-17,Home & Kitchen,1,454.35,454.35
ORD01101,CUST0011,2026-03-17,Sports & Fitness,2,7347.27,14694.54
ORD05140,CUST0254,2026-03-17,Fashion,1,3482.49,3482.49
ORD02543,CUST0121,2026-03-17,Fashion,1,4543.99,4543.99
ORD01419,CUST0175,2026-03-17,Electronics,1,36556.27,36556.27
ORD00048,CUST0059,2026-03-17,Beauty & Personal Care,1,3181.1,3181.1
ORD00869,CUST0065,2026-03-17,Home & Kitchen,1,6671.93,6671.93
ORD04042,CUST0287,2026-03-17,Beauty & Personal Care,1,2048.01,2048.01
ORD02382,CUST0294,2026-03-17,Home & Kitchen,1,3234.54,3234.54
ORD01397,CUST0299,2026-03-17,Sports & Fitness,2,3673.18,7346.36
ORD04355,CUST0135,2026-03-18,Fashion,1,844.91,844.91
ORD01201,CUST0323,2026-03-18,Books,1,1192.26,1192.26
ORD04398,CUST0318,2026-03-18,Sports & Fitness,1,6649.12,6649.12
ORD01528,CUST0269,2026-03-18,Books,1,446.67,446.67
ORD01181,CUST0163,2026-03-18,Fashion,1,4632.18,4632.18
ORD01760,CUST0289,2026-03-18,Fashion,1,4290.43,4290.43
ORD02953,CUST0394,2026-03-18,Fashion,1,3511.43,3511.43
ORD03894,CUST0189,2026-03-18,Fashion,1,1896.04,1896.04
ORD04936,CUST0241,2026-03-18,Electronics,1,32415.77,32415.77
ORD03830,CUST0150,2026-03-18,Electronics,1,33932.21,33932.21
ORD01909,CUST0276,2026-03-18,Fashion,1,2715.01,2715.01
ORD05169,CUST0277,2026-03-19,Electronics,1,7547.99,7547.99
ORD00963,CUST0143,2026-03-19,Beauty & Personal Care,1,3491.81,3491.81
ORD01140,CUST0372,2026-03-19,Fashion,2,3478.62,6957.24
ORD01688,CUST0372,2026-03-19,Fashion,1,1465.28,1465.28
ORD02890,CUST0085,2026-03-19,Books,1,233.75,233.75
ORD01779,CUST0386,2026-03-19,Fashion,2,745.43,1490.86
ORD01735,CUST0266,2026-03-19,Fashion,2,3037.65,6075.3
ORD04044,CUST0207,2026-03-19,Books,1,958.54,958.54
ORD03348,CUST0130,2026-03-19,Electronics,1,13746.77,13746.77
ORD00219,CUST0152,2026-03-19,Electronics,1,32660.07,32660.07
ORD04305,CUST0032,2026-03-19,Sports & Fitness,2,1510.35,3020.7
ORD00042,CUST0017,2026-03-20,Sports & Fitness,1,1725.88,1725.88
ORD00405,CUST0298,2026-03-20,Electronics,1,35509.34,35509.34
ORD02152,CUST0244,2026-03-20,Sports & Fitness,1,8552.16,8552.16
ORD03072,CUST0121,2026-03-20,Electronics,1,19178.39,19178.39
ORD02410,CUST0134,2026-03-20,Fashion,2,4126.95,8253.9
ORD03796,CUST0140,2026-03-20,Books,1,716.91,716.91
ORD04695,CUST0073,2026-03-20,Fashion,2,4986.82,9973.64
ORD05258,CUST0352,2026-03-20,Sports & Fitness,1,7692.08,7692.08
ORD01279,CUST0188,2026-03-20,Beauty & Personal Care,1,2138.32,2138.32
ORD03534,CUST0124,2026-03-20,Electronics,1,3246.43,3246.43
ORD05181,CUST0195,2026-03-20,Beauty & Personal Care,1,2299.17,2299.17
ORD01007,CUST0389,2026-03-20,Home & Kitchen,3,7743.85,23231.55
ORD05179,CUST0078,2026-03-20,Fashion,3,4272.54,12817.62
ORD01839,CUST0273,2026-03-20,Electronics,1,42099.0,42099.0
ORD03826,CUST0066,2026-03-21,Electronics,1,23729.76,23729.76
ORD03180,CUST0174,2026-03-21,Home & Kitchen,2,6349.13,12698.26
ORD00681,CUST0323,2026-03-21,Fashion,1,1895.97,1895.97
ORD03724,CUST0126,2026-03-21,Electronics,2,30705.51,61411.02
ORD03563,CUST0189,2026-03-21,Sports & Fitness,1,6960.86,6960.86
ORD01640,CUST0184,2026-03-21,Beauty & Personal Care,1,2342.45,2342.45
ORD03683,CUST0108,2026-03-21,Beauty & Personal Care,1,861.77,861.77
ORD01978,CUST0043,2026-03-21,Home & Kitchen,1,2274.95,2274.95
ORD03673,CUST0152,2026-03-21,Sports & Fitness,1,818.84,818.84
ORD02655,CUST0081,2026-03-21,Electronics,1,34171.94,34171.94
ORD00341,CUST0210,2026-03-21,Home & Kitchen,1,4871.19,4871.19
ORD05084,CUST0118,2026-03-21,Beauty & Personal Care,1,2846.88,2846.88
ORD05215,CUST0025,2026-03-22,Books,1,268.66,268.66
ORD03047,CUST0142,2026-03-22,Electronics,1,32677.04,32677.04
ORD03394,CUST0111,2026-03-22,Beauty & Personal Care,1,2020.64,2020.64
ORD02202,CUST0192,2026-03-22,Books,1,313.7,313.7
ORD05076,CUST0032,2026-03-22,Fashion,1,4010.33,4010.33
ORD02716,CUST0157,2026-03-22,Sports & Fitness,1,8847.31,8847.31
ORD00794,CUST0014,2026-03-22,Sports & Fitness,1,4236.61,4236.61
ORD02914,CUST0168,2026-03-22,Home & Kitchen,1,6450.03,6450.03
ORD04589,CUST0279,2026-03-22,Home & Kitchen,1,7314.9,7314.9
ORD03053,CUST0125,2026-03-22,Home & Kitchen,1,731.42,731.42
ORD04810,CUST0137,2026-03-22,Sports & Fitness,2,5695.34,11390.68
ORD00372,CUST0219,2026-03-22,Beauty & Personal Care,1,1395.48,1395.48
ORD03264,CUST0152,2026-03-22,Home & Kitchen,2,2436.97,4873.94
ORD04993,CUST0053,2026-03-22,Beauty & Personal Care,2,2060.46,4120.92
ORD00452,CUST0278,2026-03-22,Sports & Fitness,3,3129.99,9389.97
ORD02468,CUST0351,2026-03-22,Fashion,1,3471.3,3471.3
ORD00581,CUST0182,2026-03-22,Beauty & Personal Care,1,2948.35,2948.35
ORD04148,CUST0026,2026-03-22,Home & Kitchen,1,3653.04,3653.04
ORD01256,CUST0103,2026-03-22,Beauty & Personal Care,1,230.02,230.02
ORD05297,CUST0182,2026-03-23,Electronics,2,27011.35,54022.7
ORD02955,CUST0252,2026-03-23,Sports & Fitness,1,11033.91,11033.91
ORD00566,CUST0022,2026-03-23,Electronics,1,10949.54,10949.54
ORD04126,CUST0308,2026-03-23,Home & Kitchen,1,3174.63,3174.63
ORD02994,CUST0235,2026-03-23,Home & Kitchen,1,5139.2,5139.2
ORD05452,CUST0158,2026-03-23,Electronics,1,19657.57,19657.57
ORD02901,CUST0129,2026-03-23,Beauty & Personal Care,2,2942.58,5885.16
ORD00114,CUST0318,2026-03-23,Sports & Fitness,2,8712.0,17424.0
ORD04612,CUST0297,2026-03-23,Electronics,1,5926.81,5926.81
ORD01073,CUST0079,2026-03-23,Home & Kitchen,1,7197.78,7197.78
ORD00480,CUST0095,2026-03-23,Home & Kitchen,2,7070.93,14141.86
ORD04523,CUST0222,2026-03-23,Books,1,942.65,942.65
ORD03731,CUST0258,2026-03-24,Fashion,1,2198.79,2198.79
ORD02700,CUST0002,2026-03-24,Sports & Fitness,1,9812.68,9812.68
ORD02439,CUST0161,2026-03-24,Fashion,2,946.81,1893.62
ORD02452,CUST0304,2026-03-24,Home & Kitchen,1,1348.25,1348.25
ORD04191,CUST0148,2026-03-24,Books,1,234.69,234.69
ORD02872,CUST0309,2026-03-24,Books,1,1076.32,1076.32
ORD04659,CUST0172,2026-03-24,Books,3,789.3,2367.9
ORD03152,CUST0243,2026-03-24,Home & Kitchen,1,6992.64,6992.64
ORD03843,CUST0017,2026-03-24,Fashion,1,3485.2,3485.2
ORD01318,CUST0020,2026-03-24,Home & Kitchen,1,6259.76,6259.76
ORD01965,CUST0130,2026-03-24,Beauty & Personal Care,1,2976.67,2976.67
ORD01207,CUST0248,2026-03-24,Fashion,1,3379.51,3379.51
ORD01465,CUST0077,2026-03-24,Sports & Fitness,1,2111.9,2111.9
ORD01546,CUST0391,2026-03-24,Fashion,1,4227.95,4227.95
ORD04001,CUST0016,2026-03-24,Electronics,1,40525.3,40525.3
ORD04237,CUST0130,2026-03-25,Electronics,1,27128.49,27128.49
ORD04396,CUST0067,2026-03-25,Sports & Fitness,1,8007.53,8007.53
ORD02718,CUST0154,2026-03-25,Electronics,1,3497.96,3497.96
ORD00312,CUST0275,2026-03-25,Sports & Fitness,2,4004.64,8009.28
ORD00466,CUST0228,2026-03-25,Electronics,3,16157.97,48473.91
ORD01211,CUST0388,2026-03-25,Sports & Fitness,1,2434.72,2434.72
ORD03304,CUST0108,2026-03-25,Sports & Fitness,1,1576.84,1576.84
ORD03048,CUST0386,2026-03-25,Electronics,1,16526.92,16526.92
ORD02180,CUST0082,2026-03-25,Beauty & Personal Care,1,2108.99,2108.99
ORD00726,CUST0096,2026-03-25,Sports & Fitness,1,11935.78,11935.78
ORD05495,CUST0228,2026-03-25,Home & Kitchen,1,3582.86,3582.86
ORD01261,CUST0309,2026-03-25,Home & Kitchen,1,4565.57,4565.57
ORD00550,CUST0060,2026-03-25,Home & Kitchen,1,829.1,829.1
ORD04128,CUST0165,2026-03-25,Home & Kitchen,1,1901.23,1901.23
ORD03641,CUST0275,2026-03-25,Electronics,1,32261.47,32261.47
ORD01556,CUST0368,2026-03-26,Home & Kitchen,1,2737.84,2737.84
ORD03036,CUST0128,2026-03-26,Electronics,1,31689.87,31689.87
ORD03406,CUST0337,2026-03-26,Sports & Fitness,1,9090.21,9090.21
ORD03350,CUST0172,2026-03-26,Fashion,2,4837.55,9675.1
ORD01508,CUST0200,2026-03-26,Sports & Fitness,1,2508.03,2508.03
ORD04124,CUST0279,2026-03-26,Books,1,404.74,404.74
ORD00874,CUST0057,2026-03-26,Sports & Fitness,1,1908.73,1908.73
ORD02306,CUST0066,2026-03-26,Fashion,2,1437.67,2875.34
ORD02035,CUST0020,2026-03-26,Fashion,2,1519.06,3038.12
ORD04982,CUST0230,2026-03-26,Books,1,1199.76,1199.76
ORD02262,CUST0036,2026-03-26,Home & Kitchen,1,5058.89,5058.89
ORD04338,CUST0027,2026-03-26,Sports & Fitness,2,8372.85,16745.7
ORD01680,CUST0056,2026-03-26,Electronics,1,31724.7,31724.7
ORD01288,CUST0336,2026-03-27,Books,1,415.86,415.86
ORD01675,CUST0008,2026-03-27,Electronics,1,10160.08,10160.08
ORD04721,CUST0351,2026-03-27,Sports & Fitness,1,11031.28,11031.28
ORD04332,CUST0216,2026-03-27,Beauty & Personal Care,1,2425.51,2425.51
ORD00184,CUST0012,2026-03-27,Fashion,2,2344.37,4688.74
ORD04660,CUST0258,2026-03-27,Fashion,2,4623.91,9247.82
ORD04521,CUST0177,2026-03-27,Beauty & Personal Care,1,658.45,658.45
ORD00718,CUST0283,2026-03-27,Electronics,1,6807.32,6807.32
ORD01122,CUST0314,2026-03-27,Beauty & Personal Care,1,1484.99,1484.99
ORD01799,CUST0078,2026-03-27,Fashion,1,3214.76,3214.76
ORD03666,CUST0160,2026-03-27,Fashion,1,1001.68,1001.68
ORD03645,CUST0061,2026-03-27,Fashion,1,1877.42,1877.42
ORD01611,CUST0134,2026-03-27,Electronics,1,32103.48,32103.48
ORD02133,CUST0177,2026-03-27,Electronics,2,12512.12,25024.24
ORD02877,CUST0192,2026-03-27,Books,1,776.58,776.58
ORD03882,CUST0311,2026-03-27,Beauty & Personal Care,1,1129.55,1129.55
ORD01972,CUST0377,2026-03-28,Beauty & Personal Care,1,336.13,336.13
ORD02723,CUST0257,2026-03-28,Electronics,1,23646.45,23646.45
ORD03140,CUST0060,2026-03-28,Beauty & Personal Care,1,228.0,228.0
ORD00590,CUST0318,2026-03-28,Fashion,2,4452.48,8904.96
ORD00436,CUST0156,2026-03-28,Beauty & Personal Care,2,2817.37,5634.74
ORD03505,CUST0316,2026-03-28,Books,1,1019.51,1019.51
ORD05106,CUST0321,2026-03-28,Home & Kitchen,2,4096.47,8192.94
ORD00661,CUST0190,2026-03-28,Electronics,1,40470.96,40470.96
ORD02916,CUST0211,2026-03-28,Books,1,772.6,772.6
ORD05132,CUST0395,2026-03-28,Electronics,1,20345.01,20345.01
ORD04008,CUST0068,2026-03-28,Sports & Fitness,2,8774.11,17548.22
ORD04056,CUST0287,2026-03-28,Books,1,755.12,755.12
ORD00712,CUST0181,2026-03-28,Beauty & Personal Care,1,3473.48,3473.48
ORD04068,CUST0153,2026-03-28,Fashion,1,4517.68,4517.68
ORD01066,CUST0105,2026-03-28,Fashion,3,551.85,1655.55
ORD01915,CUST0116,2026-03-28,Electronics,1,12069.13,12069.13
ORD05154,CUST0084,2026-03-28,Books,1,1126.17,1126.17
ORD04541,CUST0351,2026-03-28,Fashion,1,4371.21,4371.21
ORD00398,CUST0325,2026-03-28,Electronics,1,38011.22,38011.22
ORD01001,CUST0188,2026-03-28,Beauty & Personal Care,1,295.52,295.52
ORD05155,CUST0018,2026-03-28,Home & Kitchen,1,418.39,418.39
ORD00641,CUST0208,2026-03-29,Beauty & Personal Care,3,1985.31,5955.93
ORD00582,CUST0343,2026-03-29,Electronics,1,41739.55,41739.55
ORD02777,CUST0032,2026-03-29,Sports & Fitness,1,10998.3,10998.3
ORD03001,CUST0047,2026-03-29,Beauty & Personal Care,1,1323.49,1323.49
ORD01509,CUST0157,2026-03-29,Fashion,1,3058.23,3058.23
ORD03696,CUST0241,2026-03-29,Beauty & Personal Care,1,3335.36,3335.36
ORD05214,CUST0119,2026-03-29,Beauty & Personal Care,1,1338.61,1338.61
ORD05537,CUST0056,2026-03-29,Electronics,1,28243.12,28243.12
ORD00408,CUST0137,2026-03-29,Fashion,1,2312.67,2312.67
ORD00055,CUST0311,2026-03-29,Fashion,2,2363.36,4726.72
ORD04470,CUST0278,2026-03-29,Fashion,2,1224.9,2449.8
ORD05175,CUST0151,2026-03-29,Home & Kitchen,2,7043.55,14087.1
ORD00774,CUST0172,2026-03-29,Home & Kitchen,1,4177.31,4177.31
ORD01047,CUST0265,2026-03-29,Electronics,2,27282.28,54564.56
ORD05183,CUST0064,2026-03-29,Fashion,2,1054.48,2108.96
ORD04373,CUST0229,2026-03-29,Electronics,1,41193.32,41193.32
ORD03391,CUST0017,2026-03-30,Home & Kitchen,1,5176.62,5176.62
ORD02904,CUST0279,2026-03-30,Electronics,1,26969.86,26969.86
ORD05269,CUST0298,2026-03-30,Electronics,1,18953.79,18953.79
ORD00245,CUST0020,2026-03-30,Beauty & Personal Care,1,1415.42,1415.42
ORD04159,CUST0006,2026-03-30,Electronics,1,38833.73,38833.73
ORD01533,CUST0379,2026-03-30,Sports & Fitness,1,6253.43,6253.43
ORD05488,CUST0214,2026-03-30,Beauty & Personal Care,1,963.8,963.8
ORD03089,CUST0396,2026-03-30,Sports & Fitness,1,5252.06,5252.06
ORD00296,CUST0364,2026-03-30,Sports & Fitness,2,11862.75,23725.5
ORD01638,CUST0304,2026-03-30,Electronics,1,30084.67,30084.67
ORD05043,CUST0395,2026-03-30,Sports & Fitness,1,4753.41,4753.41
ORD04028,CUST0006,2026-03-30,Electronics,1,33947.39,33947.39
ORD02370,CUST0052,2026-03-30,Home & Kitchen,1,6317.47,6317.47
ORD02819,CUST0093,2026-03-31,Fashion,1,3643.08,3643.08
ORD03950,CUST0361,2026-03-31,Electronics,3,19049.23,57147.69
ORD04834,CUST0309,2026-03-31,Fashion,2,3735.62,7471.24
ORD02564,CUST0095,2026-03-31,Fashion,1,1375.94,1375.94
ORD00593,CUST0313,2026-03-31,Electronics,1,31567.71,31567.71
ORD04450,CUST0322,2026-03-31,Books,1,384.96,384.96
ORD01239,CUST0273,2026-03-31,Home & Kitchen,1,2342.26,2342.26
ORD00872,CUST0031,2026-03-31,Sports & Fitness,1,8980.21,8980.21
ORD00930,CUST0253,2026-03-31,Home & Kitchen,1,6263.03,6263.03
ORD02029,CUST0108,2026-03-31,Fashion,2,858.76,1717.52
ORD01628,CUST0298,2026-03-31,Electronics,3,31456.06,94368.18
ORD02106,CUST0201,2026-04-01,Sports & Fitness,2,10772.22,21544.44
ORD01751,CUST0192,2026-04-01,Sports & Fitness,1,6140.13,6140.13
ORD03244,CUST0044,2026-04-01,Fashion,1,748.4,748.4
ORD01285,CUST0383,2026-04-01,Sports & Fitness,1,10775.36,10775.36
ORD04674,CUST0026,2026-04-01,Beauty & Personal Care,1,1284.59,1284.59
ORD00633,CUST0102,2026-04-01,Fashion,1,4674.07,4674.07
ORD02071,CUST0390,2026-04-01,Home & Kitchen,1,6925.94,6925.94
ORD03136,CUST0133,2026-04-01,Fashion,1,2659.83,2659.83
ORD03675,CUST0112,2026-04-01,Sports & Fitness,2,7574.02,15148.04
ORD00264,CUST0220,2026-04-01,Electronics,1,3981.88,3981.88
ORD02280,CUST0065,2026-04-01,Electronics,1,28728.09,28728.09
ORD03142,CUST0256,2026-04-01,Fashion,1,564.1,564.1
ORD02405,CUST0116,2026-04-01,Fashion,1,2467.02,2467.02
ORD01385,CUST0393,2026-04-01,Fashion,2,4577.18,9154.36
ORD01896,CUST0210,2026-04-01,Sports & Fitness,2,5472.56,10945.12
ORD01889,CUST0004,2026-04-02,Home & Kitchen,1,6184.68,6184.68
ORD05055,CUST0105,2026-04-02,Books,1,919.56,919.56
ORD00638,CUST0308,2026-04-02,Home & Kitchen,3,2468.44,7405.32
ORD03483,CUST0100,2026-04-02,Home & Kitchen,1,2535.47,2535.47
ORD00104,CUST0395,2026-04-02,Fashion,1,1637.37,1637.37
ORD05072,CUST0102,2026-04-02,Beauty & Personal Care,2,709.86,1419.72
ORD00975,CUST0124,2026-04-02,Books,3,1056.82,3170.46
ORD00796,CUST0220,2026-04-02,Electronics,1,36263.37,36263.37
ORD04004,CUST0396,2026-04-02,Home & Kitchen,1,3026.81,3026.81
ORD01002,CUST0213,2026-04-02,Sports & Fitness,1,4386.79,4386.79
ORD03294,CUST0234,2026-04-02,Books,2,551.07,1102.14
ORD04096,CUST0244,2026-04-02,Electronics,1,31604.94,31604.94
ORD02816,CUST0088,2026-04-02,Sports & Fitness,1,9578.73,9578.73
ORD01736,CUST0086,2026-04-02,Sports & Fitness,2,10918.7,21837.4
ORD03389,CUST0196,2026-04-02,Fashion,1,3769.34,3769.34
ORD04562,CUST0364,2026-04-02,Home & Kitchen,2,7895.72,15791.44
ORD01016,CUST0093,2026-04-02,Books,1,274.97,274.97
ORD04709,CUST0186,2026-04-02,Electronics,1,41431.35,41431.35
ORD03175,CUST0198,2026-04-02,Home & Kitchen,1,6092.79,6092.79
ORD02209,CUST0386,2026-04-02,Sports & Fitness,2,7255.27,14510.54
ORD00528,CUST0160,2026-04-02,Home & Kitchen,1,3835.76,3835.76
ORD01498,CUST0029,2026-04-02,Books,1,1084.17,1084.17
ORD04500,CUST0322,2026-04-02,Sports & Fitness,1,8754.91,8754.91
ORD03039,CUST0346,2026-04-02,Sports & Fitness,2,4344.03,8688.06
ORD01993,CUST0194,2026-04-03,Electronics,1,17692.67,17692.67
ORD04732,CUST0087,2026-04-03,Beauty & Personal Care,1,3043.13,3043.13
ORD01860,CUST0120,2026-04-03,Sports & Fitness,1,5498.56,5498.56
ORD05368,CUST0229,2026-04-03,Beauty & Personal Care,2,1654.25,3308.5
ORD01598,CUST0292,2026-04-03,Home & Kitchen,1,6288.14,6288.14
ORD05568,CUST0136,2026-04-03,Fashion,1,4160.25,4160.25
ORD02885,CUST0103,2026-04-03,Beauty & Personal Care,3,431.65,1294.95
ORD00389,CUST0221,2026-04-03,Beauty & Personal Care,2,1536.84,3073.68
ORD04461,CUST0200,2026-04-03,Fashion,2,3893.82,7787.64
ORD04978,CUST0096,2026-04-03,Fashion,1,1861.62,1861.62
ORD04151,CUST0049,2026-04-03,Fashion,2,3554.12,7108.24
ORD03109,CUST0340,2026-04-03,Sports & Fitness,2,8222.21,16444.42
ORD00488,CUST0029,2026-04-03,Fashion,1,3854.32,3854.32
ORD04754,CUST0230,2026-04-03,Fashion,1,3818.15,3818.15
ORD01932,CUST0376,2026-04-03,Home & Kitchen,1,4132.73,4132.73
ORD01682,CUST0270,2026-04-03,Books,1,946.83,946.83
ORD01106,CUST0083,2026-04-03,Beauty & Personal Care,1,2286.0,2286.0
ORD02362,CUST0186,2026-04-04,Home & Kitchen,1,3780.62,3780.62
ORD05426,CUST0215,2026-04-04,Fashion,1,4464.03,4464.03
ORD01763,CUST0203,2026-04-04,Electronics,1,39716.09,39716.09
ORD02421,CUST0347,2026-04-04,Beauty & Personal Care,1,2107.23,2107.23
ORD00070,CUST0381,2026-04-04,Beauty & Personal Care,1,1729.16,1729.16
ORD01555,CUST0400,2026-04-04,Beauty & Personal Care,2,545.38,1090.76
ORD03209,CUST0305,2026-04-04,Books,1,1107.66,1107.66
ORD03767,CUST0053,2026-04-04,Books,2,1190.3,2380.6
ORD02328,CUST0287,2026-04-04,Home & Kitchen,1,4905.69,4905.69
ORD05497,CUST0248,2026-04-04,Books,1,314.07,314.07
ORD00078,CUST0059,2026-04-04,Sports & Fitness,2,8072.2,16144.4
ORD04134,CUST0342,2026-04-04,Home & Kitchen,1,4924.29,4924.29
ORD01425,CUST0160,2026-04-04,Electronics,1,6116.66,6116.66
ORD02637,CUST0117,2026-04-04,Beauty & Personal Care,1,559.0,559.0
ORD00249,CUST0376,2026-04-04,Electronics,1,11306.59,11306.59
ORD04771,CUST0087,2026-04-04,Sports & Fitness,3,9890.52,29671.56
ORD04912,CUST0067,2026-04-04,Fashion,1,3820.1,3820.1
ORD01275,CUST0106,2026-04-04,Electronics,1,19176.94,19176.94
ORD03099,CUST0078,2026-04-04,Fashion,1,3050.89,3050.89
ORD04224,CUST0291,2026-04-04,Beauty & Personal Care,1,585.13,585.13
ORD05180,CUST0305,2026-04-04,Electronics,1,29329.3,29329.3
ORD02518,CUST0375,2026-04-05,Beauty & Personal Care,1,1556.44,1556.44
ORD01054,CUST0320,2026-04-05,Sports & Fitness,1,3296.57,3296.57
ORD04567,CUST0198,2026-04-05,Beauty & Personal Care,1,2350.26,2350.26
ORD04817,CUST0013,2026-04-05,Sports & Fitness,1,5070.51,5070.51
ORD01413,CUST0199,2026-04-05,Fashion,2,4169.37,8338.74
ORD02378,CUST0118,2026-04-05,Home & Kitchen,2,1974.46,3948.92
ORD00423,CUST0104,2026-04-05,Home & Kitchen,1,1894.63,1894.63
ORD01210,CUST0218,2026-04-05,Books,1,715.0,715.0
ORD02654,CUST0127,2026-04-05,Sports & Fitness,1,11571.52,11571.52
ORD04966,CUST0069,2026-04-05,Beauty & Personal Care,2,1265.5,2531.0
ORD02083,CUST0206,2026-04-05,Books,3,322.23,966.69
ORD02793,CUST0026,2026-04-05,Fashion,2,2548.16,5096.32
ORD05110,CUST0096,2026-04-05,Fashion,2,3322.9,6645.8
ORD01964,CUST0334,2026-04-05,Sports & Fitness,1,8082.86,8082.86
ORD03855,CUST0286,2026-04-05,Beauty & Personal Care,2,3059.28,6118.56
ORD03257,CUST0355,2026-04-05,Sports & Fitness,1,2744.73,2744.73
ORD01152,CUST0007,2026-04-06,Electronics,1,20959.75,20959.75
ORD05481,CUST0036,2026-04-06,Home & Kitchen,2,4614.82,9229.64
ORD04029,CUST0368,2026-04-06,Fashion,2,995.95,1991.9
ORD00425,CUST0312,2026-04-06,Fashion,1,4954.96,4954.96
ORD02501,CUST0388,2026-04-06,Fashion,1,2629.98,2629.98
ORD01917,CUST0357,2026-04-06,Fashion,1,4497.79,4497.79
ORD02539,CUST0127,2026-04-06,Sports & Fitness,1,4379.29,4379.29
ORD01299,CUST0066,2026-04-06,Sports & Fitness,1,698.81,698.81
ORD03043,CUST0119,2026-04-06,Home & Kitchen,1,7897.12,7897.12
ORD04928,CUST0221,2026-04-06,Fashion,1,2216.09,2216.09
ORD01624,CUST0216,2026-04-06,Home & Kitchen,1,2738.47,2738.47
ORD02750,CUST0067,2026-04-06,Fashion,1,3432.0,3432.0
ORD01608,CUST0204,2026-04-06,Sports & Fitness,1,871.72,871.72
ORD03111,CUST0013,2026-04-06,Beauty & Personal Care,2,2305.33,4610.66
ORD05279,CUST0228,2026-04-06,Fashion,2,1650.76,3301.52
ORD00911,CUST0098,2026-04-06,Fashion,1,3653.48,3653.48
ORD04515,CUST0206,2026-04-07,Home & Kitchen,1,1261.29,1261.29
ORD00736,CUST0343,2026-04-07,Home & Kitchen,1,1031.23,1031.23
ORD04379,CUST0048,2026-04-07,Sports & Fitness,2,5851.1,11702.2
ORD03473,CUST0388,2026-04-07,Fashion,1,3235.02,3235.02
ORD04776,CUST0179,2026-04-07,Home & Kitchen,1,2994.82,2994.82
ORD05205,CUST0314,2026-04-07,Home & Kitchen,1,3857.2,3857.2
ORD04516,CUST0001,2026-04-07,Home & Kitchen,1,4206.4,4206.4
ORD00209,CUST0314,2026-04-07,Fashion,1,4035.55,4035.55
ORD03754,CUST0194,2026-04-07,Electronics,1,43484.14,43484.14
ORD01019,CUST0152,2026-04-07,Fashion,2,1040.87,2081.74
ORD02340,CUST0209,2026-04-07,Electronics,3,14521.58,43564.74
ORD01241,CUST0160,2026-04-07,Electronics,1,42130.44,42130.44
ORD03116,CUST0280,2026-04-07,Fashion,1,604.25,604.25
ORD05295,CUST0354,2026-04-08,Home & Kitchen,1,2184.91,2184.91
ORD02347,CUST0372,2026-04-08,Beauty & Personal Care,1,1629.15,1629.15
ORD04729,CUST0185,2026-04-08,Fashion,1,3631.96,3631.96
ORD01266,CUST0066,2026-04-08,Beauty & Personal Care,1,1860.04,1860.04
ORD01513,CUST0143,2026-04-08,Beauty & Personal Care,1,1046.98,1046.98
ORD01988,CUST0071,2026-04-08,Books,1,1171.54,1171.54
ORD04930,CUST0198,2026-04-08,Home & Kitchen,1,2732.55,2732.55
ORD01008,CUST0204,2026-04-08,Books,1,1029.32,1029.32
ORD01921,CUST0215,2026-04-08,Fashion,1,1937.03,1937.03
ORD02993,CUST0232,2026-04-08,Home & Kitchen,1,4018.11,4018.11
ORD04476,CUST0075,2026-04-08,Electronics,1,25369.47,25369.47
ORD03187,CUST0191,2026-04-08,Books,3,327.06,981.18
ORD02720,CUST0329,2026-04-08,Beauty & Personal Care,2,3364.39,6728.78
ORD03925,CUST0234,2026-04-08,Electronics,1,40643.39,40643.39
ORD01109,CUST0269,2026-04-08,Electronics,1,26652.5,26652.5
ORD01551,CUST0127,2026-04-08,Beauty & Personal Care,1,839.27,839.27
ORD02176,CUST0036,2026-04-08,Sports & Fitness,1,2033.55,2033.55
ORD02230,CUST0309,2026-04-08,Sports & Fitness,1,6028.52,6028.52
ORD04081,CUST0321,2026-04-08,Home & Kitchen,1,3256.92,3256.92
ORD03343,CUST0142,2026-04-08,Electronics,1,8025.84,8025.84
ORD05324,CUST0059,2026-04-08,Electronics,1,27628.04,27628.04
ORD05343,CUST0038,2026-04-08,Sports & Fitness,1,4197.82,4197.82
ORD03326,CUST0298,2026-04-08,Electronics,1,25664.57,25664.57
ORD00556,CUST0387,2026-04-08,Home & Kitchen,1,1521.83,1521.83
ORD00828,CUST0082,2026-04-08,Electronics,1,23443.83,23443.83
ORD02662,CUST0062,2026-04-09,Sports & Fitness,1,2954.81,2954.81
ORD02163,CUST0342,2026-04-09,Fashion,1,1578.95,1578.95
ORD05091,CUST0205,2026-04-09,Books,2,1183.33,2366.66
ORD05238,CUST0169,2026-04-09,Home & Kitchen,3,5691.2,17073.6
ORD01410,CUST0274,2026-04-09,Sports & Fitness,2,1765.2,3530.4
ORD02600,CUST0042,2026-04-09,Home & Kitchen,1,5803.13,5803.13
ORD00158,CUST0293,2026-04-09,Home & Kitchen,1,3227.51,3227.51
ORD04308,CUST0381,2026-04-09,Sports & Fitness,1,9507.75,9507.75
ORD01944,CUST0176,2026-04-09,Electronics,1,13998.87,13998.87
ORD00702,CUST0329,2026-04-09,Home & Kitchen,1,2897.29,2897.29
ORD01374,CUST0386,2026-04-09,Electronics,1,27641.64,27641.64
ORD02879,CUST0256,2026-04-09,Fashion,2,2134.17,4268.34
ORD00206,CUST0063,2026-04-09,Books,1,703.39,703.39
ORD00549,CUST0182,2026-04-09,Fashion,1,1877.35,1877.35
ORD02761,CUST0177,2026-04-09,Fashion,1,4014.99,4014.99
ORD03353,CUST0047,2026-04-09,Books,3,793.02,2379.06
ORD01692,CUST0060,2026-04-09,Books,1,976.32,976.32
ORD05209,CUST0089,2026-04-09,Electronics,1,36951.08,36951.08
ORD01635,CUST0154,2026-04-10,Electronics,1,28589.25,28589.25
ORD04504,CUST0221,2026-04-10,Beauty & Personal Care,2,1013.42,2026.84
ORD03277,CUST0157,2026-04-10,Beauty & Personal Care,1,2400.3,2400.3
ORD00615,CUST0208,2026-04-10,Sports & Fitness,1,6143.8,6143.8
ORD04836,CUST0397,2026-04-10,Home & Kitchen,1,1338.99,1338.99
ORD01196,CUST0202,2026-04-10,Books,1,847.64,847.64
ORD02918,CUST0077,2026-04-10,Sports & Fitness,1,3377.38,3377.38
ORD03628,CUST0221,2026-04-10,Home & Kitchen,1,1376.28,1376.28
ORD02447,CUST0175,2026-04-10,Home & Kitchen,1,7005.87,7005.87
ORD03674,CUST0400,2026-04-10,Fashion,2,1481.78,2963.56
ORD03883,CUST0188,2026-04-10,Home & Kitchen,1,4518.84,4518.84
ORD04948,CUST0010,2026-04-10,Beauty & Personal Care,1,1839.41,1839.41
ORD04566,CUST0039,2026-04-10,Electronics,1,9335.96,9335.96
ORD01737,CUST0250,2026-04-10,Electronics,1,29240.07,29240.07
ORD00766,CUST0253,2026-04-10,Home & Kitchen,1,2663.69,2663.69
ORD01977,CUST0281,2026-04-10,Beauty & Personal Care,1,1739.1,1739.1
ORD01177,CUST0326,2026-04-10,Beauty & Personal Care,2,272.54,545.08
ORD03122,CUST0069,2026-04-10,Books,2,392.8,785.6
ORD00023,CUST0161,2026-04-11,Home & Kitchen,1,969.32,969.32
ORD02732,CUST0382,2026-04-11,Beauty & Personal Care,1,1946.51,1946.51
ORD00658,CUST0031,2026-04-11,Sports & Fitness,1,3260.81,3260.81
ORD01550,CUST0134,2026-04-11,Electronics,1,1900.24,1900.24
ORD00925,CUST0397,2026-04-11,Fashion,1,2996.32,2996.32
ORD02582,CUST0115,2026-04-11,Sports & Fitness,1,6093.9,6093.9
ORD03143,CUST0103,2026-04-11,Home & Kitchen,1,5230.67,5230.67
ORD02980,CUST0096,2026-04-11,Beauty & Personal Care,2,2772.79,5545.58
ORD02665,CUST0056,2026-04-11,Fashion,1,739.8,739.8
ORD04688,CUST0061,2026-04-11,Books,1,796.64,796.64
ORD03845,CUST0100,2026-04-11,Home & Kitchen,1,6766.91,6766.91
ORD04713,CUST0105,2026-04-11,Fashion,1,2626.64,2626.64
ORD02292,CUST0343,2026-04-11,Home & Kitchen,1,3589.11,3589.11
ORD04250,CUST0286,2026-04-12,Home & Kitchen,2,6748.8,13497.6
ORD04672,CUST0145,2026-04-12,Fashion,2,2797.66,5595.32
ORD05061,CUST0351,2026-04-12,Electronics,1,34525.78,34525.78
ORD05252,CUST0027,2026-04-12,Home & Kitchen,1,3892.87,3892.87
ORD02361,CUST0024,2026-04-12,Home & Kitchen,1,3016.9,3016.9
ORD05195,CUST0376,2026-04-12,Fashion,1,4419.27,4419.27
ORD00420,CUST0244,2026-04-12,Home & Kitchen,1,6253.19,6253.19
ORD00612,CUST0229,2026-04-12,Electronics,3,10044.24,30132.72
ORD02606,CUST0043,2026-04-12,Fashion,1,4686.2,4686.2
ORD05462,CUST0111,2026-04-12,Beauty & Personal Care,1,781.08,781.08
ORD02675,CUST0131,2026-04-12,Books,1,215.57,215.57
ORD00012,CUST0211,2026-04-12,Electronics,1,34123.28,34123.28
ORD02640,CUST0041,2026-04-12,Fashion,1,1065.41,1065.41
ORD01377,CUST0192,2026-04-12,Sports & Fitness,1,7067.57,7067.57
ORD04088,CUST0197,2026-04-12,Electronics,1,9822.66,9822.66
ORD00110,CUST0116,2026-04-13,Electronics,1,16752.27,16752.27
ORD00375,CUST0325,2026-04-13,Beauty & Personal Care,2,406.11,812.22
ORD05188,CUST0046,2026-04-13,Beauty & Personal Care,2,1724.92,3449.84
ORD03413,CUST0225,2026-04-13,Fashion,1,806.1,806.1
ORD02729,CUST0151,2026-04-13,Fashion,1,3694.02,3694.02
ORD04990,CUST0229,2026-04-13,Books,3,887.88,2663.64
ORD03929,CUST0317,2026-04-13,Home & Kitchen,2,2359.33,4718.66
ORD01348,CUST0033,2026-04-13,Fashion,1,421.68,421.68
ORD04642,CUST0261,2026-04-13,Beauty & Personal Care,1,382.49,382.49
ORD05266,CUST0121,2026-04-13,Home & Kitchen,1,1369.54,1369.54
ORD04669,CUST0181,2026-04-13,Fashion,1,1633.79,1633.79
ORD01214,CUST0007,2026-04-13,Home & Kitchen,1,7994.89,7994.89
ORD01789,CUST0022,2026-04-13,Home & Kitchen,1,3860.18,3860.18
ORD05070,CUST0390,2026-04-13,Home & Kitchen,1,2328.51,2328.51
ORD02834,CUST0130,2026-04-13,Fashion,1,3073.95,3073.95
ORD05361,CUST0035,2026-04-13,Sports & Fitness,1,724.74,724.74
ORD05001,CUST0080,2026-04-13,Sports & Fitness,1,3178.4,3178.4
ORD00685,CUST0202,2026-04-13,Fashion,1,1800.67,1800.67
ORD03834,CUST0346,2026-04-13,Electronics,1,44954.02,44954.02
ORD04854,CUST0118,2026-04-13,Electronics,1,10730.58,10730.58
ORD01541,CUST0350,2026-04-14,Fashion,1,3746.86,3746.86
ORD01476,CUST0199,2026-04-14,Fashion,1,2919.03,2919.03
ORD02970,CUST0145,2026-04-14,Home & Kitchen,2,6777.19,13554.38
ORD00228,CUST0183,2026-04-14,Electronics,2,16214.64,32429.28
ORD00941,CUST0110,2026-04-14,Fashion,1,4359.68,4359.68
ORD03145,CUST0277,2026-04-14,Electronics,1,35026.69,35026.69
ORD00939,CUST0287,2026-04-14,Fashion,1,2354.79,2354.79
ORD03485,CUST0139,2026-04-14,Fashion,1,1299.52,1299.52
ORD05460,CUST0195,2026-04-14,Fashion,1,2973.31,2973.31
ORD01197,CUST0353,2026-04-14,Beauty & Personal Care,1,2757.77,2757.77
ORD05509,CUST0126,2026-04-14,Fashion,1,4621.7,4621.7
ORD01031,CUST0145,2026-04-14,Home & Kitchen,1,3872.69,3872.69
ORD03183,CUST0225,2026-04-14,Fashion,1,1941.84,1941.84
ORD03220,CUST0013,2026-04-14,Beauty & Personal Care,1,1332.72,1332.72
ORD01793,CUST0343,2026-04-14,Books,1,1044.06,1044.06
ORD01966,CUST0318,2026-04-15,Sports & Fitness,3,7114.9,21344.7
ORD03361,CUST0276,2026-04-15,Home & Kitchen,1,4201.68,4201.68
ORD02865,CUST0071,2026-04-15,Beauty & Personal Care,1,1447.87,1447.87
ORD04590,CUST0068,2026-04-15,Home & Kitchen,1,6514.51,6514.51
ORD02479,CUST0360,2026-04-15,Beauty & Personal Care,1,2589.15,2589.15
ORD01821,CUST0118,2026-04-15,Sports & Fitness,1,4287.57,4287.57
ORD02228,CUST0008,2026-04-15,Sports & Fitness,1,10431.66,10431.66
ORD01146,CUST0270,2026-04-15,Electronics,1,31965.13,31965.13
ORD01025,CUST0103,2026-04-15,Sports & Fitness,2,11814.92,23629.84
ORD01437,CUST0115,2026-04-15,Fashion,1,2565.61,2565.61
ORD05334,CUST0343,2026-04-15,Fashion,2,3729.04,7458.08
ORD03516,CUST0345,2026-04-15,Home & Kitchen,1,3798.23,3798.23
ORD04354,CUST0333,2026-04-15,Electronics,1,20083.35,20083.35
ORD03625,CUST0228,2026-04-15,Books,1,270.38,270.38
ORD04501,CUST0394,2026-04-15,Fashion,1,1398.91,1398.91
ORD00056,CUST0141,2026-04-15,Sports & Fitness,2,744.6,1489.2
ORD05126,CUST0287,2026-04-16,Home & Kitchen,1,2985.16,2985.16
ORD04453,CUST0072,2026-04-16,Electronics,1,39175.64,39175.64
ORD02235,CUST0127,2026-04-16,Books,1,564.53,564.53
ORD02287,CUST0274,2026-04-16,Sports & Fitness,1,9511.84,9511.84
ORD02929,CUST0101,2026-04-16,Beauty & Personal Care,1,2615.28,2615.28
ORD01439,CUST0375,2026-04-16,Books,1,334.89,334.89
ORD04637,CUST0119,2026-04-16,Beauty & Personal Care,1,1712.89,1712.89
ORD00422,CUST0225,2026-04-16,Sports & Fitness,2,771.34,1542.68
ORD00221,CUST0028,2026-04-16,Home & Kitchen,1,6264.83,6264.83
ORD03231,CUST0124,2026-04-16,Home & Kitchen,1,3320.31,3320.31
ORD02358,CUST0306,2026-04-16,Books,2,682.6,1365.2
ORD01981,CUST0246,2026-04-16,Books,2,907.63,1815.26
ORD00447,CUST0129,2026-04-16,Home & Kitchen,2,3363.34,6726.68
ORD02599,CUST0281,2026-04-16,Electronics,1,8671.27,8671.27
ORD04350,CUST0252,2026-04-16,Home & Kitchen,2,7594.51,15189.02
ORD03297,CUST0168,2026-04-16,Sports & Fitness,1,3939.42,3939.42
ORD05326,CUST0124,2026-04-16,Books,1,326.66,326.66
ORD04255,CUST0179,2026-04-16,Sports & Fitness,1,7771.21,7771.21
ORD05428,CUST0207,2026-04-16,Beauty & Personal Care,1,3194.02,3194.02
ORD02796,CUST0141,2026-04-16,Home & Kitchen,1,4517.58,4517.58
ORD01583,CUST0390,2026-04-16,Home & Kitchen,1,5513.47,5513.47
ORD05547,CUST0284,2026-04-17,Electronics,1,27277.51,27277.51
ORD04370,CUST0099,2026-04-17,Books,1,289.88,289.88
ORD00945,CUST0208,2026-04-17,Home & Kitchen,1,1851.27,1851.27
ORD00864,CUST0146,2026-04-17,Books,2,1005.83,2011.66
ORD00208,CUST0062,2026-04-17,Home & Kitchen,1,7721.43,7721.43
ORD04918,CUST0367,2026-04-17,Sports & Fitness,1,11087.92,11087.92
ORD03584,CUST0153,2026-04-17,Books,2,768.55,1537.1
ORD03243,CUST0097,2026-04-17,Books,3,1053.3,3159.9
ORD05391,CUST0325,2026-04-17,Books,2,1046.8,2093.6
ORD03114,CUST0131,2026-04-17,Beauty & Personal Care,1,2049.51,2049.51
ORD04963,CUST0264,2026-04-17,Fashion,2,4006.12,8012.24
ORD01544,CUST0105,2026-04-17,Beauty & Personal Care,1,2967.21,2967.21
ORD01502,CUST0100,2026-04-17,Electronics,1,31477.74,31477.74
ORD01842,CUST0136,2026-04-17,Fashion,1,2911.83,2911.83
ORD01381,CUST0241,2026-04-17,Sports & Fitness,1,1002.1,1002.1
ORD01221,CUST0156,2026-04-17,Beauty & Personal Care,1,3136.46,3136.46
ORD03992,CUST0315,2026-04-17,Home & Kitchen,1,1443.8,1443.8
ORD01459,CUST0227,2026-04-17,Electronics,1,24833.85,24833.85
ORD05009,CUST0399,2026-04-17,Electronics,1,11007.7,11007.7
ORD03578,CUST0189,2026-04-17,Beauty & Personal Care,1,2058.77,2058.77
ORD02179,CUST0270,2026-04-18,Electronics,1,40557.93,40557.93
ORD02736,CUST0110,2026-04-18,Beauty & Personal Care,1,624.85,624.85
ORD01118,CUST0247,2026-04-18,Home & Kitchen,2,517.36,1034.72
ORD02845,CUST0254,2026-04-18,Home & Kitchen,1,1784.21,1784.21
ORD03189,CUST0349,2026-04-18,Sports & Fitness,1,687.99,687.99
ORD02754,CUST0360,2026-04-18,Electronics,3,36729.42,110188.26
ORD01868,CUST0159,2026-04-18,Fashion,1,807.04,807.04
ORD05263,CUST0059,2026-04-18,Home & Kitchen,1,2558.62,2558.62
ORD03323,CUST0359,2026-04-18,Books,1,666.07,666.07
ORD01906,CUST0065,2026-04-18,Fashion,1,3369.35,3369.35
ORD00747,CUST0328,2026-04-18,Books,3,311.62,934.86
ORD00759,CUST0188,2026-04-18,Sports & Fitness,1,3919.66,3919.66
ORD05000,CUST0226,2026-04-18,Electronics,1,29922.82,29922.82
ORD01280,CUST0056,2026-04-18,Home & Kitchen,1,4935.26,4935.26
ORD02139,CUST0375,2026-04-18,Fashion,1,1920.91,1920.91
ORD02423,CUST0183,2026-04-19,Sports & Fitness,1,5491.75,5491.75
ORD02684,CUST0031,2026-04-19,Fashion,3,2305.67,6917.01
ORD03523,CUST0112,2026-04-19,Sports & Fitness,1,7098.35,7098.35
ORD04627,CUST0276,2026-04-19,Sports & Fitness,2,1839.99,3679.98
ORD00390,CUST0269,2026-04-19,Fashion,1,1439.73,1439.73
ORD02151,CUST0186,2026-04-19,Fashion,1,2990.23,2990.23
ORD01018,CUST0393,2026-04-19,Books,1,434.7,434.7
ORD04005,CUST0360,2026-04-19,Books,1,675.74,675.74
ORD02798,CUST0371,2026-04-19,Home & Kitchen,2,3911.41,7822.82
ORD00729,CUST0087,2026-04-19,Electronics,1,33201.85,33201.85
ORD02462,CUST0340,2026-04-19,Fashion,1,725.09,725.09
ORD00703,CUST0335,2026-04-19,Electronics,2,29692.57,59385.14
ORD00982,CUST0128,2026-04-19,Beauty & Personal Care,1,1719.17,1719.17
ORD03434,CUST0339,2026-04-19,Electronics,1,22444.98,22444.98
ORD01089,CUST0062,2026-04-19,Home & Kitchen,1,5322.56,5322.56
ORD02100,CUST0394,2026-04-19,Sports & Fitness,1,4905.42,4905.42
ORD00595,CUST0298,2026-04-19,Fashion,1,2221.42,2221.42
ORD01386,CUST0317,2026-04-19,Books,2,750.49,1500.98
ORD04611,CUST0276,2026-04-19,Electronics,1,23830.23,23830.23
ORD02015,CUST0162,2026-04-19,Sports & Fitness,1,10193.93,10193.93
ORD05044,CUST0094,2026-04-19,Electronics,1,19881.48,19881.48
ORD01406,CUST0296,2026-04-19,Fashion,1,1185.53,1185.53
ORD04788,CUST0247,2026-04-20,Fashion,1,3100.71,3100.71
ORD02775,CUST0110,2026-04-20,Beauty & Personal Care,1,1160.31,1160.31
ORD01858,CUST0030,2026-04-20,Fashion,2,3698.09,7396.18
ORD01216,CUST0375,2026-04-20,Beauty & Personal Care,1,3234.8,3234.8
ORD04097,CUST0248,2026-04-20,Fashion,1,2784.43,2784.43
ORD05493,CUST0206,2026-04-20,Sports & Fitness,2,655.22,1310.44
ORD00178,CUST0353,2026-04-20,Books,1,775.54,775.54
ORD04181,CUST0320,2026-04-20,Electronics,1,32374.88,32374.88
ORD02557,CUST0378,2026-04-20,Electronics,2,12133.67,24267.34
ORD01160,CUST0191,2026-04-20,Home & Kitchen,1,1251.46,1251.46
ORD03665,CUST0041,2026-04-20,Electronics,2,38478.65,76957.3
ORD04455,CUST0031,2026-04-20,Fashion,1,1813.16,1813.16
ORD05611,CUST0395,2026-04-20,Books,2,817.62,1635.24
ORD05150,CUST0282,2026-04-20,Home & Kitchen,2,4467.64,8935.28
ORD04863,CUST0089,2026-04-20,Beauty & Personal Care,1,867.8,867.8
ORD02211,CUST0374,2026-04-20,Fashion,1,1720.7,1720.7
ORD02307,CUST0255,2026-04-20,Home & Kitchen,1,6869.22,6869.22
ORD02495,CUST0283,2026-04-20,Fashion,1,1034.93,1034.93
ORD02781,CUST0325,2026-04-20,Beauty & Personal Care,3,1125.3,3375.9
ORD00232,CUST0126,2026-04-21,Fashion,1,3325.93,3325.93
ORD04266,CUST0111,2026-04-21,Sports & Fitness,1,10820.96,10820.96
ORD02894,CUST0061,2026-04-21,Books,1,564.61,564.61
ORD04112,CUST0343,2026-04-21,Fashion,1,3740.72,3740.72
ORD02541,CUST0381,2026-04-21,Home & Kitchen,1,6774.85,6774.85
ORD01639,CUST0029,2026-04-21,Books,1,509.6,509.6
ORD00332,CUST0344,2026-04-21,Home & Kitchen,1,970.61,970.61
ORD05038,CUST0259,2026-04-21,Fashion,3,3661.96,10985.88
ORD03947,CUST0157,2026-04-21,Electronics,1,34652.26,34652.26
ORD05030,CUST0142,2026-04-21,Sports & Fitness,1,2209.86,2209.86
ORD05341,CUST0238,2026-04-21,Beauty & Personal Care,1,862.13,862.13
ORD04222,CUST0281,2026-04-21,Books,2,287.79,575.58
ORD03156,CUST0146,2026-04-21,Electronics,1,5317.39,5317.39
ORD01209,CUST0177,2026-04-21,Fashion,1,2546.74,2546.74
ORD03465,CUST0085,2026-04-21,Books,1,857.38,857.38
ORD01771,CUST0046,2026-04-21,Fashion,2,1498.32,2996.64
ORD04510,CUST0118,2026-04-21,Electronics,1,39330.78,39330.78
ORD03362,CUST0394,2026-04-21,Home & Kitchen,1,7295.64,7295.64
ORD04205,CUST0231,2026-04-21,Electronics,1,11019.31,11019.31
ORD03758,CUST0155,2026-04-21,Fashion,1,2377.29,2377.29
ORD04787,CUST0326,2026-04-21,Electronics,1,17977.98,17977.98
ORD03811,CUST0327,2026-04-21,Electronics,1,2352.75,2352.75
ORD05007,CUST0237,2026-04-21,Beauty & Personal Care,2,875.41,1750.82
ORD04300,CUST0349,2026-04-22,Fashion,1,2808.56,2808.56
ORD04415,CUST0039,2026-04-22,Sports & Fitness,1,4107.1,4107.1
ORD02933,CUST0277,2026-04-22,Books,1,885.17,885.17
ORD00387,CUST0013,2026-04-22,Home & Kitchen,1,3982.6,3982.6
ORD04292,CUST0033,2026-04-22,Sports & Fitness,1,6845.57,6845.57
ORD00144,CUST0264,2026-04-22,Sports & Fitness,1,2367.39,2367.39
ORD02630,CUST0218,2026-04-22,Beauty & Personal Care,1,2715.65,2715.65
ORD00026,CUST0020,2026-04-22,Sports & Fitness,1,4675.18,4675.18
ORD01426,CUST0002,2026-04-22,Beauty & Personal Care,1,2355.52,2355.52
ORD02167,CUST0378,2026-04-22,Home & Kitchen,2,5925.9,11851.8
ORD04949,CUST0241,2026-04-22,Fashion,1,3501.51,3501.51
ORD03044,CUST0262,2026-04-22,Fashion,1,1071.09,1071.09
ORD00913,CUST0254,2026-04-22,Beauty & Personal Care,1,999.77,999.77
ORD03057,CUST0290,2026-04-22,Electronics,1,24767.19,24767.19
ORD05338,CUST0195,2026-04-22,Fashion,1,511.42,511.42
ORD02713,CUST0112,2026-04-22,Fashion,1,1614.52,1614.52
ORD01213,CUST0331,2026-04-23,Sports & Fitness,2,9990.36,19980.72
ORD05117,CUST0056,2026-04-23,Fashion,1,890.99,890.99
ORD01602,CUST0235,2026-04-23,Sports & Fitness,1,9274.42,9274.42
ORD04926,CUST0209,2026-04-23,Electronics,2,25762.32,51524.64
ORD02735,CUST0220,2026-04-23,Home & Kitchen,1,1928.32,1928.32
ORD02821,CUST0236,2026-04-23,Home & Kitchen,1,1726.56,1726.56
ORD01450,CUST0183,2026-04-23,Electronics,3,30628.09,91884.27
ORD01514,CUST0084,2026-04-23,Fashion,1,3571.86,3571.86
ORD02506,CUST0156,2026-04-23,Home & Kitchen,1,6402.26,6402.26
ORD01199,CUST0273,2026-04-23,Home & Kitchen,1,3722.2,3722.2
ORD00753,CUST0353,2026-04-23,Beauty & Personal Care,1,1446.87,1446.87
ORD03477,CUST0379,2026-04-23,Home & Kitchen,1,7993.45,7993.45
ORD01563,CUST0351,2026-04-23,Books,1,263.48,263.48
ORD03336,CUST0046,2026-04-23,Fashion,1,2147.8,2147.8
ORD00591,CUST0155,2026-04-23,Electronics,2,39040.36,78080.72
ORD00912,CUST0066,2026-04-24,Electronics,1,10460.13,10460.13
ORD02135,CUST0399,2026-04-24,Sports & Fitness,2,3074.92,6149.84
ORD05317,CUST0049,2026-04-24,Fashion,1,546.1,546.1
ORD03986,CUST0260,2026-04-24,Electronics,1,44402.73,44402.73
ORD04475,CUST0277,2026-04-24,Fashion,1,1261.67,1261.67
ORD03791,CUST0281,2026-04-24,Fashion,1,2080.96,2080.96
ORD03533,CUST0131,2026-04-24,Books,1,1177.98,1177.98
ORD00103,CUST0319,2026-04-24,Home & Kitchen,1,4599.78,4599.78
ORD04560,CUST0222,2026-04-24,Fashion,2,2121.61,4243.22
ORD05146,CUST0155,2026-04-24,Home & Kitchen,1,3723.76,3723.76
ORD03409,CUST0255,2026-04-24,Beauty & Personal Care,1,1542.45,1542.45
ORD05544,CUST0071,2026-04-24,Home & Kitchen,1,779.97,779.97
ORD00815,CUST0045,2026-04-24,Sports & Fitness,1,4924.42,4924.42
ORD02668,CUST0077,2026-04-24,Home & Kitchen,1,4364.91,4364.91
ORD02252,CUST0319,2026-04-24,Sports & Fitness,1,7105.93,7105.93
ORD05388,CUST0061,2026-04-25,Home & Kitchen,1,7920.21,7920.21
ORD02719,CUST0259,2026-04-25,Fashion,1,4306.03,4306.03
ORD04293,CUST0229,2026-04-25,Sports & Fitness,2,5866.34,11732.68
ORD00956,CUST0151,2026-04-25,Electronics,1,44332.47,44332.47
ORD04883,CUST0311,2026-04-25,Electronics,1,43737.92,43737.92
ORD01434,CUST0080,2026-04-25,Electronics,3,5010.82,15032.46
ORD03713,CUST0092,2026-04-25,Sports & Fitness,1,4518.96,4518.96
ORD03736,CUST0285,2026-04-25,Electronics,2,31695.24,63390.48
ORD05356,CUST0013,2026-04-25,Fashion,1,2941.82,2941.82
ORD01379,CUST0297,2026-04-25,Books,1,799.51,799.51
ORD02927,CUST0078,2026-04-25,Home & Kitchen,1,521.77,521.77
ORD00186,CUST0360,2026-04-25,Electronics,1,43876.16,43876.16
ORD01641,CUST0144,2026-04-25,Electronics,3,16096.74,48290.22
ORD03801,CUST0369,2026-04-25,Electronics,1,14237.36,14237.36
ORD00687,CUST0314,2026-04-25,Fashion,1,2434.36,2434.36
ORD05101,CUST0272,2026-04-25,Sports & Fitness,2,1880.25,3760.5
ORD03497,CUST0077,2026-04-26,Fashion,1,2027.99,2027.99
ORD00755,CUST0217,2026-04-26,Home & Kitchen,1,3385.42,3385.42
ORD01399,CUST0273,2026-04-26,Sports & Fitness,1,2921.08,2921.08
ORD04502,CUST0292,2026-04-26,Sports & Fitness,2,10138.06,20276.12
ORD02989,CUST0029,2026-04-26,Fashion,1,2951.07,2951.07
ORD01289,CUST0029,2026-04-26,Sports & Fitness,1,9151.98,9151.98
ORD02832,CUST0382,2026-04-26,Fashion,1,2574.02,2574.02
ORD05099,CUST0058,2026-04-26,Fashion,1,1795.29,1795.29
ORD02562,CUST0342,2026-04-26,Home & Kitchen,1,1626.08,1626.08
ORD03735,CUST0218,2026-04-26,Electronics,1,42465.17,42465.17
ORD05232,CUST0335,2026-04-26,Books,3,1043.58,3130.74
ORD00286,CUST0268,2026-04-26,Fashion,1,1126.59,1126.59
ORD00512,CUST0390,2026-04-26,Home & Kitchen,1,6234.72,6234.72
ORD05002,CUST0282,2026-04-26,Electronics,1,28890.22,28890.22
ORD05423,CUST0034,2026-04-26,Electronics,1,37223.51,37223.51
ORD05383,CUST0337,2026-04-26,Beauty & Personal Care,1,1894.25,1894.25
ORD03259,CUST0349,2026-04-26,Home & Kitchen,3,3343.75,10031.25
ORD03104,CUST0197,2026-04-27,Sports & Fitness,2,10663.65,21327.3
ORD02207,CUST0328,2026-04-27,Fashion,1,2231.77,2231.77
ORD01910,CUST0295,2026-04-27,Home & Kitchen,1,1679.68,1679.68
ORD03879,CUST0019,2026-04-27,Fashion,2,3134.59,6269.18
ORD04268,CUST0272,2026-04-27,Home & Kitchen,1,7608.32,7608.32
ORD03024,CUST0397,2026-04-27,Home & Kitchen,3,2881.72,8645.16
ORD02283,CUST0246,2026-04-27,Home & Kitchen,1,1835.69,1835.69
ORD04464,CUST0169,2026-04-27,Sports & Fitness,1,10287.69,10287.69
ORD02611,CUST0155,2026-04-27,Home & Kitchen,1,6814.71,6814.71
ORD04877,CUST0316,2026-04-27,Electronics,1,18715.15,18715.15
ORD00041,CUST0365,2026-04-27,Home & Kitchen,1,4882.1,4882.1
ORD03943,CUST0366,2026-04-27,Electronics,1,24090.77,24090.77
ORD05098,CUST0339,2026-04-27,Home & Kitchen,1,1923.58,1923.58
ORD02048,CUST0230,2026-04-27,Sports & Fitness,2,6169.9,12339.8
ORD00664,CUST0269,2026-04-27,Electronics,1,26576.55,26576.55
ORD04365,CUST0348,2026-04-27,Sports & Fitness,1,7248.31,7248.31
ORD03437,CUST0395,2026-04-27,Fashion,1,2113.15,2113.15
ORD05420,CUST0025,2026-04-27,Fashion,1,1701.86,1701.86
ORD01035,CUST0293,2026-04-27,Home & Kitchen,1,6642.85,6642.85
ORD01856,CUST0146,2026-04-28,Electronics,1,38085.46,38085.46
ORD03295,CUST0054,2026-04-28,Electronics,1,39257.74,39257.74
ORD02082,CUST0077,2026-04-28,Fashion,2,2123.76,4247.52
ORD02456,CUST0114,2026-04-28,Fashion,1,2441.54,2441.54
ORD05227,CUST0367,2026-04-28,Beauty & Personal Care,1,2733.28,2733.28
ORD03359,CUST0365,2026-04-28,Beauty & Personal Care,2,2923.87,5847.74
ORD01194,CUST0105,2026-04-28,Electronics,1,38541.87,38541.87
ORD04055,CUST0389,2026-04-28,Sports & Fitness,1,3292.45,3292.45
ORD01225,CUST0064,2026-04-28,Fashion,1,4626.24,4626.24
ORD01762,CUST0368,2026-04-28,Home & Kitchen,3,945.83,2837.49
ORD00656,CUST0267,2026-04-28,Sports & Fitness,1,8546.61,8546.61
ORD04539,CUST0288,2026-04-29,Sports & Fitness,1,2514.78,2514.78
ORD02416,CUST0152,2026-04-29,Books,1,914.51,914.51
ORD02418,CUST0195,2026-04-29,Electronics,1,44651.87,44651.87
ORD02695,CUST0287,2026-04-29,Electronics,3,25174.3,75522.9
ORD00665,CUST0197,2026-04-29,Home & Kitchen,1,1872.7,1872.7
ORD03459,CUST0183,2026-04-29,Home & Kitchen,1,6834.75,6834.75
ORD04615,CUST0027,2026-04-29,Fashion,2,1566.28,3132.56
ORD00067,CUST0054,2026-04-29,Beauty & Personal Care,2,2926.48,5852.96
ORD00431,CUST0248,2026-04-29,Beauty & Personal Care,1,1841.13,1841.13
ORD02324,CUST0298,2026-04-29,Beauty & Personal Care,1,3278.78,3278.78
ORD00397,CUST0294,2026-04-29,Fashion,1,615.52,615.52
ORD01154,CUST0288,2026-04-29,Books,1,495.2,495.2
ORD03162,CUST0394,2026-04-29,Electronics,1,24403.43,24403.43
ORD01112,CUST0166,2026-04-29,Fashion,2,4617.08,9234.16
ORD03921,CUST0318,2026-04-29,Electronics,1,8538.76,8538.76
ORD02587,CUST0157,2026-04-29,Fashion,1,1830.2,1830.2
ORD01557,CUST0035,2026-04-29,Fashion,1,4087.56,4087.56
ORD00653,CUST0203,2026-04-30,Fashion,1,4736.23,4736.23
ORD00521,CUST0291,2026-04-30,Beauty & Personal Care,1,2886.61,2886.61
ORD00935,CUST0248,2026-04-30,Electronics,1,15620.5,15620.5
ORD03679,CUST0215,2026-04-30,Electronics,1,18534.68,18534.68
ORD02497,CUST0270,2026-04-30,Fashion,2,2253.96,4507.92
ORD03488,CUST0093,2026-04-30,Home & Kitchen,2,5124.0,10248.0
ORD00210,CUST0160,2026-04-30,Books,1,358.8,358.8
ORD05008,CUST0259,2026-04-30,Beauty & Personal Care,1,3380.51,3380.51
ORD04639,CUST0113,2026-04-30,Sports & Fitness,3,5538.21,16614.63
ORD00585,CUST0112,2026-04-30,Books,1,1029.24,1029.24
ORD03223,CUST0393,2026-04-30,Home & Kitchen,1,5590.84,5590.84
ORD05540,CUST0067,2026-04-30,Electronics,1,6928.71,6928.71
ORD00172,CUST0161,2026-04-30,Electronics,2,11732.75,23465.5
ORD02278,CUST0271,2026-04-30,Books,1,855.71,855.71
ORD03218,CUST0117,2026-04-30,Fashion,1,4585.68,4585.68
ORD01727,CUST0271,2026-05-01,Fashion,1,2970.67,2970.67
ORD04299,CUST0270,2026-05-01,Books,1,803.96,803.96
ORD02874,CUST0005,2026-05-01,Fashion,1,3411.09,3411.09
ORD00340,CUST0105,2026-05-01,Home & Kitchen,1,7551.29,7551.29
ORD05085,CUST0187,2026-05-01,Fashion,1,668.33,668.33
ORD01664,CUST0140,2026-05-01,Fashion,1,1185.12,1185.12
ORD00066,CUST0218,2026-05-01,Fashion,1,1461.08,1461.08
ORD02569,CUST0056,2026-05-01,Fashion,1,3618.65,3618.65
ORD05436,CUST0389,2026-05-01,Home & Kitchen,1,2908.66,2908.66
ORD01036,CUST0176,2026-05-01,Home & Kitchen,1,4499.8,4499.8
ORD05281,CUST0267,2026-05-01,Beauty & Personal Care,1,886.86,886.86
ORD00762,CUST0146,2026-05-02,Electronics,2,26114.5,52229.0
ORD01395,CUST0210,2026-05-02,Home & Kitchen,1,5975.39,5975.39
ORD03756,CUST0381,2026-05-02,Beauty & Personal Care,3,452.79,1358.37
ORD02282,CUST0201,2026-05-02,Home & Kitchen,1,2456.41,2456.41
ORD04579,CUST0190,2026-05-02,Electronics,1,2684.81,2684.81
ORD01082,CUST0359,2026-05-02,Electronics,1,21815.28,21815.28
ORD02499,CUST0056,2026-05-02,Fashion,1,2066.55,2066.55
ORD00818,CUST0168,2026-05-02,Home & Kitchen,1,4957.26,4957.26
ORD02112,CUST0028,2026-05-02,Home & Kitchen,1,1790.28,1790.28
ORD04753,CUST0019,2026-05-02,Fashion,1,3419.27,3419.27
ORD01461,CUST0334,2026-05-02,Home & Kitchen,1,2279.64,2279.64
ORD02960,CUST0248,2026-05-02,Electronics,1,9636.97,9636.97
ORD02657,CUST0394,2026-05-02,Fashion,2,4420.39,8840.78
ORD05265,CUST0131,2026-05-02,Home & Kitchen,1,317.51,317.51
ORD04153,CUST0167,2026-05-02,Fashion,2,3378.98,6757.96
ORD01347,CUST0201,2026-05-03,Home & Kitchen,1,6130.36,6130.36
ORD05382,CUST0060,2026-05-03,Fashion,1,4785.94,4785.94
ORD02579,CUST0173,2026-05-03,Fashion,1,4307.26,4307.26
ORD04291,CUST0108,2026-05-03,Fashion,3,2446.1,7338.3
ORD04436,CUST0252,2026-05-03,Electronics,1,26718.23,26718.23
ORD02076,CUST0247,2026-05-03,Sports & Fitness,1,11108.01,11108.01
ORD00538,CUST0282,2026-05-03,Electronics,1,16168.49,16168.49
ORD01815,CUST0087,2026-05-03,Sports & Fitness,1,3126.09,3126.09
ORD02016,CUST0280,2026-05-03,Home & Kitchen,1,5043.5,5043.5
ORD00733,CUST0190,2026-05-03,Books,1,524.43,524.43
ORD01708,CUST0026,2026-05-03,Electronics,1,16486.01,16486.01
ORD04301,CUST0049,2026-05-03,Beauty & Personal Care,1,2375.7,2375.7
ORD03360,CUST0057,2026-05-03,Home & Kitchen,3,2737.78,8213.34
ORD05590,CUST0383,2026-05-03,Fashion,1,832.59,832.59
ORD03850,CUST0368,2026-05-03,Fashion,1,3602.4,3602.4
ORD04927,CUST0191,2026-05-03,Fashion,3,4858.64,14575.92
ORD01698,CUST0042,2026-05-03,Home & Kitchen,1,3430.87,3430.87
ORD00259,CUST0069,2026-05-03,Electronics,1,38593.67,38593.67
ORD02507,CUST0386,2026-05-03,Electronics,2,2047.78,4095.56
ORD04849,CUST0343,2026-05-03,Sports & Fitness,1,5540.16,5540.16
ORD00290,CUST0375,2026-05-04,Sports & Fitness,1,1852.91,1852.91
ORD02631,CUST0021,2026-05-04,Beauty & Personal Care,1,649.37,649.37
ORD05425,CUST0307,2026-05-04,Fashion,1,4593.33,4593.33
ORD03905,CUST0021,2026-05-04,Books,1,918.34,918.34
ORD00031,CUST0029,2026-05-04,Books,1,592.79,592.79
ORD04996,CUST0369,2026-05-04,Books,1,1122.48,1122.48
ORD04331,CUST0021,2026-05-04,Home & Kitchen,1,6977.16,6977.16
ORD04970,CUST0143,2026-05-04,Home & Kitchen,1,5235.65,5235.65
ORD00841,CUST0230,2026-05-04,Home & Kitchen,3,6919.53,20758.59
ORD00537,CUST0048,2026-05-04,Fashion,2,501.85,1003.7
ORD00648,CUST0340,2026-05-04,Electronics,1,9531.51,9531.51
ORD02523,CUST0117,2026-05-04,Home & Kitchen,1,7136.84,7136.84
ORD03205,CUST0158,2026-05-04,Sports & Fitness,2,6903.37,13806.74
ORD03390,CUST0329,2026-05-04,Electronics,1,15622.16,15622.16
ORD02734,CUST0352,2026-05-04,Fashion,1,3752.64,3752.64
ORD04664,CUST0050,2026-05-04,Beauty & Personal Care,1,634.41,634.41
ORD03014,CUST0273,2026-05-04,Books,1,904.53,904.53
ORD03537,CUST0085,2026-05-05,Sports & Fitness,1,11303.46,11303.46
ORD04619,CUST0399,2026-05-05,Fashion,1,1692.42,1692.42
ORD02303,CUST0207,2026-05-05,Electronics,1,14551.33,14551.33
ORD00901,CUST0154,2026-05-05,Sports & Fitness,1,11070.89,11070.89
ORD03154,CUST0215,2026-05-05,Electronics,1,13298.08,13298.08
ORD05229,CUST0352,2026-05-05,Fashion,1,1310.04,1310.04
ORD05607,CUST0213,2026-05-05,Home & Kitchen,1,2234.48,2234.48
ORD01327,CUST0090,2026-05-05,Fashion,1,3155.45,3155.45
ORD04220,CUST0193,2026-05-05,Books,2,273.59,547.18
ORD03977,CUST0365,2026-05-05,Home & Kitchen,1,2201.66,2201.66
ORD00293,CUST0196,2026-05-05,Electronics,1,31378.45,31378.45
ORD01656,CUST0134,2026-05-05,Electronics,1,39771.75,39771.75
ORD04426,CUST0182,2026-05-06,Home & Kitchen,3,6100.23,18300.69
ORD02348,CUST0271,2026-05-06,Fashion,1,3740.09,3740.09
ORD03191,CUST0147,2026-05-06,Electronics,3,8767.7,26303.1
ORD04451,CUST0311,2026-05-06,Electronics,1,11362.82,11362.82
ORD02057,CUST0064,2026-05-06,Electronics,1,19702.44,19702.44
ORD04160,CUST0345,2026-05-06,Books,1,151.08,151.08
ORD00302,CUST0124,2026-05-06,Electronics,2,9107.34,18214.68
ORD00500,CUST0284,2026-05-06,Fashion,1,3625.24,3625.24
ORD04458,CUST0195,2026-05-06,Beauty & Personal Care,1,2651.86,2651.86
ORD00187,CUST0231,2026-05-06,Fashion,1,4273.35,4273.35
ORD03714,CUST0095,2026-05-06,Home & Kitchen,1,456.08,456.08
ORD04614,CUST0356,2026-05-06,Electronics,1,9288.29,9288.29
ORD04242,CUST0059,2026-05-06,Electronics,3,36173.82,108521.46
ORD02977,CUST0341,2026-05-06,Fashion,1,4922.99,4922.99
ORD02169,CUST0073,2026-05-06,Electronics,1,19486.09,19486.09
ORD00462,CUST0168,2026-05-07,Electronics,1,17254.67,17254.67
ORD04240,CUST0384,2026-05-07,Sports & Fitness,1,8963.71,8963.71
ORD02010,CUST0340,2026-05-07,Fashion,1,3494.48,3494.48
ORD02108,CUST0225,2026-05-07,Books,1,677.77,677.77
ORD01355,CUST0052,2026-05-07,Fashion,1,2405.82,2405.82
ORD01128,CUST0044,2026-05-07,Electronics,1,38222.09,38222.09
ORD03810,CUST0328,2026-05-07,Fashion,1,3474.13,3474.13
ORD01416,CUST0074,2026-05-07,Beauty & Personal Care,2,1075.44,2150.88
ORD01070,CUST0068,2026-05-07,Home & Kitchen,1,6711.74,6711.74
ORD02772,CUST0175,2026-05-07,Electronics,2,43248.12,86496.24
ORD05579,CUST0385,2026-05-07,Books,1,740.64,740.64
ORD00791,CUST0280,2026-05-07,Electronics,1,43117.34,43117.34
ORD03937,CUST0200,2026-05-07,Electronics,1,9801.95,9801.95
ORD01976,CUST0201,2026-05-07,Home & Kitchen,1,1345.91,1345.91
ORD03334,CUST0311,2026-05-07,Sports & Fitness,1,10907.23,10907.23
ORD02087,CUST0351,2026-05-08,Home & Kitchen,2,5876.38,11752.76
ORD02681,CUST0234,2026-05-08,Home & Kitchen,2,7051.61,14103.22
ORD05120,CUST0288,2026-05-08,Electronics,1,26937.9,26937.9
ORD04083,CUST0234,2026-05-08,Books,1,798.09,798.09
ORD02711,CUST0324,2026-05-08,Fashion,1,3692.91,3692.91
ORD02751,CUST0079,2026-05-09,Home & Kitchen,3,2811.62,8434.86
ORD04484,CUST0328,2026-05-09,Fashion,1,3219.33,3219.33
ORD02337,CUST0084,2026-05-09,Electronics,1,22175.24,22175.24
ORD04892,CUST0348,2026-05-09,Beauty & Personal Care,1,1638.13,1638.13
ORD05283,CUST0159,2026-05-09,Fashion,1,3882.47,3882.47
ORD03245,CUST0169,2026-05-09,Electronics,1,18046.48,18046.48
ORD02576,CUST0287,2026-05-09,Fashion,1,474.38,474.38
ORD00859,CUST0097,2026-05-09,Electronics,2,32995.27,65990.54
ORD05379,CUST0285,2026-05-09,Beauty & Personal Care,1,731.56,731.56
ORD00997,CUST0388,2026-05-09,Home & Kitchen,1,7096.14,7096.14
ORD04712,CUST0280,2026-05-09,Electronics,1,8372.75,8372.75
ORD00307,CUST0046,2026-05-09,Electronics,1,8855.03,8855.03
ORD03649,CUST0275,2026-05-09,Fashion,1,2340.55,2340.55
ORD02147,CUST0302,2026-05-09,Home & Kitchen,2,3027.85,6055.7
ORD00684,CUST0270,2026-05-09,Sports & Fitness,1,11972.66,11972.66
ORD05592,CUST0045,2026-05-09,Books,1,276.39,276.39
ORD03500,CUST0228,2026-05-09,Books,1,1103.7,1103.7
ORD03744,CUST0149,2026-05-10,Books,1,1076.21,1076.21
ORD02055,CUST0099,2026-05-10,Home & Kitchen,1,3643.24,3643.24
ORD03402,CUST0329,2026-05-10,Beauty & Personal Care,3,3205.24,9615.72
ORD05300,CUST0268,2026-05-10,Beauty & Personal Care,1,541.41,541.41
ORD01202,CUST0278,2026-05-10,Books,1,887.26,887.26
ORD03875,CUST0323,2026-05-10,Electronics,1,7169.1,7169.1
ORD05369,CUST0363,2026-05-10,Beauty & Personal Care,2,1593.46,3186.92
ORD03384,CUST0004,2026-05-10,Beauty & Personal Care,3,2804.3,8412.9
ORD02986,CUST0040,2026-05-10,Books,1,679.28,679.28
ORD01672,CUST0224,2026-05-10,Home & Kitchen,1,1578.1,1578.1
ORD04139,CUST0084,2026-05-10,Fashion,1,2408.5,2408.5
ORD03576,CUST0080,2026-05-10,Home & Kitchen,1,2846.69,2846.69
ORD01960,CUST0060,2026-05-10,Sports & Fitness,1,2851.56,2851.56
ORD01794,CUST0089,2026-05-10,Electronics,1,29267.87,29267.87
ORD02902,CUST0334,2026-05-11,Sports & Fitness,1,3552.94,3552.94
ORD01212,CUST0358,2026-05-11,Home & Kitchen,1,2205.46,2205.46
ORD03372,CUST0013,2026-05-11,Home & Kitchen,1,2357.32,2357.32
ORD00798,CUST0127,2026-05-11,Electronics,2,43138.07,86276.14
ORD04079,CUST0168,2026-05-11,Home & Kitchen,1,7437.21,7437.21
ORD01339,CUST0236,2026-05-11,Electronics,1,3143.63,3143.63
ORD02297,CUST0046,2026-05-11,Home & Kitchen,1,7713.22,7713.22
ORD02814,CUST0316,2026-05-11,Sports & Fitness,1,1763.39,1763.39
ORD04773,CUST0357,2026-05-11,Home & Kitchen,1,5632.58,5632.58
ORD03697,CUST0202,2026-05-11,Electronics,1,6860.11,6860.11
ORD05206,CUST0217,2026-05-11,Electronics,1,6507.37,6507.37
ORD04020,CUST0352,2026-05-11,Books,1,632.31,632.31
ORD02760,CUST0375,2026-05-11,Sports & Fitness,1,529.99,529.99
ORD04508,CUST0369,2026-05-11,Fashion,1,4036.56,4036.56
ORD03149,CUST0385,2026-05-11,Electronics,1,23420.91,23420.91
ORD01809,CUST0019,2026-05-11,Electronics,1,13745.67,13745.67
ORD04752,CUST0397,2026-05-12,Sports & Fitness,1,11291.44,11291.44
ORD03552,CUST0376,2026-05-12,Beauty & Personal Care,1,1254.09,1254.09
ORD01142,CUST0384,2026-05-12,Home & Kitchen,1,7035.7,7035.7
ORD01653,CUST0178,2026-05-12,Fashion,1,4094.15,4094.15
ORD02791,CUST0210,2026-05-12,Sports & Fitness,1,4325.53,4325.53
ORD02130,CUST0150,2026-05-12,Home & Kitchen,1,4223.02,4223.02
ORD04597,CUST0087,2026-05-12,Sports & Fitness,1,4566.46,4566.46
ORD03454,CUST0096,2026-05-12,Fashion,2,1288.74,2577.48
ORD04831,CUST0310,2026-05-12,Home & Kitchen,1,5566.64,5566.64
ORD00250,CUST0188,2026-05-12,Fashion,1,3157.1,3157.1
ORD04317,CUST0207,2026-05-12,Electronics,1,6115.56,6115.56
ORD01783,CUST0241,2026-05-12,Fashion,2,2764.77,5529.54
ORD03195,CUST0326,2026-05-12,Beauty & Personal Care,1,2925.35,2925.35
ORD04021,CUST0342,2026-05-12,Fashion,1,4213.21,4213.21
ORD01745,CUST0308,2026-05-12,Home & Kitchen,1,5952.37,5952.37
ORD00282,CUST0227,2026-05-12,Home & Kitchen,1,2474.72,2474.72
ORD04814,CUST0330,2026-05-12,Electronics,1,21923.35,21923.35
ORD00942,CUST0394,2026-05-12,Home & Kitchen,1,1121.0,1121.0
ORD04717,CUST0146,2026-05-12,Sports & Fitness,1,10988.86,10988.86
ORD01820,CUST0370,2026-05-13,Beauty & Personal Care,1,2528.12,2528.12
ORD02835,CUST0158,2026-05-13,Beauty & Personal Care,1,3431.44,3431.44
ORD02398,CUST0132,2026-05-13,Books,1,499.41,499.41
ORD01707,CUST0299,2026-05-13,Home & Kitchen,1,6930.18,6930.18
ORD01706,CUST0388,2026-05-13,Home & Kitchen,1,3327.41,3327.41
ORD03199,CUST0091,2026-05-13,Sports & Fitness,1,11330.94,11330.94
ORD05236,CUST0237,2026-05-13,Fashion,1,4970.88,4970.88
ORD02102,CUST0387,2026-05-13,Beauty & Personal Care,1,1860.65,1860.65
ORD00469,CUST0214,2026-05-13,Fashion,1,1636.7,1636.7
ORD03225,CUST0057,2026-05-13,Books,2,597.36,1194.72
ORD00954,CUST0388,2026-05-13,Books,1,312.6,312.6
ORD01677,CUST0245,2026-05-13,Books,1,584.62,584.62
ORD04700,CUST0321,2026-05-13,Sports & Fitness,1,4885.96,4885.96
ORD02911,CUST0345,2026-05-13,Electronics,1,25953.28,25953.28
ORD00569,CUST0258,2026-05-13,Beauty & Personal Care,2,3487.32,6974.64
ORD01920,CUST0164,2026-05-13,Fashion,1,728.09,728.09
ORD03976,CUST0092,2026-05-13,Home & Kitchen,1,7353.78,7353.78
ORD00317,CUST0158,2026-05-13,Electronics,1,11918.69,11918.69
ORD02608,CUST0012,2026-05-13,Fashion,1,637.65,637.65
ORD02535,CUST0220,2026-05-13,Fashion,1,4135.35,4135.35
ORD04800,CUST0056,2026-05-13,Sports & Fitness,2,11055.01,22110.02
ORD00407,CUST0013,2026-05-14,Home & Kitchen,1,3147.56,3147.56
ORD05516,CUST0308,2026-05-14,Sports & Fitness,1,1196.56,1196.56
ORD04557,CUST0223,2026-05-14,Electronics,2,30612.72,61225.44
ORD05029,CUST0386,2026-05-14,Home & Kitchen,1,3273.76,3273.76
ORD03248,CUST0173,2026-05-14,Fashion,1,3648.67,3648.67
ORD04812,CUST0155,2026-05-14,Electronics,1,17113.24,17113.24
ORD02881,CUST0388,2026-05-14,Beauty & Personal Care,1,1762.68,1762.68
ORD00822,CUST0298,2026-05-14,Beauty & Personal Care,1,1045.43,1045.43
ORD05576,CUST0378,2026-05-14,Sports & Fitness,1,5452.72,5452.72
ORD04314,CUST0350,2026-05-14,Sports & Fitness,1,2023.25,2023.25
ORD03869,CUST0263,2026-05-14,Sports & Fitness,1,5517.07,5517.07
ORD02188,CUST0157,2026-05-14,Fashion,1,3188.49,3188.49
ORD05448,CUST0006,2026-05-14,Electronics,3,24637.96,73913.88
ORD03829,CUST0007,2026-05-14,Home & Kitchen,2,4228.48,8456.96
ORD04285,CUST0216,2026-05-14,Sports & Fitness,1,5082.61,5082.61
ORD00196,CUST0289,2026-05-14,Beauty & Personal Care,1,2098.04,2098.04
ORD00234,CUST0285,2026-05-14,Fashion,2,4929.48,9858.96
ORD04503,CUST0252,2026-05-14,Books,2,165.09,330.18
ORD02174,CUST0347,2026-05-14,Beauty & Personal Care,1,327.43,327.43
ORD00959,CUST0244,2026-05-14,Beauty & Personal Care,1,486.13,486.13
ORD04163,CUST0135,2026-05-14,Beauty & Personal Care,1,966.62,966.62
ORD00212,CUST0052,2026-05-14,Electronics,1,22738.49,22738.49
ORD04182,CUST0395,2026-05-14,Sports & Fitness,1,4389.49,4389.49
ORD05164,CUST0215,2026-05-14,Home & Kitchen,1,7956.51,7956.51
ORD02687,CUST0355,2026-05-14,Fashion,1,854.79,854.79
ORD03946,CUST0027,2026-05-14,Sports & Fitness,1,1263.33,1263.33
ORD01845,CUST0180,2026-05-15,Sports & Fitness,1,10895.79,10895.79
ORD01157,CUST0237,2026-05-15,Beauty & Personal Care,1,3226.35,3226.35
ORD01402,CUST0297,2026-05-15,Electronics,1,36853.88,36853.88
ORD00326,CUST0210,2026-05-15,Home & Kitchen,2,3433.68,6867.36
ORD00097,CUST0163,2026-05-15,Home & Kitchen,1,5878.05,5878.05
ORD04644,CUST0019,2026-05-15,Home & Kitchen,1,848.62,848.62
ORD00135,CUST0313,2026-05-15,Fashion,2,3104.27,6208.54
ORD01974,CUST0322,2026-05-15,Electronics,1,12499.19,12499.19
ORD00767,CUST0390,2026-05-15,Home & Kitchen,1,7905.67,7905.67
ORD02485,CUST0292,2026-05-15,Electronics,1,20259.19,20259.19
ORD02632,CUST0083,2026-05-15,Sports & Fitness,3,916.93,2750.79
ORD01967,CUST0059,2026-05-15,Electronics,2,29341.32,58682.64
ORD01750,CUST0047,2026-05-15,Electronics,1,12854.75,12854.75
ORD02559,CUST0020,2026-05-15,Sports & Fitness,1,989.03,989.03
ORD01690,CUST0391,2026-05-15,Beauty & Personal Care,1,3481.15,3481.15
ORD02799,CUST0048,2026-05-15,Books,1,1080.95,1080.95
ORD03595,CUST0007,2026-05-15,Sports & Fitness,1,2154.46,2154.46
ORD04046,CUST0397,2026-05-16,Electronics,1,23228.11,23228.11
ORD02601,CUST0077,2026-05-16,Home & Kitchen,1,1519.47,1519.47
ORD01609,CUST0342,2026-05-16,Fashion,1,2586.37,2586.37
ORD05033,CUST0255,2026-05-16,Electronics,1,34910.62,34910.62
ORD00415,CUST0387,2026-05-16,Electronics,1,6910.03,6910.03
ORD04581,CUST0310,2026-05-16,Electronics,1,12837.25,12837.25
ORD00083,CUST0224,2026-05-16,Sports & Fitness,1,6335.88,6335.88
ORD00821,CUST0189,2026-05-16,Sports & Fitness,1,717.87,717.87
ORD04407,CUST0103,2026-05-16,Books,1,1141.97,1141.97
ORD03203,CUST0161,2026-05-16,Sports & Fitness,2,2751.41,5502.82
ORD04651,CUST0131,2026-05-16,Electronics,1,39380.99,39380.99
ORD02921,CUST0390,2026-05-16,Home & Kitchen,1,2636.79,2636.79
ORD01195,CUST0221,2026-05-16,Electronics,1,39064.72,39064.72
ORD04006,CUST0317,2026-05-16,Home & Kitchen,1,6024.07,6024.07
ORD02880,CUST0247,2026-05-16,Home & Kitchen,1,6835.27,6835.27
ORD00175,CUST0042,2026-05-16,Home & Kitchen,1,4897.26,4897.26
ORD01048,CUST0114,2026-05-16,Fashion,2,4007.65,8015.3
ORD01569,CUST0038,2026-05-16,Beauty & Personal Care,1,408.77,408.77
ORD01479,CUST0221,2026-05-16,Sports & Fitness,1,5305.94,5305.94
ORD00498,CUST0266,2026-05-16,Sports & Fitness,1,11387.44,11387.44
ORD04547,CUST0068,2026-05-17,Sports & Fitness,3,11777.52,35332.56
ORD03732,CUST0260,2026-05-17,Beauty & Personal Care,1,1033.64,1033.64
ORD04778,CUST0246,2026-05-17,Sports & Fitness,2,8353.78,16707.56
ORD02315,CUST0385,2026-05-17,Sports & Fitness,2,1286.0,2572.0
ORD03325,CUST0114,2026-05-17,Sports & Fitness,1,9238.61,9238.61
ORD05077,CUST0033,2026-05-17,Electronics,1,9471.63,9471.63
ORD04118,CUST0380,2026-05-17,Electronics,1,14104.54,14104.54
ORD04634,CUST0117,2026-05-17,Sports & Fitness,1,2585.15,2585.15
ORD02263,CUST0391,2026-05-17,Fashion,1,2471.79,2471.79
ORD04091,CUST0140,2026-05-17,Beauty & Personal Care,1,2353.37,2353.37
ORD05298,CUST0060,2026-05-17,Sports & Fitness,1,9826.4,9826.4
ORD01691,CUST0246,2026-05-17,Fashion,1,1822.89,1822.89
ORD04608,CUST0113,2026-05-17,Fashion,1,774.69,774.69
ORD01028,CUST0117,2026-05-17,Home & Kitchen,1,4290.75,4290.75
ORD01711,CUST0159,2026-05-17,Sports & Fitness,1,609.7,609.7
ORD01067,CUST0301,2026-05-17,Books,1,334.68,334.68
ORD01020,CUST0291,2026-05-17,Fashion,1,1795.1,1795.1
ORD01854,CUST0107,2026-05-17,Electronics,1,41865.14,41865.14
ORD02818,CUST0196,2026-05-17,Electronics,2,42219.2,84438.4
ORD01941,CUST0280,2026-05-17,Beauty & Personal Care,2,2189.91,4379.82
ORD04400,CUST0033,2026-05-18,Electronics,1,15956.81,15956.81
ORD05594,CUST0101,2026-05-18,Sports & Fitness,1,8580.51,8580.51
ORD00384,CUST0259,2026-05-18,Fashion,1,703.65,703.65
ORD01505,CUST0254,2026-05-18,Electronics,1,32876.0,32876.0
ORD01173,CUST0101,2026-05-18,Electronics,1,21077.79,21077.79
ORD02368,CUST0271,2026-05-18,Electronics,1,16451.26,16451.26
ORD01777,CUST0095,2026-05-18,Electronics,2,13352.32,26704.64
ORD04571,CUST0296,2026-05-18,Sports & Fitness,2,9150.97,18301.94
ORD01263,CUST0089,2026-05-18,Home & Kitchen,1,5667.0,5667.0
ORD04860,CUST0168,2026-05-18,Home & Kitchen,1,6178.53,6178.53
ORD00261,CUST0295,2026-05-19,Books,1,812.73,812.73
ORD01184,CUST0063,2026-05-19,Electronics,1,13155.51,13155.51
ORD05246,CUST0319,2026-05-19,Electronics,2,15883.13,31766.26
ORD00527,CUST0313,2026-05-19,Books,2,1029.8,2059.6
ORD03169,CUST0180,2026-05-19,Sports & Fitness,1,3499.56,3499.56
ORD01405,CUST0250,2026-05-19,Home & Kitchen,1,3431.1,3431.1
ORD05019,CUST0240,2026-05-19,Home & Kitchen,1,635.39,635.39
ORD01510,CUST0228,2026-05-19,Electronics,2,3824.41,7648.82
ORD04215,CUST0100,2026-05-19,Books,1,186.05,186.05
ORD02332,CUST0010,2026-05-19,Fashion,2,4493.83,8987.66
ORD00027,CUST0053,2026-05-19,Home & Kitchen,1,6258.53,6258.53
ORD04765,CUST0013,2026-05-19,Electronics,1,14830.1,14830.1
ORD03824,CUST0099,2026-05-19,Sports & Fitness,1,3019.41,3019.41
ORD05350,CUST0201,2026-05-19,Sports & Fitness,1,3753.78,3753.78
ORD04117,CUST0312,2026-05-19,Sports & Fitness,1,9681.56,9681.56
ORD02544,CUST0321,2026-05-20,Fashion,1,2477.97,2477.97
ORD02119,CUST0120,2026-05-20,Beauty & Personal Care,1,1079.97,1079.97
ORD03332,CUST0341,2026-05-20,Fashion,1,2794.76,2794.76
ORD04270,CUST0230,2026-05-20,Fashion,1,2703.59,2703.59
ORD04806,CUST0038,2026-05-20,Fashion,1,3498.83,3498.83
ORD04848,CUST0388,2026-05-20,Home & Kitchen,1,7429.01,7429.01
ORD00474,CUST0049,2026-05-20,Books,1,315.19,315.19
ORD01245,CUST0171,2026-05-20,Electronics,1,13179.96,13179.96
ORD00503,CUST0054,2026-05-20,Beauty & Personal Care,1,536.25,536.25
ORD03168,CUST0063,2026-05-20,Fashion,1,4791.24,4791.24
ORD05384,CUST0297,2026-05-20,Books,1,892.56,892.56
ORD00283,CUST0197,2026-05-20,Home & Kitchen,1,3778.07,3778.07
ORD05178,CUST0022,2026-05-20,Electronics,1,40464.81,40464.81
ORD02293,CUST0200,2026-05-20,Books,1,434.71,434.71
ORD05075,CUST0001,2026-05-21,Fashion,1,2471.37,2471.37
ORD03757,CUST0004,2026-05-21,Electronics,1,3658.94,3658.94
ORD02086,CUST0286,2026-05-21,Sports & Fitness,1,9769.94,9769.94
ORD03610,CUST0076,2026-05-21,Electronics,1,11140.0,11140.0
ORD02166,CUST0207,2026-05-21,Fashion,1,3160.07,3160.07
ORD01627,CUST0304,2026-05-21,Sports & Fitness,1,682.14,682.14
ORD03720,CUST0147,2026-05-21,Electronics,1,43741.36,43741.36
ORD00287,CUST0363,2026-05-21,Fashion,2,2070.26,4140.52
ORD00694,CUST0380,2026-05-21,Electronics,1,23823.46,23823.46
ORD03074,CUST0116,2026-05-21,Sports & Fitness,3,8227.86,24683.58
ORD00676,CUST0125,2026-05-22,Electronics,1,21710.67,21710.67
ORD04010,CUST0019,2026-05-22,Home & Kitchen,1,5123.01,5123.01
ORD00594,CUST0380,2026-05-22,Beauty & Personal Care,1,2760.51,2760.51
ORD05034,CUST0294,2026-05-22,Electronics,1,34827.55,34827.55
ORD02899,CUST0050,2026-05-22,Sports & Fitness,1,1341.51,1341.51
ORD04089,CUST0385,2026-05-22,Home & Kitchen,3,7479.11,22437.33
ORD00623,CUST0229,2026-05-22,Beauty & Personal Care,1,2793.18,2793.18
ORD01200,CUST0242,2026-05-22,Beauty & Personal Care,1,1692.31,1692.31
ORD00570,CUST0176,2026-05-22,Home & Kitchen,1,4740.61,4740.61
ORD04957,CUST0340,2026-05-22,Sports & Fitness,1,5746.68,5746.68
ORD03275,CUST0357,2026-05-22,Home & Kitchen,1,3956.95,3956.95
ORD00021,CUST0120,2026-05-22,Electronics,1,12077.99,12077.99
ORD04465,CUST0357,2026-05-22,Beauty & Personal Care,1,1687.7,1687.7
ORD02762,CUST0198,2026-05-22,Home & Kitchen,1,6506.07,6506.07
ORD00380,CUST0067,2026-05-22,Beauty & Personal Care,1,496.38,496.38
ORD04048,CUST0118,2026-05-22,Fashion,1,1691.74,1691.74
ORD03427,CUST0170,2026-05-23,Fashion,1,3118.39,3118.39
ORD05159,CUST0047,2026-05-23,Fashion,2,2682.87,5365.74
ORD02261,CUST0397,2026-05-23,Sports & Fitness,1,2994.85,2994.85
ORD04062,CUST0160,2026-05-23,Books,1,506.66,506.66
ORD01818,CUST0342,2026-05-23,Sports & Fitness,1,3561.69,3561.69
ORD01810,CUST0246,2026-05-23,Electronics,1,24144.82,24144.82
ORD01907,CUST0266,2026-05-23,Home & Kitchen,1,5603.51,5603.51
ORD03398,CUST0276,2026-05-23,Books,1,586.26,586.26
ORD01057,CUST0080,2026-05-23,Electronics,1,34414.12,34414.12
ORD05419,CUST0198,2026-05-23,Sports & Fitness,1,1354.78,1354.78
ORD03868,CUST0338,2026-05-23,Electronics,1,17715.8,17715.8
ORD05397,CUST0252,2026-05-23,Sports & Fitness,1,9023.26,9023.26
ORD03367,CUST0147,2026-05-23,Electronics,3,24795.03,74385.09
ORD03742,CUST0359,2026-05-23,Home & Kitchen,2,5645.93,11291.86
ORD03821,CUST0089,2026-05-23,Books,3,737.91,2213.73
ORD02540,CUST0105,2026-05-23,Fashion,2,1102.2,2204.4
ORD04844,CUST0106,2026-05-23,Home & Kitchen,1,2563.64,2563.64
ORD05125,CUST0183,2026-05-23,Fashion,1,3738.26,3738.26
ORD02597,CUST0246,2026-05-23,Beauty & Personal Care,1,865.63,865.63
ORD03219,CUST0369,2026-05-24,Electronics,1,29893.47,29893.47
ORD05074,CUST0119,2026-05-24,Home & Kitchen,1,7799.06,7799.06
ORD02951,CUST0260,2026-05-24,Sports & Fitness,1,10655.81,10655.81
ORD01769,CUST0265,2026-05-24,Beauty & Personal Care,1,1751.98,1751.98
ORD04444,CUST0188,2026-05-24,Home & Kitchen,1,3362.9,3362.9
ORD05097,CUST0278,2026-05-24,Home & Kitchen,3,3877.77,11633.31
ORD03603,CUST0387,2026-05-24,Sports & Fitness,1,3426.94,3426.94
ORD03504,CUST0118,2026-05-24,Home & Kitchen,1,891.1,891.1
ORD05197,CUST0232,2026-05-24,Home & Kitchen,1,811.63,811.63
ORD01726,CUST0187,2026-05-24,Beauty & Personal Care,1,1631.29,1631.29
ORD00226,CUST0374,2026-05-24,Sports & Fitness,3,3867.45,11602.35
ORD04038,CUST0013,2026-05-24,Books,2,603.37,1206.74
ORD03448,CUST0327,2026-05-24,Fashion,1,3443.25,3443.25
ORD01453,CUST0028,2026-05-24,Fashion,1,2441.74,2441.74
ORD02121,CUST0102,2026-05-24,Sports & Fitness,1,5780.33,5780.33
ORD01314,CUST0080,2026-05-24,Home & Kitchen,1,3368.29,3368.29
ORD02443,CUST0275,2026-05-24,Fashion,1,841.4,841.4
ORD04192,CUST0133,2026-05-24,Electronics,1,33612.52,33612.52
ORD05480,CUST0337,2026-05-24,Electronics,2,18540.14,37080.28
ORD02556,CUST0232,2026-05-24,Electronics,1,15345.94,15345.94
ORD05577,CUST0249,2026-05-24,Home & Kitchen,1,7191.84,7191.84
ORD00059,CUST0065,2026-05-24,Electronics,1,16132.12,16132.12
ORD03700,CUST0259,2026-05-24,Home & Kitchen,1,7558.39,7558.39
ORD02774,CUST0138,2026-05-24,Home & Kitchen,1,6262.87,6262.87
ORD00017,CUST0087,2026-05-24,Home & Kitchen,1,5258.8,5258.8
ORD02024,CUST0245,2026-05-25,Books,1,587.68,587.68
ORD05451,CUST0051,2026-05-25,Fashion,1,2201.86,2201.86
ORD04437,CUST0323,2026-05-25,Beauty & Personal Care,1,232.98,232.98
ORD04992,CUST0292,2026-05-25,Fashion,1,491.48,491.48
ORD04214,CUST0312,2026-05-25,Fashion,1,1103.78,1103.78
ORD00746,CUST0275,2026-05-25,Books,1,1011.07,1011.07
ORD04758,CUST0316,2026-05-25,Beauty & Personal Care,1,1989.56,1989.56
ORD01242,CUST0290,2026-05-25,Books,1,1167.39,1167.39
ORD03371,CUST0384,2026-05-25,Fashion,1,4943.76,4943.76
ORD03414,CUST0210,2026-05-25,Fashion,2,2834.58,5669.16
ORD02555,CUST0245,2026-05-25,Books,1,348.2,348.2
ORD01164,CUST0087,2026-05-25,Sports & Fitness,1,9547.31,9547.31
ORD00107,CUST0377,2026-05-25,Fashion,1,882.68,882.68
ORD03669,CUST0179,2026-05-25,Home & Kitchen,1,1485.5,1485.5
ORD00336,CUST0250,2026-05-26,Books,1,461.56,461.56
ORD00416,CUST0228,2026-05-26,Fashion,1,445.65,445.65
ORD01000,CUST0279,2026-05-26,Electronics,2,38555.3,77110.6
ORD01484,CUST0188,2026-05-26,Home & Kitchen,1,6708.24,6708.24
ORD01277,CUST0052,2026-05-26,Fashion,1,3617.83,3617.83
ORD02999,CUST0366,2026-05-26,Home & Kitchen,1,1801.73,1801.73
ORD04893,CUST0085,2026-05-26,Home & Kitchen,1,4297.63,4297.63
ORD01925,CUST0289,2026-05-26,Fashion,1,2144.14,2144.14
ORD00318,CUST0255,2026-05-26,Fashion,2,4979.01,9958.02
ORD01853,CUST0362,2026-05-26,Fashion,1,2462.49,2462.49
ORD03032,CUST0140,2026-05-26,Books,2,712.73,1425.46
ORD04607,CUST0204,2026-05-26,Home & Kitchen,1,5679.26,5679.26
ORD03492,CUST0343,2026-05-27,Electronics,1,36009.34,36009.34
ORD05483,CUST0364,2026-05-27,Sports & Fitness,1,3419.14,3419.14
ORD00235,CUST0283,2026-05-27,Electronics,1,7230.2,7230.2
ORD00227,CUST0380,2026-05-27,Fashion,2,3841.14,7682.28
ORD05004,CUST0274,2026-05-27,Sports & Fitness,1,6318.64,6318.64
ORD00564,CUST0207,2026-05-27,Books,1,1014.96,1014.96
ORD04923,CUST0098,2026-05-27,Beauty & Personal Care,1,2454.68,2454.68
ORD05511,CUST0300,2026-05-27,Beauty & Personal Care,2,1907.99,3815.98
ORD00292,CUST0059,2026-05-27,Home & Kitchen,3,7977.5,23932.5
ORD02449,CUST0042,2026-05-27,Home & Kitchen,1,1729.15,1729.15
ORD02996,CUST0357,2026-05-27,Home & Kitchen,1,6740.21,6740.21
ORD01577,CUST0285,2026-05-27,Sports & Fitness,1,5712.51,5712.51
ORD03252,CUST0056,2026-05-27,Fashion,2,4430.63,8861.26
ORD02773,CUST0219,2026-05-27,Home & Kitchen,1,6740.04,6740.04
ORD01916,CUST0053,2026-05-27,Fashion,1,4719.9,4719.9
ORD03037,CUST0142,2026-05-27,Home & Kitchen,1,3449.2,3449.2
ORD02705,CUST0099,2026-05-27,Fashion,1,1303.59,1303.59
ORD00845,CUST0273,2026-05-28,Books,1,881.88,881.88
ORD04414,CUST0087,2026-05-28,Books,1,698.7,698.7
ORD01220,CUST0031,2026-05-28,Electronics,1,3214.66,3214.66
ORD04506,CUST0366,2026-05-28,Home & Kitchen,1,2171.59,2171.59
ORD00134,CUST0361,2026-05-28,Home & Kitchen,1,3755.59,3755.59
ORD03132,CUST0233,2026-05-28,Home & Kitchen,2,1688.27,3376.54
ORD01753,CUST0026,2026-05-28,Home & Kitchen,2,1401.73,2803.46
ORD01287,CUST0311,2026-05-28,Sports & Fitness,2,978.91,1957.82
ORD03441,CUST0102,2026-05-28,Fashion,1,2088.58,2088.58
ORD04685,CUST0353,2026-05-28,Sports & Fitness,1,2411.1,2411.1
ORD00310,CUST0083,2026-05-28,Beauty & Personal Care,2,1124.12,2248.24
ORD02390,CUST0145,2026-05-28,Home & Kitchen,1,1412.46,1412.46
ORD04327,CUST0352,2026-05-28,Home & Kitchen,1,2888.2,2888.2
ORD02097,CUST0379,2026-05-28,Fashion,1,2844.26,2844.26
ORD03254,CUST0211,2026-05-28,Sports & Fitness,1,3414.9,3414.9
ORD04286,CUST0016,2026-05-28,Beauty & Personal Care,1,2920.78,2920.78
ORD03896,CUST0049,2026-05-28,Books,1,556.73,556.73
ORD01051,CUST0047,2026-05-29,Books,1,191.79,191.79
ORD03539,CUST0206,2026-05-29,Fashion,1,1148.65,1148.65
ORD03870,CUST0052,2026-05-29,Beauty & Personal Care,1,1402.29,1402.29
ORD00505,CUST0248,2026-05-29,Sports & Fitness,1,6396.35,6396.35
ORD05496,CUST0334,2026-05-29,Sports & Fitness,2,3863.5,7727.0
ORD01630,CUST0251,2026-05-29,Home & Kitchen,1,4545.14,4545.14
ORD03702,CUST0196,2026-05-29,Sports & Fitness,1,6668.02,6668.02
ORD00779,CUST0266,2026-05-29,Books,1,162.96,162.96
ORD02648,CUST0146,2026-05-29,Home & Kitchen,1,1202.99,1202.99
ORD01315,CUST0107,2026-05-29,Home & Kitchen,1,7704.41,7704.41
ORD04362,CUST0221,2026-05-29,Sports & Fitness,1,10864.58,10864.58
ORD00458,CUST0283,2026-05-29,Sports & Fitness,1,5790.03,5790.03
ORD00162,CUST0334,2026-05-29,Electronics,1,22344.47,22344.47
ORD02690,CUST0026,2026-05-29,Sports & Fitness,1,2227.47,2227.47
ORD02159,CUST0374,2026-05-29,Home & Kitchen,1,2635.95,2635.95
ORD02677,CUST0079,2026-05-29,Beauty & Personal Care,1,3318.09,3318.09
ORD01312,CUST0105,2026-05-29,Home & Kitchen,2,5915.15,11830.3
ORD03108,CUST0262,2026-05-29,Beauty & Personal Care,1,2204.2,2204.2
ORD04824,CUST0023,2026-05-29,Home & Kitchen,1,1132.62,1132.62
ORD02054,CUST0028,2026-05-29,Fashion,1,2675.15,2675.15
ORD04452,CUST0066,2026-05-29,Sports & Fitness,1,2068.07,2068.07
ORD05441,CUST0034,2026-05-29,Electronics,1,15577.39,15577.39
ORD00472,CUST0378,2026-05-29,Books,2,634.8,1269.6
ORD05472,CUST0218,2026-05-29,Electronics,2,36632.61,73265.22
ORD04804,CUST0329,2026-05-29,Books,1,1128.52,1128.52
ORD04232,CUST0189,2026-05-30,Electronics,1,11648.65,11648.65
ORD04298,CUST0386,2026-05-30,Electronics,1,37720.97,37720.97
ORD02836,CUST0009,2026-05-30,Electronics,1,40399.35,40399.35
ORD01982,CUST0172,2026-05-30,Beauty & Personal Care,2,3433.95,6867.9
ORD04603,CUST0174,2026-05-30,Home & Kitchen,2,7013.64,14027.28
ORD00468,CUST0162,2026-05-30,Electronics,1,25185.62,25185.62
ORD01153,CUST0291,2026-05-30,Sports & Fitness,1,3839.16,3839.16
ORD04678,CUST0227,2026-05-30,Fashion,2,2434.88,4869.76
ORD04306,CUST0316,2026-05-30,Sports & Fitness,1,4157.07,4157.07
ORD04578,CUST0216,2026-05-30,Fashion,1,1924.46,1924.46
ORD03056,CUST0153,2026-05-30,Fashion,1,1662.0,1662.0
ORD05031,CUST0140,2026-05-30,Fashion,1,3781.81,3781.81
ORD03655,CUST0015,2026-05-30,Electronics,1,1701.88,1701.88
ORD02722,CUST0293,2026-05-30,Beauty & Personal Care,1,1876.92,1876.92
ORD03472,CUST0296,2026-05-30,Beauty & Personal Care,1,3305.39,3305.39
ORD03042,CUST0172,2026-05-30,Electronics,1,23968.29,23968.29
ORD03478,CUST0104,2026-05-30,Fashion,1,3243.5,3243.5
ORD00470,CUST0357,2026-05-31,Fashion,1,1764.18,1764.18
ORD05228,CUST0183,2026-05-31,Sports & Fitness,1,6756.64,6756.64
ORD03176,CUST0010,2026-05-31,Fashion,1,3392.64,3392.64
ORD01408,CUST0110,2026-05-31,Beauty & Personal Care,2,3210.44,6420.88
ORD04914,CUST0167,2026-05-31,Fashion,1,4951.48,4951.48
ORD02190,CUST0192,2026-05-31,Electronics,3,42152.36,126457.08
ORD03081,CUST0225,2026-05-31,Books,1,408.69,408.69
ORD01802,CUST0079,2026-05-31,Home & Kitchen,1,4633.66,4633.66
ORD03125,CUST0217,2026-05-31,Electronics,1,9705.47,9705.47
ORD02020,CUST0189,2026-05-31,Sports & Fitness,2,10821.35,21642.7
ORD00834,CUST0034,2026-05-31,Home & Kitchen,2,6911.98,13823.96
ORD05513,CUST0009,2026-05-31,Beauty & Personal Care,1,2665.32,2665.32
ORD00668,CUST0044,2026-05-31,Beauty & Personal Care,1,2988.05,2988.05
ORD02327,CUST0001,2026-05-31,Home & Kitchen,1,442.82,442.82
ORD03150,CUST0159,2026-05-31,Fashion,1,1584.86,1584.86
ORD02484,CUST0188,2026-05-31,Sports & Fitness,1,8083.09,8083.09
ORD03025,CUST0242,2026-06-01,Fashion,1,595.37,595.37
ORD03261,CUST0080,2026-06-01,Fashion,1,4418.53,4418.53
ORD02403,CUST0106,2026-06-01,Beauty & Personal Care,2,838.16,1676.32
ORD03557,CUST0361,2026-06-01,Fashion,2,3701.04,7402.08
ORD00057,CUST0029,2026-06-01,Beauty & Personal Care,3,2835.98,8507.94
ORD00359,CUST0126,2026-06-01,Sports & Fitness,1,11816.15,11816.15
ORD05123,CUST0063,2026-06-01,Home & Kitchen,1,1590.23,1590.23
ORD03444,CUST0198,2026-06-01,Fashion,1,2513.43,2513.43
ORD03528,CUST0227,2026-06-01,Beauty & Personal Care,1,1068.4,1068.4
ORD05588,CUST0060,2026-06-01,Home & Kitchen,1,1566.53,1566.53
ORD03045,CUST0239,2026-06-01,Sports & Fitness,1,2905.64,2905.64
ORD02565,CUST0123,2026-06-01,Books,1,723.35,723.35
ORD03644,CUST0400,2026-06-01,Fashion,1,2614.58,2614.58
ORD04545,CUST0268,2026-06-01,Books,1,762.88,762.88
ORD00411,CUST0028,2026-06-01,Sports & Fitness,1,11707.81,11707.81
ORD01648,CUST0379,2026-06-02,Sports & Fitness,1,9626.77,9626.77
ORD00903,CUST0319,2026-06-02,Fashion,2,3906.0,7812.0
ORD04748,CUST0353,2026-06-02,Electronics,1,8219.03,8219.03
ORD02983,CUST0344,2026-06-02,Fashion,1,1771.46,1771.46
ORD01244,CUST0303,2026-06-02,Books,1,527.78,527.78
ORD02126,CUST0007,2026-06-02,Fashion,1,2035.01,2035.01
ORD01444,CUST0342,2026-06-02,Books,1,868.07,868.07
ORD02064,CUST0104,2026-06-02,Home & Kitchen,1,5817.46,5817.46
ORD02869,CUST0120,2026-06-02,Home & Kitchen,1,2587.8,2587.8
ORD01962,CUST0255,2026-06-02,Fashion,1,3557.29,3557.29
ORD01448,CUST0329,2026-06-02,Electronics,1,2299.57,2299.57
ORD04276,CUST0262,2026-06-02,Fashion,1,1701.47,1701.47
ORD04111,CUST0032,2026-06-02,Electronics,1,4583.52,4583.52
ORD01148,CUST0238,2026-06-02,Sports & Fitness,2,4421.12,8842.24
ORD02621,CUST0085,2026-06-02,Beauty & Personal Care,1,2081.42,2081.42
ORD04296,CUST0036,2026-06-02,Home & Kitchen,1,2473.8,2473.8
ORD00578,CUST0183,2026-06-03,Fashion,1,4394.69,4394.69
ORD02203,CUST0020,2026-06-03,Books,1,291.46,291.46
ORD04399,CUST0108,2026-06-03,Home & Kitchen,1,7554.95,7554.95
ORD02940,CUST0282,2026-06-03,Books,1,591.07,591.07
ORD02595,CUST0216,2026-06-03,Sports & Fitness,1,10739.86,10739.86
ORD01056,CUST0093,2026-06-03,Fashion,1,3186.47,3186.47
ORD04187,CUST0196,2026-06-03,Beauty & Personal Care,1,1307.57,1307.57
ORD03987,CUST0203,2026-06-03,Fashion,1,1610.54,1610.54
ORD04568,CUST0042,2026-06-03,Home & Kitchen,1,3217.39,3217.39
ORD02602,CUST0160,2026-06-04,Electronics,1,10377.18,10377.18
ORD03269,CUST0255,2026-06-04,Home & Kitchen,1,1218.19,1218.19
ORD04702,CUST0245,2026-06-04,Books,1,155.92,155.92
ORD03322,CUST0038,2026-06-04,Fashion,1,1053.69,1053.69
ORD01867,CUST0326,2026-06-04,Fashion,1,3475.05,3475.05
ORD05231,CUST0114,2026-06-04,Fashion,2,2261.59,4523.18
ORD00169,CUST0010,2026-06-04,Beauty & Personal Care,1,952.66,952.66
ORD03805,CUST0039,2026-06-04,Electronics,1,34368.94,34368.94
ORD00333,CUST0397,2026-06-04,Home & Kitchen,2,4207.07,8414.14
ORD04605,CUST0359,2026-06-04,Books,1,789.94,789.94
ORD00991,CUST0237,2026-06-04,Home & Kitchen,1,3746.15,3746.15
ORD00557,CUST0062,2026-06-04,Books,1,1083.58,1083.58
ORD01686,CUST0301,2026-06-05,Books,3,836.34,2509.02
ORD03961,CUST0179,2026-06-05,Sports & Fitness,1,8434.0,8434.0
ORD03971,CUST0090,2026-06-05,Fashion,1,1018.55,1018.55
ORD02476,CUST0073,2026-06-05,Beauty & Personal Care,1,2816.88,2816.88
ORD05278,CUST0030,2026-06-05,Fashion,1,4213.77,4213.77
ORD00230,CUST0174,2026-06-05,Home & Kitchen,1,7448.05,7448.05
ORD05336,CUST0057,2026-06-05,Sports & Fitness,1,4602.47,4602.47
ORD01812,CUST0310,2026-06-05,Fashion,1,2318.44,2318.44
ORD04542,CUST0295,2026-06-05,Books,3,206.17,618.51
ORD04683,CUST0365,2026-06-05,Sports & Fitness,1,10428.0,10428.0
ORD00087,CUST0219,2026-06-05,Beauty & Personal Care,1,2470.02,2470.02
ORD01286,CUST0280,2026-06-05,Home & Kitchen,1,6403.73,6403.73
ORD03117,CUST0087,2026-06-05,Sports & Fitness,1,6970.67,6970.67
ORD03408,CUST0350,2026-06-05,Fashion,1,4496.14,4496.14
ORD01138,CUST0380,2026-06-05,Home & Kitchen,1,541.34,541.34
ORD03158,CUST0216,2026-06-05,Sports & Fitness,2,9527.38,19054.76
ORD02258,CUST0053,2026-06-05,Electronics,1,29826.87,29826.87
ORD04492,CUST0172,2026-06-06,Electronics,2,26137.93,52275.86
ORD02891,CUST0012,2026-06-06,Home & Kitchen,3,6332.71,18998.13
ORD00565,CUST0340,2026-06-06,Beauty & Personal Care,1,2796.14,2796.14
ORD02558,CUST0220,2026-06-06,Electronics,1,28308.82,28308.82
ORD01518,CUST0333,2026-06-06,Home & Kitchen,1,7401.77,7401.77
ORD02990,CUST0301,2026-06-06,Fashion,1,666.79,666.79
ORD01108,CUST0106,2026-06-06,Home & Kitchen,1,1669.71,1669.71
ORD02001,CUST0249,2026-06-06,Beauty & Personal Care,1,519.94,519.94
ORD05559,CUST0096,2026-06-06,Beauty & Personal Care,1,2937.09,2937.09
ORD01167,CUST0194,2026-06-06,Sports & Fitness,1,6627.74,6627.74
ORD00456,CUST0221,2026-06-06,Fashion,1,2688.68,2688.68
ORD05364,CUST0246,2026-06-06,Sports & Fitness,2,2529.02,5058.04
ORD05378,CUST0005,2026-06-06,Fashion,1,3610.38,3610.38
ORD03874,CUST0270,2026-06-06,Electronics,1,24379.13,24379.13
ORD01581,CUST0088,2026-06-06,Home & Kitchen,1,6125.35,6125.35
ORD02356,CUST0244,2026-06-06,Electronics,2,27523.34,55046.68
ORD02131,CUST0057,2026-06-06,Electronics,1,3120.54,3120.54
ORD03820,CUST0160,2026-06-06,Books,1,1055.56,1055.56
ORD03752,CUST0145,2026-06-07,Fashion,2,4836.51,9673.02
ORD00364,CUST0273,2026-06-07,Beauty & Personal Care,2,696.72,1393.44
ORD02257,CUST0125,2026-06-07,Electronics,1,12444.56,12444.56
ORD01651,CUST0339,2026-06-07,Electronics,1,20693.49,20693.49
ORD04929,CUST0023,2026-06-07,Beauty & Personal Care,1,2774.44,2774.44
ORD01722,CUST0098,2026-06-07,Fashion,1,1667.05,1667.05
ORD05079,CUST0008,2026-06-07,Home & Kitchen,1,3664.75,3664.75
ORD01567,CUST0236,2026-06-07,Home & Kitchen,2,5235.75,10471.5
ORD02817,CUST0265,2026-06-07,Electronics,1,39443.97,39443.97
ORD04980,CUST0246,2026-06-07,Fashion,1,3359.19,3359.19
ORD03776,CUST0381,2026-06-07,Electronics,1,38017.01,38017.01
ORD02334,CUST0268,2026-06-07,Books,1,759.55,759.55
ORD02573,CUST0191,2026-06-07,Home & Kitchen,1,2382.34,2382.34
ORD00489,CUST0218,2026-06-07,Home & Kitchen,3,3626.55,10879.65
ORD05567,CUST0008,2026-06-07,Sports & Fitness,1,11236.03,11236.03
ORD01532,CUST0151,2026-06-08,Books,1,451.16,451.16
ORD00716,CUST0225,2026-06-08,Electronics,2,21686.9,43373.8
ORD02954,CUST0376,2026-06-08,Fashion,1,4496.54,4496.54
ORD01105,CUST0211,2026-06-08,Books,1,510.55,510.55
ORD04588,CUST0163,2026-06-08,Home & Kitchen,3,7370.36,22111.08
ORD02437,CUST0128,2026-06-08,Home & Kitchen,2,1490.14,2980.28
ORD02094,CUST0158,2026-06-08,Home & Kitchen,1,3511.28,3511.28
ORD04156,CUST0117,2026-06-08,Sports & Fitness,1,6330.42,6330.42
ORD02224,CUST0338,2026-06-08,Beauty & Personal Care,1,3034.85,3034.85
ORD04133,CUST0283,2026-06-08,Beauty & Personal Care,3,1432.92,4298.76
ORD04177,CUST0062,2026-06-08,Beauty & Personal Care,1,814.1,814.1
ORD01192,CUST0104,2026-06-08,Fashion,1,1200.3,1200.3
ORD05122,CUST0191,2026-06-08,Books,1,451.27,451.27
ORD01725,CUST0144,2026-06-08,Fashion,1,2870.98,2870.98
ORD01046,CUST0386,2026-06-08,Sports & Fitness,1,7266.21,7266.21
ORD00294,CUST0227,2026-06-08,Sports & Fitness,1,2912.16,2912.16
ORD01320,CUST0290,2026-06-08,Fashion,2,4123.37,8246.74
ORD02099,CUST0120,2026-06-09,Sports & Fitness,1,2302.16,2302.16
ORD03172,CUST0084,2026-06-09,Books,2,852.4,1704.8
ORD01870,CUST0068,2026-06-09,Fashion,1,4451.07,4451.07
ORD02402,CUST0180,2026-06-09,Sports & Fitness,1,9249.14,9249.14
ORD02389,CUST0131,2026-06-09,Home & Kitchen,3,5657.68,16973.04
ORD01998,CUST0175,2026-06-09,Sports & Fitness,1,978.35,978.35
ORD04629,CUST0382,2026-06-09,Electronics,1,9656.26,9656.26
ORD04898,CUST0273,2026-06-09,Electronics,1,1583.33,1583.33
ORD00542,CUST0120,2026-06-09,Home & Kitchen,1,376.84,376.84
ORD05560,CUST0095,2026-06-09,Home & Kitchen,1,4652.71,4652.71
ORD00128,CUST0014,2026-06-09,Books,1,1104.48,1104.48
ORD01949,CUST0108,2026-06-09,Fashion,1,2354.98,2354.98
ORD02081,CUST0348,2026-06-09,Fashion,1,623.41,623.41
ORD03667,CUST0219,2026-06-09,Books,1,223.62,223.62
ORD04186,CUST0302,2026-06-09,Sports & Fitness,1,10857.87,10857.87
ORD03091,CUST0099,2026-06-09,Beauty & Personal Care,1,1643.29,1643.29
ORD01596,CUST0186,2026-06-09,Electronics,1,15907.56,15907.56
ORD04135,CUST0078,2026-06-09,Books,1,716.98,716.98
ORD01162,CUST0182,2026-06-09,Fashion,1,2486.43,2486.43
ORD03715,CUST0362,2026-06-10,Home & Kitchen,1,1090.97,1090.97
ORD02038,CUST0336,2026-06-10,Fashion,2,1592.5,3185.0
ORD05454,CUST0126,2026-06-10,Beauty & Personal Care,1,879.89,879.89
ORD03583,CUST0218,2026-06-10,Fashion,1,3606.16,3606.16
ORD01375,CUST0023,2026-06-10,Beauty & Personal Care,1,1921.75,1921.75
ORD04045,CUST0158,2026-06-10,Sports & Fitness,3,3201.68,9605.04
ORD00479,CUST0147,2026-06-10,Fashion,3,945.06,2835.18
ORD01438,CUST0336,2026-06-10,Home & Kitchen,1,624.94,624.94
ORD04098,CUST0381,2026-06-10,Sports & Fitness,1,2964.55,2964.55
ORD05514,CUST0328,2026-06-10,Electronics,1,38195.05,38195.05
ORD02073,CUST0107,2026-06-10,Home & Kitchen,1,2407.57,2407.57
ORD00497,CUST0233,2026-06-10,Books,1,891.96,891.96
ORD01950,CUST0337,2026-06-10,Fashion,1,1913.03,1913.03
ORD05510,CUST0016,2026-06-10,Fashion,1,4156.4,4156.4
ORD05284,CUST0249,2026-06-10,Sports & Fitness,2,10159.28,20318.56
ORD02459,CUST0259,2026-06-10,Electronics,1,18540.16,18540.16
ORD04080,CUST0315,2026-06-11,Home & Kitchen,2,3616.71,7233.42
ORD00837,CUST0090,2026-06-11,Sports & Fitness,1,10406.31,10406.31
ORD00347,CUST0375,2026-06-11,Home & Kitchen,1,6859.18,6859.18
ORD01558,CUST0021,2026-06-11,Beauty & Personal Care,1,3442.84,3442.84
ORD00136,CUST0165,2026-06-11,Electronics,1,33533.49,33533.49
ORD03513,CUST0117,2026-06-11,Books,2,189.09,378.18
ORD05186,CUST0222,2026-06-11,Sports & Fitness,2,4579.64,9159.28
ORD01535,CUST0254,2026-06-11,Beauty & Personal Care,1,742.93,742.93
ORD03741,CUST0286,2026-06-11,Home & Kitchen,1,4353.38,4353.38
ORD04440,CUST0271,2026-06-11,Fashion,1,1144.41,1144.41
ORD01747,CUST0120,2026-06-11,Beauty & Personal Care,1,3020.24,3020.24
ORD04649,CUST0391,2026-06-11,Electronics,1,41535.67,41535.67
ORD01997,CUST0221,2026-06-11,Sports & Fitness,3,9631.7,28895.1
ORD05037,CUST0048,2026-06-12,Home & Kitchen,1,2035.09,2035.09
ORD02738,CUST0216,2026-06-12,Fashion,1,4937.56,4937.56
ORD04053,CUST0329,2026-06-12,Home & Kitchen,1,7578.78,7578.78
ORD02422,CUST0279,2026-06-12,Books,3,887.41,2662.23
ORD05318,CUST0122,2026-06-12,Electronics,2,26836.84,53673.68
ORD03898,CUST0347,2026-06-12,Sports & Fitness,1,7467.95,7467.95
ORD04216,CUST0357,2026-06-12,Books,1,450.26,450.26
ORD00735,CUST0325,2026-06-12,Electronics,1,25375.97,25375.97
ORD00948,CUST0255,2026-06-12,Home & Kitchen,1,4267.85,4267.85
ORD04016,CUST0214,2026-06-12,Electronics,1,11646.71,11646.71
ORD03990,CUST0055,2026-06-12,Home & Kitchen,1,1687.8,1687.8
ORD05145,CUST0200,2026-06-12,Sports & Fitness,1,7958.92,7958.92
ORD01337,CUST0310,2026-06-12,Beauty & Personal Care,1,1465.77,1465.77
ORD01111,CUST0176,2026-06-13,Beauty & Personal Care,1,2516.87,2516.87
ORD04061,CUST0373,2026-06-13,Electronics,1,4292.35,4292.35
ORD02377,CUST0190,2026-06-13,Home & Kitchen,1,7257.41,7257.41
ORD01923,CUST0094,2026-06-13,Beauty & Personal Care,1,1019.95,1019.95
ORD01700,CUST0052,2026-06-13,Sports & Fitness,1,7340.58,7340.58
ORD02683,CUST0275,2026-06-13,Electronics,1,43216.81,43216.81
ORD00625,CUST0094,2026-06-13,Beauty & Personal Care,1,2739.18,2739.18
ORD01300,CUST0202,2026-06-13,Fashion,1,418.89,418.89
ORD04223,CUST0011,2026-06-13,Fashion,2,4691.6,9383.2
ORD02095,CUST0164,2026-06-13,Electronics,1,26105.55,26105.55
ORD02189,CUST0085,2026-06-13,Electronics,1,13824.04,13824.04
ORD00298,CUST0190,2026-06-13,Electronics,2,32472.61,64945.22
ORD05078,CUST0390,2026-06-13,Home & Kitchen,2,3322.27,6644.54
ORD01278,CUST0152,2026-06-14,Books,1,700.91,700.91
ORD01474,CUST0131,2026-06-14,Home & Kitchen,1,2141.93,2141.93
ORD01914,CUST0209,2026-06-14,Beauty & Personal Care,1,668.38,668.38
ORD01447,CUST0107,2026-06-14,Electronics,1,36746.27,36746.27
ORD01582,CUST0141,2026-06-14,Electronics,1,38014.25,38014.25
ORD03030,CUST0311,2026-06-14,Sports & Fitness,1,9457.27,9457.27
ORD03582,CUST0091,2026-06-14,Home & Kitchen,1,3215.79,3215.79
ORD04154,CUST0304,2026-06-14,Electronics,1,23725.48,23725.48
ORD03917,CUST0021,2026-06-14,Fashion,1,4194.25,4194.25
ORD04879,CUST0132,2026-06-14,Beauty & Personal Care,1,450.76,450.76
ORD04078,CUST0263,2026-06-14,Fashion,1,3964.12,3964.12
ORD04443,CUST0028,2026-06-14,Books,1,475.08,475.08
ORD04969,CUST0212,2026-06-14,Electronics,1,22207.92,22207.92
ORD04511,CUST0190,2026-06-14,Home & Kitchen,2,4493.02,8986.04
ORD03302,CUST0024,2026-06-14,Home & Kitchen,2,2543.8,5087.6
ORD02859,CUST0237,2026-06-14,Home & Kitchen,1,2294.29,2294.29
ORD04114,CUST0335,2026-06-14,Books,1,1181.35,1181.35
ORD00817,CUST0088,2026-06-14,Electronics,1,24036.37,24036.37
ORD02950,CUST0339,2026-06-14,Electronics,2,40420.06,80840.12
ORD04113,CUST0149,2026-06-14,Beauty & Personal Care,1,2389.55,2389.55
ORD04525,CUST0354,2026-06-14,Electronics,1,37978.03,37978.03
ORD01764,CUST0384,2026-06-15,Home & Kitchen,1,3314.2,3314.2
ORD04481,CUST0024,2026-06-15,Home & Kitchen,1,2788.86,2788.86
ORD00188,CUST0226,2026-06-15,Electronics,1,37433.94,37433.94
ORD02432,CUST0024,2026-06-15,Beauty & Personal Care,1,3177.74,3177.74
ORD01292,CUST0253,2026-06-15,Fashion,1,3710.06,3710.06
ORD00630,CUST0392,2026-06-15,Electronics,1,33020.03,33020.03
ORD05225,CUST0281,2026-06-15,Beauty & Personal Care,1,2285.26,2285.26
ORD00734,CUST0201,2026-06-15,Sports & Fitness,1,11512.76,11512.76
ORD04997,CUST0281,2026-06-15,Electronics,1,35991.89,35991.89
ORD05377,CUST0356,2026-06-15,Sports & Fitness,2,4982.77,9965.54
ORD05022,CUST0397,2026-06-15,Home & Kitchen,1,1817.02,1817.02
ORD02144,CUST0227,2026-06-16,Home & Kitchen,1,7778.99,7778.99
ORD01149,CUST0189,2026-06-16,Sports & Fitness,1,5140.48,5140.48
ORD04933,CUST0225,2026-06-16,Beauty & Personal Care,1,2599.44,2599.44
ORD00274,CUST0043,2026-06-16,Fashion,2,927.94,1855.88
ORD04598,CUST0131,2026-06-16,Home & Kitchen,1,3505.21,3505.21
ORD02440,CUST0341,2026-06-16,Beauty & Personal Care,1,1658.48,1658.48
ORD00531,CUST0122,2026-06-16,Home & Kitchen,1,3489.35,3489.35
ORD01446,CUST0391,2026-06-16,Beauty & Personal Care,1,279.88,279.88
ORD03178,CUST0318,2026-06-16,Fashion,1,3813.63,3813.63
ORD05172,CUST0272,2026-06-16,Electronics,1,28802.42,28802.42
ORD02517,CUST0215,2026-06-16,Fashion,1,1846.91,1846.91
ORD01268,CUST0334,2026-06-16,Home & Kitchen,1,2224.13,2224.13
ORD02623,CUST0200,2026-06-16,Electronics,1,40419.9,40419.9
ORD03706,CUST0175,2026-06-16,Fashion,1,3226.39,3226.39
ORD01423,CUST0357,2026-06-16,Fashion,1,646.45,646.45
ORD03267,CUST0283,2026-06-17,Fashion,1,782.69,782.69
ORD01392,CUST0262,2026-06-17,Beauty & Personal Care,1,2575.87,2575.87
ORD03393,CUST0230,2026-06-17,Sports & Fitness,1,11169.37,11169.37
ORD01733,CUST0130,2026-06-17,Fashion,1,512.61,512.61
ORD00508,CUST0314,2026-06-17,Electronics,1,21463.91,21463.91
ORD03823,CUST0070,2026-06-17,Electronics,1,29458.91,29458.91
ORD04022,CUST0271,2026-06-17,Fashion,1,3863.8,3863.8
ORD01190,CUST0210,2026-06-17,Fashion,1,3806.34,3806.34
ORD00706,CUST0068,2026-06-17,Electronics,1,20836.98,20836.98
ORD00217,CUST0343,2026-06-17,Home & Kitchen,1,3765.96,3765.96
ORD05386,CUST0275,2026-06-17,Fashion,1,4159.39,4159.39
ORD04072,CUST0010,2026-06-18,Home & Kitchen,1,1430.31,1430.31
ORD03547,CUST0352,2026-06-18,Electronics,1,2908.03,2908.03
ORD00574,CUST0356,2026-06-18,Electronics,2,2246.02,4492.04
ORD00493,CUST0022,2026-06-18,Home & Kitchen,1,2513.45,2513.45
ORD00854,CUST0273,2026-06-18,Beauty & Personal Care,1,3015.7,3015.7
ORD01851,CUST0190,2026-06-18,Beauty & Personal Care,1,2993.63,2993.63
ORD00683,CUST0267,2026-06-18,Beauty & Personal Care,1,1520.7,1520.7
ORD03809,CUST0076,2026-06-18,Sports & Fitness,1,4675.69,4675.69
ORD00573,CUST0304,2026-06-18,Electronics,1,17178.57,17178.57
ORD00329,CUST0189,2026-06-18,Fashion,1,2581.73,2581.73
ORD00875,CUST0198,2026-06-18,Sports & Fitness,2,991.51,1983.02
ORD02926,CUST0218,2026-06-18,Books,1,524.06,524.06
ORD04472,CUST0252,2026-06-18,Electronics,1,34190.57,34190.57
ORD00044,CUST0102,2026-06-18,Sports & Fitness,1,9693.28,9693.28
ORD04142,CUST0073,2026-06-18,Fashion,1,2638.33,2638.33
ORD02061,CUST0361,2026-06-18,Sports & Fitness,1,10559.07,10559.07
ORD01058,CUST0232,2026-06-19,Electronics,1,9514.82,9514.82
ORD05591,CUST0246,2026-06-19,Sports & Fitness,1,8912.24,8912.24
ORD00696,CUST0284,2026-06-19,Sports & Fitness,1,11199.58,11199.58
ORD01359,CUST0049,2026-06-19,Fashion,2,3468.37,6936.74
ORD03386,CUST0271,2026-06-19,Fashion,1,3778.46,3778.46
ORD01421,CUST0202,2026-06-19,Electronics,1,7914.19,7914.19
ORD03969,CUST0066,2026-06-19,Books,1,826.6,826.6
ORD02118,CUST0096,2026-06-19,Home & Kitchen,1,5641.81,5641.81
ORD02349,CUST0351,2026-06-19,Home & Kitchen,1,4593.85,4593.85
ORD00225,CUST0378,2026-06-19,Fashion,1,3963.32,3963.32
ORD02639,CUST0006,2026-06-19,Electronics,1,44235.43,44235.43
ORD03155,CUST0135,2026-06-19,Fashion,1,1164.59,1164.59
ORD04668,CUST0185,2026-06-19,Fashion,2,3381.44,6762.88
ORD00987,CUST0385,2026-06-19,Fashion,2,2190.36,4380.72
ORD04408,CUST0129,2026-06-19,Electronics,1,43720.17,43720.17
ORD04559,CUST0212,2026-06-19,Fashion,1,2434.44,2434.44
ORD01217,CUST0093,2026-06-19,Sports & Fitness,1,10919.22,10919.22
ORD00698,CUST0275,2026-06-20,Sports & Fitness,1,6070.5,6070.5
ORD01634,CUST0380,2026-06-20,Books,1,192.63,192.63
ORD00921,CUST0154,2026-06-20,Electronics,1,7613.8,7613.8
ORD02193,CUST0271,2026-06-20,Electronics,1,40160.47,40160.47
ORD02672,CUST0094,2026-06-20,Electronics,1,4143.46,4143.46
ORD01898,CUST0112,2026-06-20,Books,1,322.86,322.86
ORD03626,CUST0390,2026-06-20,Fashion,1,2520.69,2520.69
ORD00588,CUST0075,2026-06-20,Sports & Fitness,1,7889.64,7889.64
ORD05332,CUST0333,2026-06-20,Beauty & Personal Care,1,2684.12,2684.12
ORD00053,CUST0039,2026-06-20,Fashion,1,2428.75,2428.75
ORD04532,CUST0152,2026-06-20,Sports & Fitness,1,6366.21,6366.21
ORD05380,CUST0372,2026-06-20,Home & Kitchen,3,4630.11,13890.33
ORD05245,CUST0105,2026-06-20,Sports & Fitness,1,7053.4,7053.4
ORD05259,CUST0074,2026-06-20,Home & Kitchen,1,6326.21,6326.21
ORD02325,CUST0046,2026-06-20,Fashion,1,4620.61,4620.61
ORD04390,CUST0312,2026-06-20,Home & Kitchen,1,5609.76,5609.76
ORD04280,CUST0131,2026-06-21,Home & Kitchen,1,1272.59,1272.59
ORD00278,CUST0319,2026-06-21,Sports & Fitness,1,5781.26,5781.26
ORD01460,CUST0316,2026-06-21,Fashion,3,4408.13,13224.39
ORD00649,CUST0302,2026-06-21,Books,1,1147.39,1147.39
ORD03827,CUST0045,2026-06-21,Electronics,2,19074.29,38148.58
ORD02554,CUST0126,2026-06-21,Sports & Fitness,1,5775.84,5775.84
ORD04341,CUST0243,2026-06-21,Electronics,1,3257.39,3257.39
ORD00143,CUST0336,2026-06-21,Electronics,1,2803.85,2803.85
ORD00562,CUST0061,2026-06-21,Fashion,1,3329.1,3329.1
ORD02721,CUST0281,2026-06-21,Electronics,1,26243.61,26243.61
ORD04507,CUST0361,2026-06-21,Home & Kitchen,3,449.63,1348.89
ORD02467,CUST0349,2026-06-21,Fashion,2,3053.84,6107.68
ORD04527,CUST0169,2026-06-21,Sports & Fitness,1,2708.72,2708.72
ORD03423,CUST0399,2026-06-21,Beauty & Personal Care,1,2217.39,2217.39
ORD02068,CUST0079,2026-06-21,Fashion,1,1165.03,1165.03
ORD05608,CUST0311,2026-06-22,Fashion,3,2144.54,6433.62
ORD01946,CUST0330,2026-06-22,Books,1,1008.12,1008.12
ORD02299,CUST0249,2026-06-22,Home & Kitchen,1,7633.87,7633.87
ORD04284,CUST0003,2026-06-22,Beauty & Personal Care,2,2097.21,4194.42
ORD05485,CUST0032,2026-06-22,Fashion,2,2214.18,4428.36
ORD05222,CUST0307,2026-06-22,Sports & Fitness,3,4428.21,13284.63
ORD01246,CUST0327,2026-06-22,Electronics,1,13547.53,13547.53
ORD01593,CUST0251,2026-06-22,Books,2,419.97,839.94
ORD05027,CUST0302,2026-06-22,Fashion,1,3711.72,3711.72
ORD05392,CUST0248,2026-06-22,Fashion,1,4523.91,4523.91
ORD00126,CUST0268,2026-06-22,Home & Kitchen,2,4861.1,9722.2
ORD01384,CUST0299,2026-06-22,Sports & Fitness,1,2938.52,2938.52
ORD05135,CUST0125,2026-06-22,Home & Kitchen,1,4594.6,4594.6
ORD05304,CUST0008,2026-06-22,Electronics,1,3882.06,3882.06
ORD02240,CUST0069,2026-06-23,Beauty & Personal Care,1,631.4,631.4
ORD01971,CUST0356,2026-06-23,Home & Kitchen,1,568.58,568.58
ORD03955,CUST0342,2026-06-23,Books,1,517.67,517.67
ORD00344,CUST0235,2026-06-23,Sports & Fitness,1,8491.15,8491.15
ORD02474,CUST0302,2026-06-23,Home & Kitchen,1,5307.81,5307.81
ORD01995,CUST0063,2026-06-23,Books,1,538.44,538.44
ORD05414,CUST0187,2026-06-23,Fashion,1,2208.14,2208.14
ORD02806,CUST0349,2026-06-23,Fashion,1,4855.85,4855.85
ORD00825,CUST0179,2026-06-23,Sports & Fitness,1,1462.84,1462.84
ORD02900,CUST0077,2026-06-23,Sports & Fitness,1,11037.11,11037.11
ORD05525,CUST0305,2026-06-23,Fashion,1,4905.53,4905.53
ORD05165,CUST0123,2026-06-23,Home & Kitchen,2,1759.11,3518.22
ORD04954,CUST0040,2026-06-24,Home & Kitchen,2,5673.21,11346.42
ORD04953,CUST0120,2026-06-24,Beauty & Personal Care,3,212.47,637.41
ORD01072,CUST0259,2026-06-24,Home & Kitchen,1,4647.37,4647.37
ORD01424,CUST0056,2026-06-24,Fashion,1,2906.46,2906.46
ORD01646,CUST0342,2026-06-24,Electronics,1,22354.59,22354.59
ORD03085,CUST0237,2026-06-24,Sports & Fitness,1,2948.8,2948.8
ORD05032,CUST0369,2026-06-24,Sports & Fitness,1,9263.4,9263.4
ORD03467,CUST0057,2026-06-24,Fashion,1,3773.08,3773.08
ORD02727,CUST0156,2026-06-24,Books,1,1031.61,1031.61
ORD03560,CUST0352,2026-06-24,Electronics,1,41968.35,41968.35
ORD02338,CUST0246,2026-06-24,Beauty & Personal Care,2,1732.53,3465.06
ORD04406,CUST0242,2026-06-24,Electronics,1,5284.79,5284.79
ORD03659,CUST0133,2026-06-24,Electronics,1,40749.25,40749.25
ORD03794,CUST0294,2026-06-24,Sports & Fitness,1,10653.18,10653.18
ORD02961,CUST0041,2026-06-24,Home & Kitchen,1,7614.42,7614.42
ORD01155,CUST0137,2026-06-24,Fashion,1,1669.36,1669.36
ORD04496,CUST0252,2026-06-24,Books,1,1198.27,1198.27
ORD04469,CUST0022,2026-06-24,Home & Kitchen,2,4141.72,8283.44
ORD04582,CUST0001,2026-06-24,Sports & Fitness,1,2750.66,2750.66
ORD02671,CUST0181,2026-06-25,Fashion,1,2855.21,2855.21
ORD01703,CUST0027,2026-06-25,Books,1,220.45,220.45
ORD02864,CUST0088,2026-06-25,Electronics,1,5972.68,5972.68
ORD05466,CUST0036,2026-06-25,Electronics,1,40537.88,40537.88
ORD02080,CUST0028,2026-06-25,Sports & Fitness,1,8768.88,8768.88
ORD01284,CUST0386,2026-06-25,Sports & Fitness,1,6936.75,6936.75
ORD05064,CUST0118,2026-06-25,Electronics,1,30019.46,30019.46
ORD02375,CUST0016,2026-06-25,Electronics,1,10855.61,10855.61
ORD04775,CUST0114,2026-06-25,Beauty & Personal Care,3,3302.03,9906.09
ORD03255,CUST0388,2026-06-25,Fashion,1,4537.04,4537.04
ORD04219,CUST0398,2026-06-25,Beauty & Personal Care,1,431.32,431.32
ORD02129,CUST0003,2026-06-25,Electronics,1,36156.83,36156.83
ORD01071,CUST0103,2026-06-26,Beauty & Personal Care,1,745.89,745.89
ORD04941,CUST0280,2026-06-26,Fashion,1,2659.86,2659.86
ORD01222,CUST0067,2026-06-26,Electronics,1,12229.56,12229.56
ORD02103,CUST0154,2026-06-26,Fashion,1,1220.63,1220.63
ORD02184,CUST0139,2026-06-26,Sports & Fitness,1,10350.53,10350.53
ORD04610,CUST0299,2026-06-26,Electronics,1,20481.28,20481.28
ORD04351,CUST0254,2026-06-26,Beauty & Personal Care,1,380.12,380.12
ORD03781,CUST0373,2026-06-26,Home & Kitchen,1,735.16,735.16
ORD01325,CUST0330,2026-06-26,Beauty & Personal Care,1,3218.67,3218.67
ORD04445,CUST0182,2026-06-26,Beauty & Personal Care,1,245.35,245.35
ORD03070,CUST0063,2026-06-26,Beauty & Personal Care,1,1703.49,1703.49
ORD03076,CUST0156,2026-06-27,Fashion,1,2068.59,2068.59
ORD04394,CUST0016,2026-06-27,Books,2,1009.85,2019.7
ORD04283,CUST0074,2026-06-27,Home & Kitchen,1,1070.95,1070.95
ORD04604,CUST0237,2026-06-27,Electronics,1,33016.74,33016.74
ORD04233,CUST0082,2026-06-27,Electronics,1,21457.9,21457.9
ORD02269,CUST0109,2026-06-27,Sports & Fitness,1,11174.49,11174.49
ORD00159,CUST0302,2026-06-27,Fashion,1,2214.08,2214.08
ORD04661,CUST0198,2026-06-27,Sports & Fitness,1,7229.4,7229.4
ORD05194,CUST0335,2026-06-27,Electronics,1,9871.38,9871.38
ORD01037,CUST0163,2026-06-27,Sports & Fitness,1,2378.58,2378.58
ORD00560,CUST0178,2026-06-27,Sports & Fitness,1,6916.17,6916.17
ORD05012,CUST0383,2026-06-27,Home & Kitchen,1,2670.01,2670.01
ORD04870,CUST0007,2026-06-27,Home & Kitchen,1,3378.37,3378.37
ORD04063,CUST0316,2026-06-27,Sports & Fitness,1,4060.78,4060.78
ORD01959,CUST0261,2026-06-27,Sports & Fitness,1,5816.78,5816.78
ORD02612,CUST0249,2026-06-27,Fashion,1,3776.69,3776.69
ORD03464,CUST0045,2026-06-27,Electronics,1,26406.6,26406.6
ORD04826,CUST0201,2026-06-27,Home & Kitchen,1,3500.33,3500.33
ORD01671,CUST0308,2026-06-27,Home & Kitchen,1,3781.81,3781.81
ORD00120,CUST0352,2026-06-27,Fashion,1,3708.33,3708.33
ORD03303,CUST0364,2026-06-27,Home & Kitchen,1,7510.71,7510.71
ORD03054,CUST0302,2026-06-28,Fashion,1,1813.55,1813.55
ORD01547,CUST0271,2026-06-28,Electronics,1,14690.05,14690.05
ORD00428,CUST0068,2026-06-28,Home & Kitchen,1,7858.73,7858.73
ORD03840,CUST0283,2026-06-28,Sports & Fitness,1,11498.61,11498.61
ORD00321,CUST0174,2026-06-28,Books,2,236.32,472.64
ORD05226,CUST0174,2026-06-28,Home & Kitchen,1,7664.74,7664.74
ORD01086,CUST0146,2026-06-28,Home & Kitchen,1,5105.67,5105.67
ORD00267,CUST0363,2026-06-28,Sports & Fitness,1,1034.76,1034.76
ORD03687,CUST0380,2026-06-28,Home & Kitchen,1,1406.31,1406.31
ORD04910,CUST0074,2026-06-28,Electronics,1,7985.52,7985.52
ORD02072,CUST0281,2026-06-28,Electronics,1,16596.55,16596.55
ORD01905,CUST0022,2026-06-28,Beauty & Personal Care,1,1890.16,1890.16
ORD02839,CUST0165,2026-06-28,Electronics,3,42704.38,128113.14
ORD00501,CUST0385,2026-06-28,Fashion,1,1564.27,1564.27
ORD03308,CUST0380,2026-06-28,Home & Kitchen,1,556.3,556.3
ORD04236,CUST0031,2026-06-28,Sports & Fitness,1,11870.88,11870.88
ORD04273,CUST0131,2026-06-28,Fashion,1,408.42,408.42
ORD03253,CUST0293,2026-06-28,Fashion,3,2537.72,7613.16
ORD00133,CUST0118,2026-06-28,Home & Kitchen,2,2106.99,4213.98
ORD01354,CUST0046,2026-06-28,Books,1,644.36,644.36
ORD03159,CUST0068,2026-06-28,Electronics,1,25118.32,25118.32
ORD03974,CUST0259,2026-06-28,Electronics,1,41465.87,41465.87
ORD02752,CUST0122,2026-06-28,Home & Kitchen,2,4226.17,8452.34
ORD00524,CUST0177,2026-06-29,Beauty & Personal Care,1,3344.29,3344.29
ORD03623,CUST0241,2026-06-29,Sports & Fitness,1,8474.4,8474.4
ORD00022,CUST0398,2026-06-29,Sports & Fitness,1,5067.61,5067.61
ORD04485,CUST0132,2026-06-29,Electronics,1,34541.76,34541.76
ORD03726,CUST0269,2026-06-29,Sports & Fitness,2,3143.5,6287.0
ORD00003,CUST0313,2026-06-29,Home & Kitchen,1,1574.51,1574.51
ORD03564,CUST0135,2026-06-29,Home & Kitchen,1,303.26,303.26
ORD03457,CUST0139,2026-06-29,Electronics,1,11129.53,11129.53
ORD00177,CUST0167,2026-06-29,Electronics,1,33008.74,33008.74
ORD00064,CUST0199,2026-06-29,Fashion,3,4557.13,13671.39
ORD02498,CUST0133,2026-06-29,Home & Kitchen,2,5028.04,10056.08
ORD00305,CUST0393,2026-06-29,Sports & Fitness,1,10891.49,10891.49
ORD00242,CUST0013,2026-06-29,Fashion,1,1264.91,1264.91
ORD05490,CUST0166,2026-06-29,Electronics,3,42467.68,127403.04
ORD04740,CUST0038,2026-06-29,Sports & Fitness,1,10902.8,10902.8
ORD02125,CUST0346,2026-06-29,Sports & Fitness,1,2020.43,2020.43
ORD02031,CUST0004,2026-06-29,Home & Kitchen,1,307.26,307.26
ORD00233,CUST0203,2026-06-29,Sports & Fitness,1,9429.15,9429.15
ORD04385,CUST0327,2026-06-30,Books,3,390.25,1170.75
ORD00304,CUST0117,2026-06-30,Home & Kitchen,1,1937.36,1937.36
ORD03272,CUST0136,2026-06-30,Electronics,1,38685.29,38685.29
ORD02696,CUST0308,2026-06-30,Sports & Fitness,2,8015.95,16031.9
ORD03719,CUST0078,2026-06-30,Electronics,1,11181.09,11181.09
ORD03379,CUST0041,2026-06-30,Electronics,1,42235.42,42235.42
ORD00161,CUST0051,2026-06-30,Electronics,1,43027.71,43027.71
ORD01529,CUST0285,2026-06-30,Home & Kitchen,2,3918.83,7837.66
ORD02111,CUST0193,2026-06-30,Sports & Fitness,3,6973.35,20920.05
ORD03299,CUST0300,2026-06-30,Beauty & Personal Care,2,2102.32,4204.64
ORD03716,CUST0006,2026-06-30,Home & Kitchen,2,4579.63,9159.26
ORD02067,CUST0157,2026-06-30,Electronics,2,26311.85,52623.7
ORD00455,CUST0132,2026-06-30,Beauty & Personal Care,1,2991.3,2991.3
ORD03911,CUST0356,2026-06-30,Beauty & Personal Care,3,2731.77,8195.31
ORD02210,CUST0389,2026-06-30,Electronics,1,23292.16,23292.16
ORD00414,CUST0280,2026-06-30,Sports & Fitness,1,668.97,668.97
ORD03979,CUST0294,2026-06-30,Beauty & Personal Care,1,2874.27,2874.27
ORD00805,CUST0340,2026-06-30,Electronics,1,16935.19,16935.19
ORD03846,CUST0346,2026-06-30,Beauty & Personal Care,3,883.1,2649.3
ORD04719,CUST0195,2026-06-30,Electronics,2,22887.96,45775.92
ORD02445,CUST0229,2026-07-01,Fashion,1,999.51,999.51
ORD04973,CUST0060,2026-07-01,Home & Kitchen,1,4933.76,4933.76
ORD04665,CUST0362,2026-07-01,Sports & Fitness,1,5215.72,5215.72
ORD02693,CUST0233,2026-07-01,Electronics,1,8198.48,8198.48
ORD02414,CUST0372,2026-07-01,Electronics,1,39299.92,39299.92
ORD01636,CUST0128,2026-07-01,Home & Kitchen,1,7853.93,7853.93
ORD03722,CUST0127,2026-07-01,Fashion,1,1208.55,1208.55
ORD03729,CUST0026,2026-07-01,Home & Kitchen,1,1714.19,1714.19
ORD04829,CUST0072,2026-07-01,Electronics,1,33113.15,33113.15
ORD03951,CUST0299,2026-07-01,Home & Kitchen,1,4729.56,4729.56
ORD03779,CUST0278,2026-07-01,Home & Kitchen,3,6207.32,18621.96
ORD00914,CUST0387,2026-07-01,Fashion,1,1104.46,1104.46
ORD01668,CUST0045,2026-07-01,Beauty & Personal Care,2,1846.82,3693.64
ORD04932,CUST0070,2026-07-01,Beauty & Personal Care,1,237.53,237.53
ORD04512,CUST0333,2026-07-01,Electronics,1,22183.55,22183.55
ORD00079,CUST0170,2026-07-01,Books,1,1028.86,1028.86
ORD03008,CUST0287,2026-07-01,Sports & Fitness,1,9143.17,9143.17
ORD02742,CUST0242,2026-07-01,Electronics,1,26070.76,26070.76
ORD03015,CUST0137,2026-07-01,Books,1,961.6,961.6
ORD02003,CUST0253,2026-07-01,Home & Kitchen,1,6998.28,6998.28
ORD03268,CUST0233,2026-07-01,Sports & Fitness,1,8636.69,8636.69
ORD03435,CUST0094,2026-07-01,Home & Kitchen,1,2937.04,2937.04
ORD00692,CUST0246,2026-07-01,Books,1,532.32,532.32
ORD02063,CUST0155,2026-07-01,Fashion,3,3820.69,11462.07
ORD02286,CUST0047,2026-07-01,Electronics,1,28581.31,28581.31
ORD03342,CUST0070,2026-07-01,Fashion,2,2156.61,4313.22
ORD03400,CUST0156,2026-07-01,Books,1,612.74,612.74
ORD02896,CUST0135,2026-07-01,Sports & Fitness,1,6828.48,6828.48
ORD03147,CUST0166,2026-07-01,Books,1,1199.43,1199.43
ORD03197,CUST0138,2026-07-01,Home & Kitchen,1,6745.82,6745.82
ORD03509,CUST0126,2026-07-02,Electronics,1,24443.69,24443.69
ORD02546,CUST0189,2026-07-02,Books,2,1064.84,2129.68
ORD02825,CUST0187,2026-07-02,Electronics,1,2178.92,2178.92
ORD03087,CUST0209,2026-07-02,Fashion,1,970.85,970.85
ORD04777,CUST0212,2026-07-02,Home & Kitchen,1,1196.34,1196.34
ORD00353,CUST0176,2026-07-02,Electronics,1,38350.57,38350.57
ORD00137,CUST0207,2026-07-02,Sports & Fitness,1,9765.21,9765.21
ORD02407,CUST0337,2026-07-02,Home & Kitchen,2,7884.02,15768.04
ORD00062,CUST0293,2026-07-02,Home & Kitchen,3,1258.17,3774.51
ORD04304,CUST0330,2026-07-02,Fashion,1,3189.19,3189.19
ORD00976,CUST0044,2026-07-02,Electronics,1,2823.09,2823.09
ORD02360,CUST0034,2026-07-02,Electronics,1,5643.48,5643.48
ORD04921,CUST0259,2026-07-03,Sports & Fitness,2,10330.39,20660.78
ORD04763,CUST0065,2026-07-03,Electronics,1,20237.92,20237.92
ORD01323,CUST0046,2026-07-03,Electronics,2,23751.37,47502.74
ORD04179,CUST0306,2026-07-03,Sports & Fitness,3,9743.52,29230.56
ORD03966,CUST0018,2026-07-03,Electronics,1,34602.35,34602.35
ORD03613,CUST0159,2026-07-03,Home & Kitchen,1,7100.45,7100.45
ORD01519,CUST0368,2026-07-03,Fashion,1,1216.08,1216.08
ORD00932,CUST0393,2026-07-03,Electronics,1,40363.11,40363.11
ORD00786,CUST0368,2026-07-03,Electronics,1,7022.08,7022.08
ORD03717,CUST0305,2026-07-03,Home & Kitchen,1,4379.22,4379.22
ORD04316,CUST0036,2026-07-03,Electronics,1,14373.59,14373.59
ORD03786,CUST0276,2026-07-03,Electronics,1,3315.03,3315.03
ORD01788,CUST0104,2026-07-03,Books,2,242.41,484.82
ORD05403,CUST0193,2026-07-03,Fashion,1,1430.96,1430.96
ORD00142,CUST0178,2026-07-03,Beauty & Personal Care,1,2114.37,2114.37
ORD02633,CUST0117,2026-07-03,Home & Kitchen,1,2553.98,2553.98
ORD00714,CUST0283,2026-07-03,Books,1,1039.23,1039.23
ORD05429,CUST0012,2026-07-03,Fashion,1,3985.35,3985.35
ORD05184,CUST0205,2026-07-04,Books,1,470.95,470.95
ORD01999,CUST0250,2026-07-04,Fashion,1,4677.73,4677.73
ORD02737,CUST0259,2026-07-04,Books,1,902.73,902.73
ORD00284,CUST0297,2026-07-04,Electronics,1,9622.46,9622.46
ORD05051,CUST0015,2026-07-04,Electronics,1,4169.72,4169.72
ORD01077,CUST0181,2026-07-04,Electronics,1,29489.16,29489.16
ORD03728,CUST0389,2026-07-04,Electronics,1,9183.12,9183.12
ORD04934,CUST0337,2026-07-04,Beauty & Personal Care,1,2868.39,2868.39
ORD01310,CUST0338,2026-07-04,Home & Kitchen,1,5973.32,5973.32
ORD03544,CUST0124,2026-07-04,Home & Kitchen,1,6932.84,6932.84
ORD03759,CUST0080,2026-07-04,Books,1,217.66,217.66
ORD00401,CUST0179,2026-07-04,Fashion,1,4585.74,4585.74
ORD02353,CUST0385,2026-07-04,Home & Kitchen,3,2384.65,7153.95
ORD00999,CUST0211,2026-07-04,Electronics,1,14350.86,14350.86
ORD02265,CUST0179,2026-07-04,Beauty & Personal Care,1,2142.13,2142.13
ORD03071,CUST0299,2026-07-05,Books,2,371.22,742.44
ORD02757,CUST0261,2026-07-05,Electronics,1,7221.35,7221.35
ORD02765,CUST0290,2026-07-05,Sports & Fitness,1,8558.96,8558.96
ORD00824,CUST0103,2026-07-05,Fashion,2,3530.21,7060.42
ORD05069,CUST0206,2026-07-05,Home & Kitchen,1,5978.65,5978.65
ORD03212,CUST0048,2026-07-05,Books,1,759.45,759.45
ORD02056,CUST0278,2026-07-05,Sports & Fitness,1,10022.68,10022.68
ORD02012,CUST0330,2026-07-05,Beauty & Personal Care,1,2796.0,2796.0
ORD03571,CUST0212,2026-07-05,Fashion,1,2497.09,2497.09
ORD02201,CUST0278,2026-07-05,Books,1,945.39,945.39
ORD01206,CUST0113,2026-07-05,Sports & Fitness,1,4139.23,4139.23
ORD05028,CUST0331,2026-07-05,Home & Kitchen,1,3718.71,3718.71
ORD01601,CUST0308,2026-07-05,Fashion,1,3841.88,3841.88
ORD00629,CUST0331,2026-07-05,Beauty & Personal Care,1,3488.11,3488.11
ORD04693,CUST0365,2026-07-05,Books,2,494.09,988.18
ORD02605,CUST0125,2026-07-05,Fashion,2,3706.77,7413.54
ORD00985,CUST0306,2026-07-05,Fashion,1,2370.42,2370.42
ORD02336,CUST0189,2026-07-05,Books,1,233.6,233.6
ORD01559,CUST0333,2026-07-05,Fashion,1,1892.95,1892.95
ORD04037,CUST0103,2026-07-06,Beauty & Personal Care,2,2221.78,4443.56
ORD03798,CUST0013,2026-07-06,Fashion,1,3683.9,3683.9
ORD00499,CUST0379,2026-07-06,Beauty & Personal Care,2,2630.57,5261.14
ORD03098,CUST0364,2026-07-06,Books,1,489.9,489.9
ORD01139,CUST0161,2026-07-06,Beauty & Personal Care,1,881.56,881.56
ORD04294,CUST0058,2026-07-06,Books,1,499.84,499.84
ORD02646,CUST0251,2026-07-06,Fashion,1,2872.99,2872.99
ORD00005,CUST0291,2026-07-06,Home & Kitchen,1,6481.97,6481.97
ORD04260,CUST0270,2026-07-06,Electronics,1,29959.22,29959.22
ORD02527,CUST0302,2026-07-06,Electronics,2,37176.68,74353.36
ORD04050,CUST0302,2026-07-06,Fashion,3,3752.87,11258.61
ORD04149,CUST0154,2026-07-06,Electronics,1,41129.43,41129.43
ORD04716,CUST0075,2026-07-06,Electronics,1,43898.83,43898.83
ORD04723,CUST0235,2026-07-06,Fashion,1,4552.39,4552.39
ORD03619,CUST0235,2026-07-07,Fashion,1,2171.58,2171.58
ORD02699,CUST0020,2026-07-07,Fashion,1,1662.16,1662.16
ORD03589,CUST0057,2026-07-07,Electronics,1,42118.65,42118.65
ORD02967,CUST0073,2026-07-07,Electronics,1,11883.49,11883.49
ORD02290,CUST0192,2026-07-07,Electronics,1,32401.86,32401.86
ORD04116,CUST0012,2026-07-07,Sports & Fitness,1,2486.69,2486.69
ORD00037,CUST0282,2026-07-07,Sports & Fitness,1,1452.18,1452.18
ORD03968,CUST0041,2026-07-07,Electronics,2,23531.12,47062.24
ORD03082,CUST0303,2026-07-07,Beauty & Personal Care,1,1241.31,1241.31
ORD02856,CUST0287,2026-07-07,Electronics,1,27457.51,27457.51
ORD02717,CUST0044,2026-07-07,Sports & Fitness,1,5320.8,5320.8
ORD00731,CUST0372,2026-07-07,Beauty & Personal Care,1,2344.3,2344.3
ORD01606,CUST0139,2026-07-07,Fashion,1,1733.94,1733.94
ORD04208,CUST0306,2026-07-07,Books,1,453.74,453.74
ORD02084,CUST0268,2026-07-07,Electronics,2,30104.22,60208.44
ORD02746,CUST0171,2026-07-07,Books,2,718.08,1436.16
ORD00412,CUST0227,2026-07-07,Electronics,1,40224.35,40224.35
ORD04724,CUST0115,2026-07-07,Books,1,1025.2,1025.2
ORD04030,CUST0074,2026-07-07,Books,1,316.72,316.72
ORD03412,CUST0026,2026-07-07,Electronics,1,1649.91,1649.91
ORD02475,CUST0166,2026-07-08,Fashion,1,2260.12,2260.12
ORD03897,CUST0115,2026-07-08,Electronics,1,41992.98,41992.98
ORD05475,CUST0231,2026-07-08,Fashion,1,3831.08,3831.08
ORD05435,CUST0052,2026-07-08,Fashion,2,1915.92,3831.84
ORD01710,CUST0175,2026-07-08,Sports & Fitness,1,9272.19,9272.19
ORD01782,CUST0104,2026-07-08,Sports & Fitness,1,10533.32,10533.32
ORD03646,CUST0375,2026-07-08,Electronics,1,25025.33,25025.33
ORD00324,CUST0067,2026-07-08,Fashion,1,879.43,879.43
ORD04049,CUST0334,2026-07-08,Home & Kitchen,2,1536.52,3073.04
ORD02448,CUST0007,2026-07-08,Home & Kitchen,1,5611.78,5611.78
ORD01650,CUST0308,2026-07-08,Electronics,1,8976.51,8976.51
ORD01096,CUST0172,2026-07-08,Electronics,1,2306.11,2306.11
ORD02706,CUST0329,2026-07-08,Books,1,195.57,195.57
ORD01248,CUST0094,2026-07-08,Electronics,1,11147.41,11147.41
ORD01247,CUST0024,2026-07-08,Electronics,1,43521.93,43521.93
ORD04389,CUST0037,2026-07-08,Fashion,2,975.59,1951.18
ORD02744,CUST0313,2026-07-08,Sports & Fitness,1,4521.01,4521.01
ORD05062,CUST0234,2026-07-08,Books,2,1102.88,2205.76
ORD02274,CUST0113,2026-07-09,Home & Kitchen,1,6352.97,6352.97
ORD00543,CUST0364,2026-07-09,Sports & Fitness,2,9945.97,19891.94
ORD02399,CUST0145,2026-07-09,Home & Kitchen,2,4912.4,9824.8
ORD00121,CUST0035,2026-07-09,Beauty & Personal Care,1,2346.07,2346.07
ORD01622,CUST0122,2026-07-09,Beauty & Personal Care,1,1927.69,1927.69
ORD05365,CUST0274,2026-07-09,Sports & Fitness,1,2154.38,2154.38
ORD02077,CUST0081,2026-07-09,Beauty & Personal Care,1,808.07,808.07
ORD04093,CUST0182,2026-07-09,Books,1,480.23,480.23
ORD04259,CUST0271,2026-07-09,Fashion,1,4987.78,4987.78
ORD01443,CUST0141,2026-07-10,Home & Kitchen,1,1559.78,1559.78
ORD00677,CUST0370,2026-07-10,Home & Kitchen,1,1003.58,1003.58
ORD02043,CUST0023,2026-07-10,Electronics,1,22488.99,22488.99
ORD00421,CUST0135,2026-07-10,Home & Kitchen,1,310.42,310.42
ORD01918,CUST0157,2026-07-10,Beauty & Personal Care,2,458.31,916.62
ORD01970,CUST0210,2026-07-10,Electronics,1,31137.12,31137.12
ORD05523,CUST0394,2026-07-10,Sports & Fitness,1,6560.95,6560.95
ORD02603,CUST0146,2026-07-10,Electronics,2,4158.85,8317.7
ORD00019,CUST0328,2026-07-10,Home & Kitchen,1,2079.28,2079.28
ORD00804,CUST0088,2026-07-10,Electronics,1,15202.96,15202.96
ORD03837,CUST0145,2026-07-10,Sports & Fitness,1,6260.69,6260.69
ORD02221,CUST0180,2026-07-10,Sports & Fitness,1,8181.69,8181.69
ORD00937,CUST0074,2026-07-10,Fashion,1,4290.07,4290.07
ORD02945,CUST0233,2026-07-10,Electronics,1,43134.9,43134.9
ORD04857,CUST0155,2026-07-10,Fashion,1,1725.0,1725.0
ORD00350,CUST0290,2026-07-10,Electronics,1,18594.38,18594.38
ORD04550,CUST0314,2026-07-10,Home & Kitchen,2,5691.44,11382.88
ORD05239,CUST0215,2026-07-11,Home & Kitchen,2,1844.45,3688.9
ORD05042,CUST0003,2026-07-11,Fashion,1,1532.53,1532.53
ORD00540,CUST0017,2026-07-11,Fashion,1,2328.65,2328.65
ORD04919,CUST0110,2026-07-11,Electronics,1,12515.21,12515.21
ORD05066,CUST0090,2026-07-11,Fashion,2,1741.14,3482.28
ORD02322,CUST0278,2026-07-11,Sports & Fitness,1,5431.83,5431.83
ORD03046,CUST0215,2026-07-11,Fashion,1,3986.67,3986.67
ORD05275,CUST0168,2026-07-11,Home & Kitchen,2,7025.76,14051.52
ORD04323,CUST0364,2026-07-11,Electronics,1,27253.08,27253.08
ORD05105,CUST0169,2026-07-11,Beauty & Personal Care,1,1282.39,1282.39
ORD02141,CUST0246,2026-07-11,Fashion,2,4784.13,9568.26
ORD03808,CUST0101,2026-07-11,Beauty & Personal Care,3,2254.51,6763.53
ORD00216,CUST0247,2026-07-11,Home & Kitchen,2,6315.01,12630.02
ORD04320,CUST0398,2026-07-12,Electronics,2,40929.06,81858.12
ORD04846,CUST0134,2026-07-12,Sports & Fitness,1,1021.84,1021.84
ORD04328,CUST0225,2026-07-12,Beauty & Personal Care,1,1339.18,1339.18
ORD02317,CUST0266,2026-07-12,Fashion,2,3817.81,7635.62
ORD01804,CUST0145,2026-07-12,Electronics,2,34589.57,69179.14
ORD02871,CUST0143,2026-07-12,Fashion,1,2516.3,2516.3
ORD01333,CUST0168,2026-07-12,Fashion,1,1287.06,1287.06
ORD00618,CUST0345,2026-07-12,Sports & Fitness,1,9653.15,9653.15
ORD05158,CUST0360,2026-07-12,Fashion,1,519.01,519.01
ORD01240,CUST0108,2026-07-12,Home & Kitchen,1,6548.29,6548.29
ORD05491,CUST0053,2026-07-12,Sports & Fitness,1,6103.75,6103.75
ORD02561,CUST0242,2026-07-12,Electronics,1,11345.39,11345.39
ORD03788,CUST0274,2026-07-12,Electronics,1,3523.55,3523.55
ORD03351,CUST0393,2026-07-12,Books,2,585.38,1170.76
ORD03328,CUST0198,2026-07-12,Home & Kitchen,1,4798.48,4798.48
ORD03035,CUST0348,2026-07-12,Books,2,275.83,551.66
ORD02229,CUST0390,2026-07-12,Fashion,1,4858.58,4858.58
ORD04166,CUST0109,2026-07-12,Electronics,1,4588.03,4588.03
ORD03266,CUST0337,2026-07-12,Electronics,1,14087.95,14087.95
ORD03476,CUST0204,2026-07-12,Home & Kitchen,1,6397.43,6397.43
ORD04349,CUST0260,2026-07-12,Fashion,2,1854.42,3708.84
ORD02511,CUST0396,2026-07-13,Electronics,1,25437.86,25437.86
ORD03524,CUST0252,2026-07-13,Beauty & Personal Care,1,2048.64,2048.64
ORD01827,CUST0112,2026-07-13,Beauty & Personal Care,1,1941.65,1941.65
ORD00263,CUST0036,2026-07-13,Electronics,2,18849.37,37698.74
ORD04601,CUST0365,2026-07-13,Books,1,981.26,981.26
ORD03305,CUST0251,2026-07-13,Fashion,1,603.82,603.82
ORD04789,CUST0203,2026-07-13,Electronics,1,36302.92,36302.92
ORD03648,CUST0212,2026-07-13,Fashion,1,2054.05,2054.05
ORD03580,CUST0245,2026-07-13,Books,1,1041.73,1041.73
ORD03711,CUST0181,2026-07-13,Home & Kitchen,1,4725.21,4725.21
ORD02140,CUST0201,2026-07-13,Electronics,1,28143.29,28143.29
ORD03806,CUST0104,2026-07-13,Books,1,386.67,386.67
ORD01539,CUST0059,2026-07-13,Fashion,1,2513.71,2513.71
ORD02039,CUST0206,2026-07-13,Books,1,671.87,671.87
ORD04563,CUST0188,2026-07-13,Electronics,1,38113.52,38113.52
ORD03771,CUST0363,2026-07-13,Books,1,428.01,428.01
ORD02388,CUST0301,2026-07-13,Sports & Fitness,1,11984.03,11984.03
ORD01629,CUST0035,2026-07-14,Sports & Fitness,1,2714.69,2714.69
ORD03561,CUST0126,2026-07-14,Fashion,1,4691.55,4691.55
ORD04000,CUST0385,2026-07-14,Books,1,1038.56,1038.56
ORD02425,CUST0087,2026-07-14,Beauty & Personal Care,1,2367.18,2367.18
ORD05358,CUST0250,2026-07-14,Fashion,1,1349.77,1349.77
ORD04071,CUST0049,2026-07-14,Fashion,1,3024.63,3024.63
ORD05556,CUST0395,2026-07-14,Sports & Fitness,1,9102.89,9102.89
ORD02610,CUST0134,2026-07-14,Electronics,2,20655.63,41311.26
ORD04888,CUST0300,2026-07-14,Fashion,2,3633.44,7266.88
ORD02843,CUST0263,2026-07-14,Fashion,2,3528.26,7056.52
ORD00463,CUST0332,2026-07-14,Fashion,1,4460.58,4460.58
ORD02198,CUST0070,2026-07-15,Home & Kitchen,1,442.9,442.9
ORD00058,CUST0239,2026-07-15,Fashion,2,3286.53,6573.06
ORD01847,CUST0351,2026-07-15,Beauty & Personal Care,1,2439.21,2439.21
ORD02747,CUST0112,2026-07-15,Fashion,1,1806.49,1806.49
ORD00486,CUST0379,2026-07-15,Electronics,1,16005.62,16005.62
ORD04565,CUST0238,2026-07-15,Sports & Fitness,1,1200.04,1200.04
ORD02341,CUST0248,2026-07-15,Fashion,1,3644.64,3644.64
ORD02490,CUST0190,2026-07-15,Fashion,1,3062.0,3062.0
ORD02809,CUST0118,2026-07-15,Beauty & Personal Care,1,392.18,392.18
ORD01545,CUST0111,2026-07-15,Home & Kitchen,1,5920.95,5920.95
ORD04995,CUST0272,2026-07-15,Electronics,1,33865.86,33865.86
ORD00554,CUST0211,2026-07-15,Sports & Fitness,1,6457.09,6457.09
ORD01612,CUST0187,2026-07-15,Beauty & Personal Care,1,273.27,273.27
ORD03958,CUST0079,2026-07-15,Fashion,1,2038.64,2038.64
ORD05522,CUST0394,2026-07-15,Home & Kitchen,1,3796.61,3796.61
ORD03599,CUST0096,2026-07-15,Sports & Fitness,1,6543.72,6543.72
ORD00013,CUST0286,2026-07-15,Electronics,1,9794.92,9794.92
ORD00830,CUST0217,2026-07-15,Sports & Fitness,1,10956.41,10956.41
ORD00130,CUST0231,2026-07-15,Electronics,1,19118.4,19118.4
ORD02500,CUST0077,2026-07-16,Electronics,1,44477.25,44477.25
ORD00789,CUST0111,2026-07-16,Books,1,823.91,823.91
ORD00700,CUST0356,2026-07-16,Home & Kitchen,1,3445.11,3445.11
ORD05385,CUST0114,2026-07-16,Beauty & Personal Care,1,1608.13,1608.13
ORD01613,CUST0132,2026-07-16,Home & Kitchen,1,2160.34,2160.34
ORD03381,CUST0343,2026-07-16,Fashion,1,967.67,967.67
ORD00871,CUST0022,2026-07-16,Electronics,1,11240.72,11240.72
ORD03680,CUST0360,2026-07-16,Fashion,1,2444.17,2444.17
ORD03310,CUST0280,2026-07-16,Fashion,1,4695.79,4695.79
ORD00254,CUST0313,2026-07-16,Home & Kitchen,1,4906.33,4906.33
ORD00608,CUST0040,2026-07-16,Electronics,1,25971.15,25971.15
ORD01281,CUST0303,2026-07-16,Fashion,1,1610.17,1610.17
ORD04267,CUST0146,2026-07-16,Electronics,2,24886.93,49773.86
ORD04704,CUST0036,2026-07-16,Home & Kitchen,1,5820.61,5820.61
ORD01144,CUST0305,2026-07-16,Home & Kitchen,1,2764.44,2764.44
ORD03973,CUST0037,2026-07-16,Sports & Fitness,1,4117.26,4117.26
ORD01364,CUST0191,2026-07-17,Sports & Fitness,2,6832.94,13665.88
ORD01819,CUST0207,2026-07-17,Sports & Fitness,1,8762.14,8762.14
ORD00378,CUST0152,2026-07-17,Home & Kitchen,2,3062.11,6124.22
ORD02494,CUST0113,2026-07-17,Electronics,1,7129.03,7129.03
ORD02096,CUST0072,2026-07-17,Beauty & Personal Care,1,3082.46,3082.46
ORD00399,CUST0147,2026-07-17,Home & Kitchen,1,1084.57,1084.57
ORD00241,CUST0384,2026-07-17,Sports & Fitness,1,2846.41,2846.41
ORD05093,CUST0315,2026-07-17,Sports & Fitness,1,8007.86,8007.86
ORD02028,CUST0083,2026-07-17,Fashion,3,4706.28,14118.84
ORD00757,CUST0210,2026-07-17,Sports & Fitness,1,11315.8,11315.8
ORD03022,CUST0071,2026-07-17,Fashion,3,1085.81,3257.43
ORD00098,CUST0208,2026-07-17,Sports & Fitness,1,8721.63,8721.63
ORD02689,CUST0129,2026-07-17,Home & Kitchen,2,1899.17,3798.34
ORD00946,CUST0018,2026-07-18,Electronics,1,19732.42,19732.42
ORD00442,CUST0242,2026-07-18,Fashion,3,3994.2,11982.6
ORD05609,CUST0301,2026-07-18,Electronics,1,38486.53,38486.53
ORD01985,CUST0336,2026-07-18,Sports & Fitness,1,4622.84,4622.84
ORD04689,CUST0005,2026-07-18,Home & Kitchen,1,7996.29,7996.29
ORD00584,CUST0214,2026-07-18,Books,1,779.27,779.27
ORD03606,CUST0178,2026-07-18,Sports & Fitness,1,6239.46,6239.46
ORD02837,CUST0146,2026-07-18,Home & Kitchen,1,2741.01,2741.01
ORD04958,CUST0193,2026-07-18,Beauty & Personal Care,1,3415.04,3415.04
ORD03258,CUST0338,2026-07-18,Home & Kitchen,1,6261.27,6261.27
ORD02585,CUST0186,2026-07-18,Beauty & Personal Care,1,1472.92,1472.92
ORD02030,CUST0187,2026-07-18,Home & Kitchen,1,4597.63,4597.63
ORD02519,CUST0278,2026-07-18,Electronics,1,35921.45,35921.45
ORD04067,CUST0306,2026-07-18,Electronics,1,42829.29,42829.29
ORD00876,CUST0379,2026-07-18,Beauty & Personal Care,2,1014.97,2029.94
ORD00345,CUST0062,2026-07-18,Electronics,2,18872.54,37745.08
ORD02769,CUST0039,2026-07-18,Home & Kitchen,1,2955.53,2955.53
ORD01828,CUST0136,2026-07-18,Books,1,740.64,740.64
ORD05094,CUST0380,2026-07-18,Beauty & Personal Care,1,2235.87,2235.87
ORD01062,CUST0330,2026-07-19,Books,3,1051.53,3154.59
ORD00496,CUST0207,2026-07-19,Home & Kitchen,3,416.35,1249.05
ORD01604,CUST0042,2026-07-19,Books,1,869.01,869.01
ORD05230,CUST0318,2026-07-19,Fashion,1,445.08,445.08
ORD04886,CUST0182,2026-07-19,Fashion,1,1420.17,1420.17
ORD02620,CUST0105,2026-07-19,Electronics,1,18523.14,18523.14
ORD04747,CUST0033,2026-07-19,Books,1,806.38,806.38
ORD02424,CUST0100,2026-07-19,Home & Kitchen,1,2940.09,2940.09
ORD05243,CUST0372,2026-07-19,Fashion,1,1093.36,1093.36
ORD02854,CUST0252,2026-07-19,Electronics,1,28177.39,28177.39
ORD05401,CUST0373,2026-07-19,Sports & Fitness,2,1527.17,3054.34
ORD03416,CUST0202,2026-07-19,Fashion,1,1528.01,1528.01
ORD04377,CUST0053,2026-07-19,Books,1,652.98,652.98
ORD03704,CUST0167,2026-07-19,Beauty & Personal Care,1,1213.37,1213.37
ORD00994,CUST0042,2026-07-19,Beauty & Personal Care,1,2443.03,2443.03
ORD05177,CUST0178,2026-07-19,Sports & Fitness,3,4820.78,14462.34
ORD02956,CUST0240,2026-07-19,Sports & Fitness,1,1598.66,1598.66
ORD01940,CUST0067,2026-07-19,Electronics,1,30419.14,30419.14
ORD03468,CUST0292,2026-07-19,Fashion,1,2650.23,2650.23
ORD01729,CUST0019,2026-07-19,Electronics,1,8910.98,8910.98
ORD02997,CUST0399,2026-07-20,Beauty & Personal Care,1,1838.86,1838.86
ORD03198,CUST0377,2026-07-20,Electronics,1,31661.27,31661.27
ORD04536,CUST0241,2026-07-20,Home & Kitchen,1,4208.29,4208.29
ORD01127,CUST0149,2026-07-20,Books,1,1093.98,1093.98
ORD04991,CUST0353,2026-07-20,Books,1,716.15,716.15
ORD03681,CUST0067,2026-07-20,Sports & Fitness,1,4742.52,4742.52
ORD01136,CUST0396,2026-07-20,Books,2,331.01,662.02
ORD02342,CUST0087,2026-07-20,Home & Kitchen,1,6663.0,6663.0
ORD01100,CUST0053,2026-07-20,Beauty & Personal Care,2,1765.96,3531.92
ORD03842,CUST0249,2026-07-20,Books,1,301.86,301.86
ORD04202,CUST0360,2026-07-20,Home & Kitchen,2,2933.29,5866.58
ORD05311,CUST0083,2026-07-20,Home & Kitchen,1,7889.58,7889.58
ORD05371,CUST0301,2026-07-20,Home & Kitchen,2,5431.89,10863.78
ORD01699,CUST0197,2026-07-21,Beauty & Personal Care,1,2622.56,2622.56
ORD03100,CUST0075,2026-07-21,Home & Kitchen,1,7505.66,7505.66
ORD05440,CUST0028,2026-07-21,Sports & Fitness,1,11936.49,11936.49
ORD05402,CUST0220,2026-07-21,Electronics,1,11685.92,11685.92
ORD03671,CUST0003,2026-07-21,Electronics,1,39720.45,39720.45
ORD02249,CUST0147,2026-07-21,Electronics,2,21908.72,43817.44
ORD03077,CUST0049,2026-07-21,Home & Kitchen,1,310.16,310.16
ORD05286,CUST0053,2026-07-21,Electronics,1,8971.8,8971.8
ORD04905,CUST0332,2026-07-21,Sports & Fitness,1,5483.54,5483.54
ORD01572,CUST0158,2026-07-21,Beauty & Personal Care,1,624.1,624.1
ORD04657,CUST0043,2026-07-21,Electronics,1,36760.8,36760.8
ORD00320,CUST0008,2026-07-21,Sports & Fitness,3,1243.9,3731.7
ORD04229,CUST0244,2026-07-21,Electronics,1,35182.06,35182.06
ORD01603,CUST0228,2026-07-21,Beauty & Personal Care,1,3375.59,3375.59
ORD05458,CUST0067,2026-07-21,Home & Kitchen,1,7710.87,7710.87
ORD00673,CUST0388,2026-07-21,Fashion,2,534.11,1068.22
ORD02333,CUST0109,2026-07-21,Electronics,1,37290.23,37290.23
ORD04188,CUST0391,2026-07-21,Home & Kitchen,1,6225.49,6225.49
ORD00749,CUST0051,2026-07-21,Electronics,1,32025.61,32025.61
ORD03479,CUST0369,2026-07-21,Books,2,238.15,476.3
ORD04586,CUST0387,2026-07-21,Fashion,3,2040.96,6122.88
ORD05507,CUST0271,2026-07-21,Home & Kitchen,1,5155.47,5155.47
ORD02197,CUST0122,2026-07-22,Books,1,855.25,855.25
ORD00257,CUST0107,2026-07-22,Electronics,1,17257.24,17257.24
ORD02165,CUST0249,2026-07-22,Home & Kitchen,1,3089.67,3089.67
ORD05319,CUST0127,2026-07-22,Fashion,1,1996.15,1996.15
ORD04691,CUST0171,2026-07-22,Sports & Fitness,1,7254.94,7254.94
ORD03746,CUST0279,2026-07-22,Electronics,1,2307.17,2307.17
ORD01324,CUST0117,2026-07-22,Electronics,1,17448.74,17448.74
ORD05471,CUST0055,2026-07-22,Home & Kitchen,1,2974.12,2974.12
ORD02907,CUST0153,2026-07-22,Fashion,1,2810.28,2810.28
ORD03181,CUST0400,2026-07-22,Books,3,561.74,1685.22
ORD02014,CUST0015,2026-07-22,Home & Kitchen,2,4672.28,9344.56
ORD03196,CUST0232,2026-07-22,Electronics,1,18971.57,18971.57
ORD01492,CUST0095,2026-07-22,Home & Kitchen,1,1655.51,1655.51
ORD01746,CUST0334,2026-07-22,Electronics,1,5894.73,5894.73
ORD05564,CUST0282,2026-07-23,Electronics,1,16480.64,16480.64
ORD02786,CUST0255,2026-07-23,Electronics,3,35470.59,106411.77
ORD01480,CUST0084,2026-07-23,Fashion,2,1496.77,2993.54
ORD03852,CUST0155,2026-07-23,Books,1,321.74,321.74
ORD01257,CUST0324,2026-07-23,Fashion,1,682.18,682.18
ORD05021,CUST0185,2026-07-23,Books,1,1052.33,1052.33
ORD02192,CUST0374,2026-07-23,Fashion,1,3147.81,3147.81
ORD03487,CUST0036,2026-07-23,Fashion,2,3583.55,7167.1
ORD03063,CUST0357,2026-07-23,Electronics,1,37474.27,37474.27
ORD03518,CUST0162,2026-07-23,Fashion,1,1835.62,1835.62
ORD02241,CUST0249,2026-07-23,Books,2,795.37,1590.74
ORD01049,CUST0218,2026-07-23,Beauty & Personal Care,1,3437.45,3437.45
ORD02079,CUST0250,2026-07-23,Electronics,2,43015.07,86030.14
ORD02724,CUST0158,2026-07-24,Fashion,1,4615.75,4615.75
ORD05095,CUST0103,2026-07-24,Fashion,1,3257.97,3257.97
ORD04009,CUST0128,2026-07-24,Beauty & Personal Care,1,1177.8,1177.8
ORD04718,CUST0113,2026-07-24,Fashion,1,3809.76,3809.76
ORD04446,CUST0267,2026-07-24,Electronics,1,43789.97,43789.97
ORD03994,CUST0072,2026-07-24,Beauty & Personal Care,2,2279.17,4558.34
ORD04422,CUST0314,2026-07-24,Home & Kitchen,1,5611.86,5611.86
ORD04772,CUST0106,2026-07-24,Beauty & Personal Care,1,3488.12,3488.12
ORD01249,CUST0012,2026-07-24,Electronics,1,22138.71,22138.71
ORD03407,CUST0383,2026-07-24,Home & Kitchen,1,423.48,423.48
ORD03833,CUST0124,2026-07-24,Fashion,1,1893.17,1893.17
ORD05596,CUST0107,2026-07-24,Electronics,1,24996.95,24996.95
ORD02867,CUST0311,2026-07-24,Sports & Fitness,1,2808.57,2808.57
ORD03097,CUST0097,2026-07-24,Beauty & Personal Care,1,1275.26,1275.26
ORD04345,CUST0058,2026-07-24,Sports & Fitness,1,5790.14,5790.14
ORD01389,CUST0288,2026-07-24,Beauty & Personal Care,1,2028.62,2028.62
ORD00879,CUST0206,2026-07-24,Fashion,3,4440.71,13322.13
ORD00001,CUST0393,2026-07-25,Books,1,959.81,959.81
ORD01371,CUST0009,2026-07-25,Sports & Fitness,1,3980.81,3980.81
ORD02374,CUST0075,2026-07-25,Fashion,1,4133.88,4133.88
ORD04230,CUST0372,2026-07-25,Electronics,1,22940.24,22940.24
ORD01714,CUST0105,2026-07-25,Fashion,1,2276.89,2276.89
ORD03033,CUST0031,2026-07-25,Beauty & Personal Care,1,1232.86,1232.86
ORD02505,CUST0218,2026-07-25,Sports & Fitness,1,2358.58,2358.58
ORD00922,CUST0381,2026-07-25,Home & Kitchen,2,4610.03,9220.06
ORD01497,CUST0033,2026-07-25,Books,1,246.88,246.88
ORD05360,CUST0175,2026-07-25,Electronics,1,16035.86,16035.86
ORD04574,CUST0297,2026-07-25,Home & Kitchen,1,4097.75,4097.75
ORD00801,CUST0232,2026-07-25,Electronics,2,42793.38,85586.76
ORD01743,CUST0043,2026-07-25,Home & Kitchen,1,4001.16,4001.16
ORD02928,CUST0094,2026-07-25,Sports & Fitness,1,1859.74,1859.74
ORD05088,CUST0144,2026-07-25,Electronics,2,16268.51,32537.02
ORD00051,CUST0372,2026-07-25,Beauty & Personal Care,1,3316.08,3316.08
ORD04891,CUST0047,2026-07-25,Sports & Fitness,2,9452.48,18904.96
ORD02412,CUST0155,2026-07-25,Fashion,1,3316.63,3316.63
ORD05152,CUST0315,2026-07-26,Books,1,192.25,192.25
ORD03825,CUST0010,2026-07-26,Books,1,406.58,406.58
ORD04818,CUST0355,2026-07-26,Electronics,1,21811.34,21811.34
ORD04797,CUST0311,2026-07-26,Home & Kitchen,3,7167.53,21502.59
ORD03373,CUST0017,2026-07-26,Fashion,2,3662.12,7324.24
ORD05082,CUST0387,2026-07-26,Electronics,1,38824.33,38824.33
ORD05073,CUST0372,2026-07-26,Sports & Fitness,1,1866.9,1866.9
ORD01658,CUST0235,2026-07-26,Fashion,2,3907.83,7815.66
ORD03803,CUST0274,2026-07-26,Home & Kitchen,1,5383.45,5383.45
ORD01908,CUST0238,2026-07-26,Sports & Fitness,1,10841.38,10841.38
ORD00409,CUST0100,2026-07-26,Sports & Fitness,1,8900.71,8900.71
ORD03710,CUST0236,2026-07-26,Electronics,1,44424.74,44424.74
ORD04382,CUST0340,2026-07-26,Books,2,363.05,726.1
ORD01575,CUST0127,2026-07-26,Sports & Fitness,1,8914.61,8914.61
ORD02480,CUST0273,2026-07-26,Books,1,183.99,183.99
ORD02826,CUST0391,2026-07-26,Beauty & Personal Care,1,3043.16,3043.16
ORD01427,CUST0273,2026-07-26,Electronics,1,20218.76,20218.76
ORD01345,CUST0333,2026-07-26,Books,1,820.05,820.05
ORD05489,CUST0086,2026-07-26,Sports & Fitness,1,922.39,922.39
ORD05473,CUST0361,2026-07-26,Fashion,1,3601.95,3601.95
ORD02965,CUST0309,2026-07-27,Fashion,1,3600.43,3600.43
ORD02256,CUST0034,2026-07-27,Fashion,1,2342.54,2342.54
ORD02578,CUST0173,2026-07-27,Fashion,1,2256.92,2256.92
ORD02685,CUST0139,2026-07-27,Sports & Fitness,1,6939.53,6939.53
ORD02428,CUST0321,2026-07-27,Fashion,1,860.3,860.3
ORD03602,CUST0030,2026-07-27,Electronics,1,24795.85,24795.85
ORD01615,CUST0059,2026-07-27,Sports & Fitness,1,1951.24,1951.24
ORD02386,CUST0093,2026-07-27,Home & Kitchen,3,4157.23,12471.69
ORD03903,CUST0356,2026-07-27,Sports & Fitness,1,6112.96,6112.96
ORD00277,CUST0086,2026-07-27,Fashion,1,2294.12,2294.12
ORD00153,CUST0213,2026-07-28,Home & Kitchen,1,2585.89,2585.89
ORD01774,CUST0303,2026-07-28,Fashion,1,1107.6,1107.6
ORD04425,CUST0298,2026-07-28,Beauty & Personal Care,2,3499.67,6999.34
ORD04477,CUST0334,2026-07-28,Sports & Fitness,1,613.4,613.4
ORD05057,CUST0103,2026-07-28,Sports & Fitness,1,10050.55,10050.55
ORD02234,CUST0042,2026-07-28,Beauty & Personal Care,1,3254.94,3254.94
ORD00551,CUST0235,2026-07-28,Books,1,894.2,894.2
ORD01512,CUST0330,2026-07-28,Electronics,1,28505.62,28505.62
ORD02784,CUST0280,2026-07-28,Fashion,1,1552.5,1552.5
ORD04762,CUST0399,2026-07-28,Home & Kitchen,1,7840.61,7840.61
ORD01329,CUST0199,2026-07-28,Sports & Fitness,1,11908.86,11908.86
ORD05449,CUST0123,2026-07-28,Electronics,1,31711.82,31711.82
ORD04671,CUST0042,2026-07-29,Home & Kitchen,1,2668.88,2668.88
ORD01233,CUST0279,2026-07-29,Electronics,1,28377.2,28377.2
ORD01956,CUST0018,2026-07-29,Fashion,1,2021.19,2021.19
ORD01537,CUST0018,2026-07-29,Home & Kitchen,1,7928.49,7928.49
ORD04256,CUST0090,2026-07-29,Fashion,2,2735.97,5471.94
ORD01765,CUST0365,2026-07-29,Books,1,158.68,158.68
ORD04102,CUST0071,2026-07-29,Fashion,1,3688.25,3688.25
ORD00725,CUST0022,2026-07-29,Electronics,3,38544.35,115633.05
ORD03998,CUST0288,2026-07-29,Fashion,1,3717.62,3717.62
ORD04529,CUST0182,2026-07-29,Books,3,255.96,767.88
ORD01141,CUST0256,2026-07-29,Home & Kitchen,3,304.83,914.49
ORD04488,CUST0037,2026-07-29,Electronics,2,12298.55,24597.1
ORD03200,CUST0184,2026-07-29,Electronics,1,17748.14,17748.14
ORD00610,CUST0227,2026-07-29,Fashion,1,4255.86,4255.86
ORD00558,CUST0008,2026-07-29,Fashion,1,3695.43,3695.43
ORD02215,CUST0109,2026-07-29,Sports & Fitness,1,9005.24,9005.24
ORD05160,CUST0136,2026-07-29,Electronics,1,7520.0,7520.0
ORD03324,CUST0121,2026-07-30,Electronics,1,16057.93,16057.93
ORD01068,CUST0028,2026-07-30,Electronics,1,7774.44,7774.44
ORD01731,CUST0306,2026-07-30,Beauty & Personal Care,1,3109.53,3109.53
ORD05241,CUST0012,2026-07-30,Fashion,3,2857.53,8572.59
ORD04520,CUST0254,2026-07-30,Fashion,1,2731.09,2731.09
ORD02346,CUST0116,2026-07-30,Books,2,372.99,745.98
ORD05328,CUST0343,2026-07-30,Books,2,704.12,1408.24
ORD05280,CUST0095,2026-07-30,Sports & Fitness,1,6847.62,6847.62
ORD03167,CUST0173,2026-07-30,Fashion,1,2417.83,2417.83
ORD00961,CUST0075,2026-07-30,Fashion,2,2645.34,5290.68
ORD04337,CUST0009,2026-07-30,Electronics,2,17995.78,35991.56
ORD05584,CUST0375,2026-07-30,Beauty & Personal Care,1,2142.23,2142.23
ORD04340,CUST0329,2026-07-30,Home & Kitchen,1,3002.34,3002.34
ORD03064,CUST0278,2026-07-30,Fashion,1,4467.29,4467.29
ORD03034,CUST0190,2026-07-30,Beauty & Personal Care,1,1732.42,1732.42
ORD00717,CUST0246,2026-07-30,Books,1,834.85,834.85
ORD02992,CUST0364,2026-07-30,Fashion,1,3313.1,3313.1
ORD01766,CUST0116,2026-07-30,Fashion,1,4632.91,4632.91
ORD03587,CUST0147,2026-07-30,Books,1,999.95,999.95
ORD02780,CUST0160,2026-07-30,Fashion,1,4231.08,4231.08
ORD02944,CUST0125,2026-07-31,Books,2,630.92,1261.84
ORD04196,CUST0124,2026-07-31,Fashion,1,4032.92,4032.92
ORD02857,CUST0380,2026-07-31,Home & Kitchen,1,3626.79,3626.79
ORD04722,CUST0377,2026-07-31,Home & Kitchen,1,5968.79,5968.79
ORD04361,CUST0200,2026-07-31,Electronics,1,33248.26,33248.26
ORD00129,CUST0041,2026-07-31,Fashion,1,2299.94,2299.94
ORD00315,CUST0264,2026-07-31,Sports & Fitness,2,1053.64,2107.28
ORD05052,CUST0296,2026-07-31,Fashion,1,2787.31,2787.31
ORD02698,CUST0093,2026-07-31,Home & Kitchen,1,331.58,331.58
ORD02181,CUST0010,2026-07-31,Home & Kitchen,3,1030.5,3091.5
ORD02309,CUST0192,2026-07-31,Electronics,1,25359.04,25359.04
ORD00909,CUST0063,2026-07-31,Home & Kitchen,1,6064.29,6064.29
ORD03658,CUST0080,2026-07-31,Fashion,1,2828.54,2828.54
ORD01775,CUST0335,2026-07-31,Fashion,1,2437.4,2437.4
ORD04830,CUST0218,2026-07-31,Electronics,1,29937.36,29937.36
ORD05189,CUST0335,2026-07-31,Books,2,420.39,840.78
ORD00787,CUST0025,2026-07-31,Home & Kitchen,3,3057.68,9173.04
ORD04916,CUST0174,2026-07-31,Beauty & Personal Care,1,2115.75,2115.75
ORD00724,CUST0314,2026-07-31,Sports & Fitness,2,1966.09,3932.18
ORD03551,CUST0048,2026-07-31,Sports & Fitness,1,7506.92,7506.92
ORD05512,CUST0218,2026-08-01,Fashion,1,2178.09,2178.09
ORD01934,CUST0008,2026-08-01,Sports & Fitness,1,6175.36,6175.36
ORD02976,CUST0339,2026-08-01,Sports & Fitness,1,9613.61,9613.61
ORD02009,CUST0306,2026-08-01,Fashion,2,1020.07,2040.14
ORD04514,CUST0296,2026-08-01,Home & Kitchen,1,3334.15,3334.15
ORD05524,CUST0251,2026-08-01,Electronics,1,5467.82,5467.82
ORD04768,CUST0147,2026-08-01,Electronics,1,30490.85,30490.85
ORD04838,CUST0394,2026-08-01,Home & Kitchen,1,6668.91,6668.91
ORD01631,CUST0149,2026-08-01,Fashion,1,2815.65,2815.65
ORD02246,CUST0029,2026-08-01,Fashion,1,4359.0,4359.0
ORD04791,CUST0086,2026-08-01,Beauty & Personal Care,1,910.74,910.74
ORD03287,CUST0336,2026-08-01,Sports & Fitness,1,4235.46,4235.46
ORD02339,CUST0064,2026-08-01,Fashion,2,1928.48,3856.96
ORD02323,CUST0117,2026-08-01,Beauty & Personal Care,1,488.58,488.58
ORD00349,CUST0160,2026-08-01,Sports & Fitness,2,1637.05,3274.1
ORD04092,CUST0125,2026-08-01,Beauty & Personal Care,1,3076.0,3076.0
ORD01430,CUST0192,2026-08-02,Home & Kitchen,1,341.57,341.57
ORD01684,CUST0272,2026-08-02,Beauty & Personal Care,1,515.4,515.4
ORD01579,CUST0153,2026-08-02,Home & Kitchen,1,2551.41,2551.41
ORD01652,CUST0062,2026-08-02,Books,2,736.55,1473.1
ORD04033,CUST0125,2026-08-02,Home & Kitchen,1,1735.01,1735.01
ORD02091,CUST0346,2026-08-02,Electronics,1,10188.18,10188.18
ORD03991,CUST0334,2026-08-02,Electronics,1,10282.48,10282.48
ORD02066,CUST0049,2026-08-02,Electronics,1,2737.9,2737.9
ORD04344,CUST0069,2026-08-02,Electronics,3,14985.0,44955.0
ORD02822,CUST0048,2026-08-02,Fashion,3,3503.53,10510.59
ORD01522,CUST0028,2026-08-02,Sports & Fitness,1,6984.47,6984.47
ORD00855,CUST0350,2026-08-02,Home & Kitchen,1,6091.28,6091.28
ORD05422,CUST0150,2026-08-02,Home & Kitchen,1,804.07,804.07
ORD01023,CUST0308,2026-08-03,Books,1,160.32,160.32
ORD05166,CUST0007,2026-08-03,Electronics,1,28256.56,28256.56
ORD03481,CUST0163,2026-08-03,Books,1,482.36,482.36
ORD01265,CUST0340,2026-08-03,Electronics,2,32245.96,64491.92
ORD01293,CUST0393,2026-08-03,Fashion,1,3828.83,3828.83
ORD04309,CUST0012,2026-08-03,Fashion,1,1732.6,1732.6
ORD00621,CUST0273,2026-08-03,Electronics,1,21437.08,21437.08
ORD03338,CUST0066,2026-08-03,Books,2,189.3,378.6
ORD01939,CUST0101,2026-08-03,Electronics,1,18267.96,18267.96
ORD01936,CUST0280,2026-08-03,Books,1,455.0,455.0
ORD00392,CUST0054,2026-08-03,Books,1,1060.28,1060.28
ORD00627,CUST0202,2026-08-03,Fashion,2,3229.59,6459.18
ORD02413,CUST0034,2026-08-03,Fashion,3,4073.07,12219.21
ORD02438,CUST0260,2026-08-03,Electronics,1,6709.86,6709.86
ORD02473,CUST0367,2026-08-03,Beauty & Personal Care,1,2867.92,2867.92
ORD00663,CUST0014,2026-08-03,Home & Kitchen,1,7329.27,7329.27
ORD00224,CUST0049,2026-08-03,Home & Kitchen,1,6223.02,6223.02
ORD05546,CUST0207,2026-08-03,Sports & Fitness,2,8859.58,17719.16
ORD04961,CUST0305,2026-08-03,Books,2,946.87,1893.74
ORD00095,CUST0303,2026-08-03,Beauty & Personal Care,1,303.3,303.3
ORD01422,CUST0239,2026-08-03,Home & Kitchen,1,1028.08,1028.08
ORD01085,CUST0069,2026-08-03,Electronics,2,21043.44,42086.88
ORD02008,CUST0269,2026-08-03,Electronics,2,4968.63,9937.26
ORD00626,CUST0055,2026-08-04,Electronics,1,2825.17,2825.17
ORD05115,CUST0234,2026-08-04,Beauty & Personal Care,1,1626.59,1626.59
ORD02164,CUST0315,2026-08-04,Books,1,643.8,643.8
ORD01695,CUST0332,2026-08-04,Home & Kitchen,1,3044.87,3044.87
ORD00514,CUST0363,2026-08-04,Sports & Fitness,1,5724.97,5724.97
ORD03345,CUST0001,2026-08-04,Sports & Fitness,1,6544.77,6544.77
ORD00510,CUST0077,2026-08-04,Sports & Fitness,2,9964.31,19928.62
ORD00396,CUST0049,2026-08-04,Sports & Fitness,1,8799.8,8799.8
ORD05393,CUST0221,2026-08-04,Home & Kitchen,3,3156.11,9468.33
ORD02478,CUST0265,2026-08-04,Electronics,1,19679.42,19679.42
ORD05548,CUST0244,2026-08-04,Home & Kitchen,1,1584.37,1584.37
ORD02756,CUST0309,2026-08-04,Books,2,619.41,1238.82
ORD05157,CUST0170,2026-08-04,Electronics,1,16328.25,16328.25
ORD03475,CUST0034,2026-08-04,Sports & Fitness,1,7898.23,7898.23
ORD02807,CUST0297,2026-08-04,Beauty & Personal Care,1,1384.48,1384.48
ORD01045,CUST0103,2026-08-04,Sports & Fitness,1,6413.61,6413.61
ORD01353,CUST0225,2026-08-04,Home & Kitchen,2,1273.77,2547.54
ORD04334,CUST0009,2026-08-04,Sports & Fitness,1,10951.41,10951.41
ORD01491,CUST0025,2026-08-04,Beauty & Personal Care,1,2874.44,2874.44
ORD01445,CUST0031,2026-08-04,Sports & Fitness,1,7167.31,7167.31
ORD04168,CUST0111,2026-08-05,Electronics,1,15827.66,15827.66
ORD04356,CUST0062,2026-08-05,Fashion,1,4101.26,4101.26
ORD02142,CUST0318,2026-08-05,Electronics,1,20439.44,20439.44
ORD00478,CUST0193,2026-08-05,Books,1,711.01,711.01
ORD04699,CUST0261,2026-08-05,Sports & Fitness,1,8674.85,8674.85
ORD03355,CUST0387,2026-08-05,Fashion,1,1723.67,1723.67
ORD00636,CUST0184,2026-08-05,Books,1,777.16,777.16
ORD04410,CUST0110,2026-08-05,Books,2,413.88,827.76
ORD04902,CUST0026,2026-08-05,Home & Kitchen,1,7502.35,7502.35
ORD04720,CUST0333,2026-08-05,Home & Kitchen,1,783.34,783.34
ORD04738,CUST0245,2026-08-05,Fashion,1,682.84,682.84
ORD02628,CUST0226,2026-08-05,Books,1,1132.01,1132.01
ORD01721,CUST0251,2026-08-05,Fashion,1,3189.96,3189.96
ORD00916,CUST0192,2026-08-05,Home & Kitchen,1,5293.18,5293.18
ORD02017,CUST0374,2026-08-06,Books,3,610.85,1832.55
ORD04360,CUST0306,2026-08-06,Home & Kitchen,1,4323.6,4323.6
ORD03321,CUST0016,2026-08-06,Fashion,1,3639.74,3639.74
ORD03612,CUST0002,2026-08-06,Home & Kitchen,1,5833.95,5833.95
ORD03614,CUST0113,2026-08-06,Electronics,1,36964.29,36964.29
ORD03282,CUST0110,2026-08-06,Electronics,1,9377.01,9377.01
ORD02351,CUST0178,2026-08-06,Fashion,1,4725.45,4725.45
ORD03214,CUST0145,2026-08-06,Home & Kitchen,1,4659.78,4659.78
ORD04697,CUST0372,2026-08-06,Sports & Fitness,1,10331.09,10331.09
ORD04538,CUST0111,2026-08-06,Electronics,2,15500.99,31001.98
ORD02288,CUST0338,2026-08-06,Books,1,1010.45,1010.45
ORD05502,CUST0269,2026-08-07,Beauty & Personal Care,2,1044.43,2088.86
ORD02335,CUST0059,2026-08-07,Home & Kitchen,1,6171.52,6171.52
ORD02853,CUST0057,2026-08-07,Books,1,413.34,413.34
ORD00366,CUST0374,2026-08-07,Electronics,1,38586.26,38586.26
ORD01655,CUST0219,2026-08-07,Sports & Fitness,1,9948.14,9948.14
ORD05431,CUST0362,2026-08-07,Fashion,1,1684.3,1684.3
ORD02486,CUST0100,2026-08-07,Beauty & Personal Care,1,3348.71,3348.71
ORD05542,CUST0376,2026-08-07,Beauty & Personal Care,2,2122.37,4244.74
ORD00190,CUST0323,2026-08-07,Home & Kitchen,1,2140.73,2140.73
ORD05147,CUST0165,2026-08-07,Electronics,2,3695.84,7391.68
ORD00520,CUST0021,2026-08-07,Electronics,1,4566.4,4566.4
ORD00711,CUST0095,2026-08-07,Sports & Fitness,2,686.3,1372.6
ORD04710,CUST0082,2026-08-07,Sports & Fitness,1,1730.5,1730.5
ORD02542,CUST0190,2026-08-07,Fashion,2,1160.49,2320.98
ORD03812,CUST0249,2026-08-07,Books,1,536.47,536.47
ORD03380,CUST0392,2026-08-07,Fashion,2,1525.78,3051.56
ORD03919,CUST0360,2026-08-07,Home & Kitchen,1,2895.57,2895.57
ORD05216,CUST0265,2026-08-08,Fashion,1,2992.58,2992.58
ORD05202,CUST0384,2026-08-08,Books,2,1015.44,2030.88
ORD04199,CUST0278,2026-08-08,Sports & Fitness,1,10137.06,10137.06
ORD05276,CUST0167,2026-08-08,Electronics,1,11432.12,11432.12
ORD02173,CUST0216,2026-08-08,Home & Kitchen,2,2040.96,4081.92
ORD00011,CUST0257,2026-08-08,Electronics,1,44864.03,44864.03
ORD03383,CUST0026,2026-08-08,Home & Kitchen,1,7638.67,7638.67
ORD04353,CUST0239,2026-08-08,Sports & Fitness,1,11786.22,11786.22
ORD03174,CUST0020,2026-08-08,Sports & Fitness,1,9644.32,9644.32
ORD02070,CUST0321,2026-08-08,Books,1,646.63,646.63
ORD00325,CUST0361,2026-08-08,Home & Kitchen,1,2391.08,2391.08
ORD03276,CUST0351,2026-08-08,Electronics,2,34154.98,68309.96
ORD03271,CUST0073,2026-08-08,Fashion,1,2928.55,2928.55
ORD00443,CUST0036,2026-08-08,Sports & Fitness,2,7435.24,14870.48
ORD01485,CUST0033,2026-08-08,Electronics,1,42885.74,42885.74
ORD02469,CUST0385,2026-08-08,Home & Kitchen,1,4168.47,4168.47
ORD01340,CUST0190,2026-08-08,Home & Kitchen,2,6474.74,12949.48
ORD01004,CUST0018,2026-08-08,Fashion,1,4848.06,4848.06
ORD02330,CUST0120,2026-08-09,Home & Kitchen,1,4500.26,4500.26
ORD05342,CUST0093,2026-08-09,Books,1,225.99,225.99
ORD02922,CUST0270,2026-08-09,Fashion,2,1547.02,3094.04
ORD04616,CUST0049,2026-08-09,Books,1,611.06,611.06
ORD04575,CUST0039,2026-08-09,Home & Kitchen,1,1649.25,1649.25
ORD04374,CUST0397,2026-08-09,Beauty & Personal Care,1,210.45,210.45
ORD00465,CUST0112,2026-08-09,Fashion,2,4521.79,9043.58
ORD01357,CUST0246,2026-08-09,Sports & Fitness,2,963.24,1926.48
ORD02045,CUST0241,2026-08-09,Electronics,1,28688.35,28688.35
ORD01792,CUST0068,2026-08-09,Electronics,1,26069.63,26069.63
ORD01790,CUST0351,2026-08-09,Home & Kitchen,1,6952.31,6952.31
ORD04952,CUST0394,2026-08-09,Fashion,1,4163.24,4163.24
ORD00732,CUST0353,2026-08-09,Sports & Fitness,1,9467.94,9467.94
ORD04015,CUST0015,2026-08-09,Beauty & Personal Care,1,1078.29,1078.29
ORD00943,CUST0164,2026-08-09,Sports & Fitness,3,11612.15,34836.45
ORD05144,CUST0261,2026-08-09,Books,1,403.03,403.03
ORD01801,CUST0109,2026-08-09,Books,3,251.42,754.26
ORD04150,CUST0002,2026-08-09,Sports & Fitness,2,2418.07,4836.14
ORD04624,CUST0158,2026-08-10,Electronics,1,19682.75,19682.75
ORD01178,CUST0280,2026-08-10,Electronics,1,7834.85,7834.85
ORD01302,CUST0028,2026-08-10,Beauty & Personal Care,1,764.58,764.58
ORD01942,CUST0262,2026-08-10,Fashion,1,1879.65,1879.65
ORD04109,CUST0392,2026-08-10,Electronics,1,5360.24,5360.24
ORD00218,CUST0087,2026-08-10,Beauty & Personal Care,3,548.79,1646.37
ORD03585,CUST0307,2026-08-10,Beauty & Personal Care,3,2402.51,7207.53
ORD02281,CUST0298,2026-08-10,Electronics,1,16235.24,16235.24
ORD00355,CUST0155,2026-08-10,Fashion,1,4834.48,4834.48
ORD01740,CUST0204,2026-08-10,Sports & Fitness,1,3030.76,3030.76
ORD02650,CUST0387,2026-08-10,Sports & Fitness,1,4411.25,4411.25
ORD04769,CUST0191,2026-08-10,Beauty & Personal Care,1,993.48,993.48
ORD00602,CUST0375,2026-08-10,Electronics,1,5099.05,5099.05
ORD02596,CUST0021,2026-08-11,Books,1,1185.68,1185.68
ORD00813,CUST0025,2026-08-11,Home & Kitchen,2,5127.66,10255.32
ORD04200,CUST0208,2026-08-11,Sports & Fitness,1,11553.89,11553.89
ORD02512,CUST0294,2026-08-11,Fashion,1,4855.62,4855.62
ORD00272,CUST0161,2026-08-11,Beauty & Personal Care,1,3392.28,3392.28
ORD00148,CUST0142,2026-08-11,Books,1,860.34,860.34
ORD03930,CUST0225,2026-08-11,Books,1,194.89,194.89
ORD03862,CUST0075,2026-08-11,Beauty & Personal Care,1,998.73,998.73
ORD01495,CUST0029,2026-08-11,Sports & Fitness,1,5938.11,5938.11
ORD01892,CUST0135,2026-08-11,Books,1,205.27,205.27
ORD04667,CUST0338,2026-08-11,Home & Kitchen,1,2540.32,2540.32
ORD03216,CUST0193,2026-08-11,Home & Kitchen,1,7381.09,7381.09
ORD05119,CUST0358,2026-08-11,Home & Kitchen,2,827.95,1655.9
ORD04330,CUST0015,2026-08-11,Electronics,1,9270.48,9270.48
ORD02034,CUST0219,2026-08-11,Sports & Fitness,1,1896.84,1896.84
ORD05268,CUST0364,2026-08-12,Books,1,229.49,229.49
ORD05597,CUST0073,2026-08-12,Books,1,296.98,296.98
ORD02828,CUST0154,2026-08-12,Home & Kitchen,1,7143.11,7143.11
ORD00561,CUST0062,2026-08-12,Fashion,1,4809.09,4809.09
ORD02741,CUST0136,2026-08-12,Fashion,2,4034.76,8069.52
ORD04441,CUST0340,2026-08-12,Electronics,1,1780.55,1780.55
ORD03307,CUST0136,2026-08-12,Home & Kitchen,1,3526.75,3526.75
ORD03284,CUST0201,2026-08-12,Home & Kitchen,3,7212.33,21636.99
ORD02284,CUST0158,2026-08-12,Books,1,1189.7,1189.7
ORD00744,CUST0137,2026-08-12,Electronics,1,22314.36,22314.36
ORD05487,CUST0196,2026-08-12,Electronics,2,9321.98,18643.96
ORD04302,CUST0070,2026-08-12,Fashion,1,1023.93,1023.93
ORD04736,CUST0021,2026-08-12,Books,1,740.33,740.33
ORD03963,CUST0367,2026-08-12,Electronics,1,31192.15,31192.15
ORD00674,CUST0246,2026-08-12,Electronics,1,39750.86,39750.86
ORD01831,CUST0133,2026-08-12,Books,1,1148.12,1148.12
ORD01420,CUST0325,2026-08-13,Home & Kitchen,1,4033.41,4033.41
ORD00806,CUST0287,2026-08-13,Home & Kitchen,1,5651.14,5651.14
ORD02664,CUST0119,2026-08-13,Home & Kitchen,2,4650.5,9301.0
ORD01161,CUST0037,2026-08-13,Home & Kitchen,1,7409.3,7409.3
ORD01344,CUST0205,2026-08-13,Electronics,1,26116.15,26116.15
ORD01876,CUST0352,2026-08-13,Books,1,555.82,555.82
ORD02313,CUST0317,2026-08-13,Beauty & Personal Care,1,2189.6,2189.6
ORD00572,CUST0369,2026-08-13,Home & Kitchen,1,610.7,610.7
ORD05600,CUST0070,2026-08-13,Electronics,1,43443.83,43443.83
ORD04782,CUST0213,2026-08-13,Home & Kitchen,1,4718.68,4718.68
ORD03250,CUST0186,2026-08-13,Books,1,1199.92,1199.92
ORD04051,CUST0171,2026-08-13,Beauty & Personal Care,3,218.59,655.77
ORD03240,CUST0037,2026-08-13,Sports & Fitness,1,8945.66,8945.66
ORD04876,CUST0049,2026-08-13,Fashion,1,2515.9,2515.9
ORD04654,CUST0336,2026-08-13,Home & Kitchen,1,6608.32,6608.32
ORD03347,CUST0033,2026-08-13,Fashion,1,512.54,512.54
ORD04434,CUST0377,2026-08-13,Sports & Fitness,1,11301.21,11301.21
ORD04274,CUST0312,2026-08-13,Home & Kitchen,1,4641.41,4641.41
ORD04750,CUST0344,2026-08-13,Fashion,1,3212.15,3212.15
ORD04449,CUST0327,2026-08-13,Home & Kitchen,2,5713.32,11426.64
ORD03364,CUST0225,2026-08-13,Fashion,1,2385.15,2385.15
ORD05049,CUST0346,2026-08-13,Electronics,1,18380.13,18380.13
ORD02838,CUST0048,2026-08-13,Electronics,1,21707.42,21707.42
ORD03997,CUST0202,2026-08-13,Beauty & Personal Care,1,1807.02,1807.02
ORD00797,CUST0180,2026-08-14,Sports & Fitness,1,4779.38,4779.38
ORD00780,CUST0294,2026-08-14,Home & Kitchen,1,4904.67,4904.67
ORD01973,CUST0288,2026-08-14,Electronics,1,30160.7,30160.7
ORD03012,CUST0116,2026-08-14,Fashion,3,2568.29,7704.87
ORD02533,CUST0019,2026-08-14,Sports & Fitness,1,5201.36,5201.36
ORD01992,CUST0194,2026-08-14,Electronics,1,32480.19,32480.19
ORD03770,CUST0142,2026-08-14,Fashion,2,3949.55,7899.1
ORD05410,CUST0247,2026-08-14,Home & Kitchen,1,2999.4,2999.4
ORD05550,CUST0287,2026-08-14,Electronics,1,41703.32,41703.32
ORD01024,CUST0323,2026-08-14,Books,1,954.56,954.56
ORD01661,CUST0214,2026-08-14,Fashion,1,4033.38,4033.38
ORD04411,CUST0261,2026-08-14,Sports & Fitness,1,6975.79,6975.79
ORD00506,CUST0212,2026-08-14,Fashion,1,3333.37,3333.37
ORD04572,CUST0047,2026-08-14,Fashion,1,4379.0,4379.0
ORD00752,CUST0028,2026-08-14,Beauty & Personal Care,1,1027.9,1027.9
ORD03314,CUST0289,2026-08-15,Beauty & Personal Care,1,675.83,675.83
ORD03629,CUST0257,2026-08-15,Beauty & Personal Care,1,2348.47,2348.47
ORD03567,CUST0077,2026-08-15,Books,1,168.12,168.12
ORD01361,CUST0158,2026-08-15,Home & Kitchen,1,6736.34,6736.34
ORD05396,CUST0251,2026-08-15,Electronics,2,37866.94,75733.88
ORD03764,CUST0021,2026-08-15,Sports & Fitness,2,8458.35,16916.7
ORD05005,CUST0037,2026-08-15,Home & Kitchen,1,1835.11,1835.11
ORD02811,CUST0337,2026-08-15,Electronics,1,10130.43,10130.43
ORD01034,CUST0114,2026-08-15,Fashion,1,3917.97,3917.97
ORD03438,CUST0014,2026-08-15,Electronics,1,18018.89,18018.89
ORD05599,CUST0307,2026-08-15,Electronics,1,35116.34,35116.34
ORD01797,CUST0077,2026-08-15,Fashion,1,2949.88,2949.88
ORD02763,CUST0064,2026-08-15,Beauty & Personal Care,1,1307.79,1307.79
ORD00260,CUST0192,2026-08-15,Fashion,1,2612.17,2612.17
ORD03941,CUST0200,2026-08-15,Home & Kitchen,3,1117.31,3351.93
ORD04663,CUST0151,2026-08-15,Beauty & Personal Care,1,1852.23,1852.23
ORD02553,CUST0315,2026-08-15,Fashion,1,1092.06,1092.06
ORD00101,CUST0387,2026-08-15,Electronics,2,2914.89,5829.78
ORD01702,CUST0014,2026-08-15,Electronics,1,29697.1,29697.1
ORD03867,CUST0338,2026-08-15,Electronics,2,17768.97,35537.94
ORD03134,CUST0323,2026-08-16,Home & Kitchen,2,1071.1,2142.2
ORD03452,CUST0391,2026-08-16,Electronics,1,18162.17,18162.17
ORD01341,CUST0291,2026-08-16,Fashion,1,4898.13,4898.13
ORD05187,CUST0028,2026-08-16,Books,1,371.93,371.93
ORD04175,CUST0099,2026-08-16,Beauty & Personal Care,1,2667.32,2667.32
ORD03260,CUST0056,2026-08-16,Fashion,1,1743.05,1743.05
ORD02581,CUST0141,2026-08-16,Fashion,1,4076.73,4076.73
ORD03949,CUST0237,2026-08-16,Electronics,1,43960.14,43960.14
ORD05470,CUST0298,2026-08-16,Electronics,1,39158.28,39158.28
ORD02397,CUST0330,2026-08-16,Fashion,3,2553.32,7659.96
ORD00301,CUST0272,2026-08-16,Beauty & Personal Care,1,2292.67,2292.67
ORD05453,CUST0060,2026-08-16,Electronics,1,8453.19,8453.19
ORD01891,CUST0230,2026-08-16,Home & Kitchen,1,4417.97,4417.97
ORD04036,CUST0076,2026-08-16,Beauty & Personal Care,2,3487.02,6974.04
ORD00596,CUST0071,2026-08-16,Home & Kitchen,1,4549.45,4549.45
ORD01052,CUST0322,2026-08-17,Beauty & Personal Care,1,3444.11,3444.11
ORD02145,CUST0393,2026-08-17,Electronics,1,11550.07,11550.07
ORD04633,CUST0028,2026-08-17,Beauty & Personal Care,1,2738.5,2738.5
ORD02155,CUST0063,2026-08-17,Sports & Fitness,2,9105.67,18211.34
ORD03542,CUST0160,2026-08-17,Fashion,2,1756.04,3512.08
ORD04490,CUST0068,2026-08-17,Electronics,1,35967.31,35967.31
ORD02110,CUST0040,2026-08-17,Sports & Fitness,1,7030.17,7030.17
ORD05578,CUST0286,2026-08-17,Home & Kitchen,1,1568.98,1568.98
ORD02943,CUST0346,2026-08-17,Beauty & Personal Care,2,2730.1,5460.2
ORD02372,CUST0142,2026-08-17,Sports & Fitness,1,6365.8,6365.8
ORD00429,CUST0052,2026-08-17,Books,1,422.9,422.9
ORD02766,CUST0076,2026-08-17,Home & Kitchen,2,2079.78,4159.56
ORD02472,CUST0043,2026-08-18,Sports & Fitness,1,777.53,777.53
ORD01205,CUST0366,2026-08-18,Fashion,2,4303.59,8607.18
ORD04087,CUST0370,2026-08-18,Sports & Fitness,1,3934.23,3934.23
ORD03093,CUST0018,2026-08-18,Electronics,1,4484.14,4484.14
ORD03816,CUST0349,2026-08-18,Electronics,1,39823.92,39823.92
ORD02454,CUST0155,2026-08-18,Home & Kitchen,1,650.08,650.08
ORD00803,CUST0225,2026-08-18,Home & Kitchen,1,4872.11,4872.11
ORD03193,CUST0151,2026-08-18,Beauty & Personal Care,1,1955.51,1955.51
ORD05003,CUST0051,2026-08-18,Sports & Fitness,1,2614.8,2614.8
ORD04855,CUST0348,2026-08-18,Fashion,1,4777.1,4777.1
ORD05045,CUST0044,2026-08-18,Electronics,1,18275.16,18275.16
ORD05050,CUST0031,2026-08-18,Fashion,1,4945.06,4945.06
ORD05041,CUST0143,2026-08-18,Beauty & Personal Care,2,724.17,1448.34
ORD02212,CUST0312,2026-08-18,Fashion,1,2961.14,2961.14
ORD03451,CUST0297,2026-08-18,Beauty & Personal Care,1,380.25,380.25
ORD05071,CUST0300,2026-08-18,Home & Kitchen,1,1896.81,1896.81
ORD02247,CUST0215,2026-08-18,Beauty & Personal Care,2,302.5,605.0
ORD01540,CUST0018,2026-08-19,Books,1,223.89,223.89
ORD04367,CUST0368,2026-08-19,Fashion,1,2591.28,2591.28
ORD02268,CUST0140,2026-08-19,Fashion,2,2547.33,5094.66
ORD04060,CUST0293,2026-08-19,Home & Kitchen,2,2538.4,5076.8
ORD03559,CUST0370,2026-08-19,Electronics,1,12422.86,12422.86
ORD01393,CUST0118,2026-08-19,Home & Kitchen,1,5348.35,5348.35
ORD02419,CUST0381,2026-08-19,Sports & Fitness,1,3087.96,3087.96
ORD03709,CUST0337,2026-08-19,Electronics,2,30580.84,61161.68
ORD01092,CUST0236,2026-08-19,Beauty & Personal Care,1,3222.19,3222.19
ORD02919,CUST0103,2026-08-19,Electronics,1,36701.86,36701.86
ORD04376,CUST0030,2026-08-19,Sports & Fitness,1,5685.19,5685.19
ORD00331,CUST0318,2026-08-19,Home & Kitchen,1,6479.91,6479.91
ORD04325,CUST0349,2026-08-19,Electronics,1,27899.66,27899.66
ORD02776,CUST0190,2026-08-19,Home & Kitchen,1,4085.68,4085.68
ORD05185,CUST0340,2026-08-19,Books,1,500.14,500.14
ORD02186,CUST0339,2026-08-19,Home & Kitchen,1,4355.15,4355.15
ORD03432,CUST0051,2026-08-20,Books,1,434.5,434.5
ORD02886,CUST0144,2026-08-20,Electronics,1,31039.51,31039.51
ORD01326,CUST0042,2026-08-20,Electronics,1,41060.8,41060.8
ORD00085,CUST0326,2026-08-20,Books,1,716.98,716.98
ORD04121,CUST0013,2026-08-20,Fashion,1,1445.22,1445.22
ORD00045,CUST0305,2026-08-20,Electronics,2,15184.95,30369.9
ORD02526,CUST0261,2026-08-20,Beauty & Personal Care,1,1282.23,1282.23
ORD05309,CUST0392,2026-08-20,Beauty & Personal Care,1,3024.27,3024.27
ORD01597,CUST0185,2026-08-20,Sports & Fitness,2,6628.08,13256.16
ORD00926,CUST0197,2026-08-20,Home & Kitchen,3,5052.4,15157.2
ORD00453,CUST0256,2026-08-20,Books,1,386.13,386.13
ORD02730,CUST0290,2026-08-20,Electronics,1,33101.51,33101.51
ORD00440,CUST0247,2026-08-20,Books,3,564.97,1694.91
ORD04881,CUST0308,2026-08-20,Electronics,1,16739.0,16739.0
ORD03663,CUST0169,2026-08-20,Beauty & Personal Care,1,3192.48,3192.48
ORD04454,CUST0016,2026-08-20,Electronics,1,16623.94,16623.94
ORD02392,CUST0351,2026-08-20,Home & Kitchen,2,918.44,1836.88
ORD03349,CUST0371,2026-08-21,Beauty & Personal Care,1,1047.26,1047.26
ORD04974,CUST0256,2026-08-21,Fashion,1,4297.81,4297.81
ORD01370,CUST0281,2026-08-21,Sports & Fitness,1,733.92,733.92
ORD05351,CUST0300,2026-08-21,Home & Kitchen,1,7593.73,7593.73
ORD00028,CUST0202,2026-08-21,Beauty & Personal Care,1,2719.9,2719.9
ORD02431,CUST0128,2026-08-21,Beauty & Personal Care,2,3251.54,6503.08
ORD04025,CUST0068,2026-08-21,Beauty & Personal Care,1,1724.08,1724.08
ORD03749,CUST0087,2026-08-21,Home & Kitchen,1,6321.36,6321.36
ORD04378,CUST0129,2026-08-21,Electronics,1,41741.27,41741.27
ORD01852,CUST0147,2026-08-21,Home & Kitchen,2,2543.66,5087.32
ORD04402,CUST0395,2026-08-21,Books,1,169.98,169.98
ORD04825,CUST0044,2026-08-21,Electronics,1,20449.12,20449.12
ORD01335,CUST0396,2026-08-21,Sports & Fitness,2,556.17,1112.34
ORD01483,CUST0381,2026-08-21,Books,1,517.06,517.06
ORD00306,CUST0134,2026-08-21,Electronics,1,40599.86,40599.86
ORD05505,CUST0229,2026-08-21,Electronics,1,20003.95,20003.95
ORD00156,CUST0265,2026-08-21,Electronics,1,29452.05,29452.05
ORD03996,CUST0191,2026-08-21,Home & Kitchen,1,5709.21,5709.21
ORD01618,CUST0282,2026-08-21,Beauty & Personal Care,1,2243.85,2243.85
ORD02782,CUST0226,2026-08-21,Sports & Fitness,1,4201.75,4201.75
ORD01295,CUST0150,2026-08-22,Home & Kitchen,1,2912.13,2912.13
ORD04613,CUST0362,2026-08-22,Electronics,1,38918.95,38918.95
ORD01414,CUST0091,2026-08-22,Fashion,1,1708.76,1708.76
ORD00033,CUST0378,2026-08-22,Fashion,1,709.01,709.01
ORD02270,CUST0021,2026-08-22,Beauty & Personal Care,1,1415.29,1415.29
ORD00080,CUST0235,2026-08-22,Fashion,1,3862.5,3862.5
ORD02153,CUST0393,2026-08-22,Electronics,1,22115.51,22115.51
ORD02078,CUST0139,2026-08-22,Home & Kitchen,1,4261.49,4261.49
ORD03318,CUST0365,2026-08-22,Fashion,1,2931.21,2931.21
ORD02050,CUST0344,2026-08-22,Electronics,1,22660.43,22660.43
ORD01961,CUST0229,2026-08-22,Electronics,1,34045.04,34045.04
ORD03182,CUST0240,2026-08-22,Home & Kitchen,1,3240.3,3240.3
ORD00905,CUST0400,2026-08-22,Beauty & Personal Care,1,2256.59,2256.59
ORD00917,CUST0222,2026-08-22,Electronics,2,15761.16,31522.32
ORD01926,CUST0011,2026-08-22,Fashion,1,4193.73,4193.73
ORD03128,CUST0199,2026-08-22,Electronics,1,2883.54,2883.54
ORD01078,CUST0169,2026-08-22,Electronics,2,41682.32,83364.64
ORD02594,CUST0097,2026-08-22,Electronics,1,18274.5,18274.5
ORD02942,CUST0399,2026-08-22,Sports & Fitness,1,8825.95,8825.95
ORD01129,CUST0244,2026-08-22,Electronics,1,30747.15,30747.15
ORD04499,CUST0308,2026-08-22,Sports & Fitness,1,1759.32,1759.32
ORD04731,CUST0058,2026-08-23,Fashion,1,1402.77,1402.77
ORD01243,CUST0040,2026-08-23,Books,1,717.08,717.08
ORD05374,CUST0135,2026-08-23,Home & Kitchen,1,6479.58,6479.58
ORD00769,CUST0012,2026-08-23,Electronics,1,40435.34,40435.34
ORD04983,CUST0340,2026-08-23,Fashion,1,1079.32,1079.32
ORD00096,CUST0387,2026-08-23,Books,1,567.47,567.47
ORD04690,CUST0190,2026-08-23,Fashion,1,629.83,629.83
ORD05285,CUST0355,2026-08-23,Sports & Fitness,1,6187.5,6187.5
ORD04756,CUST0369,2026-08-23,Beauty & Personal Care,1,2598.91,2598.91
ORD04335,CUST0156,2026-08-23,Home & Kitchen,2,4974.57,9949.14
ORD03785,CUST0307,2026-08-23,Home & Kitchen,1,2717.94,2717.94
ORD03627,CUST0006,2026-08-23,Home & Kitchen,1,6501.25,6501.25
ORD03617,CUST0316,2026-08-23,Fashion,1,3974.9,3974.9
ORD04364,CUST0257,2026-08-23,Fashion,1,1145.81,1145.81
ORD03002,CUST0234,2026-08-23,Fashion,2,1388.41,2776.82
ORD03327,CUST0240,2026-08-23,Sports & Fitness,1,3544.39,3544.39
ORD02536,CUST0097,2026-08-23,Electronics,1,9941.34,9941.34
ORD01863,CUST0273,2026-08-23,Sports & Fitness,1,11729.77,11729.77
ORD02295,CUST0262,2026-08-23,Fashion,1,4430.54,4430.54
ORD02223,CUST0188,2026-08-23,Electronics,1,9330.78,9330.78
ORD01990,CUST0382,2026-08-23,Home & Kitchen,1,4608.73,4608.73
ORD00756,CUST0244,2026-08-24,Home & Kitchen,1,5379.62,5379.62
ORD01911,CUST0251,2026-08-24,Fashion,1,4797.69,4797.69
ORD04696,CUST0291,2026-08-24,Beauty & Personal Care,2,1792.25,3584.5
ORD04007,CUST0270,2026-08-24,Electronics,1,4850.48,4850.48
ORD01894,CUST0383,2026-08-24,Sports & Fitness,1,593.68,593.68
ORD05482,CUST0146,2026-08-24,Electronics,1,23871.04,23871.04
ORD04247,CUST0357,2026-08-24,Sports & Fitness,1,11727.12,11727.12
ORD04955,CUST0280,2026-08-24,Electronics,2,25025.58,50051.16
ORD03546,CUST0199,2026-08-24,Home & Kitchen,3,7152.73,21458.19
ORD03410,CUST0338,2026-08-24,Home & Kitchen,2,2305.75,4611.5
ORD04625,CUST0270,2026-08-24,Home & Kitchen,1,5598.28,5598.28
ORD03316,CUST0376,2026-08-24,Home & Kitchen,1,506.76,506.76
ORD04493,CUST0160,2026-08-24,Beauty & Personal Care,1,899.16,899.16
ORD01179,CUST0246,2026-08-24,Sports & Fitness,1,11281.03,11281.03
ORD01012,CUST0108,2026-08-24,Sports & Fitness,1,6411.94,6411.94
ORD00247,CUST0057,2026-08-25,Electronics,1,28452.14,28452.14
ORD03126,CUST0390,2026-08-25,Fashion,1,3447.88,3447.88
ORD03160,CUST0361,2026-08-25,Fashion,1,1449.16,1449.16
ORD05408,CUST0193,2026-08-25,Sports & Fitness,1,2111.65,2111.65
ORD02396,CUST0283,2026-08-25,Electronics,1,6610.03,6610.03
ORD05320,CUST0111,2026-08-25,Electronics,1,10843.43,10843.43
ORD04813,CUST0213,2026-08-25,Beauty & Personal Care,2,2215.25,4430.5
ORD02385,CUST0313,2026-08-25,Fashion,1,3520.46,3520.46
ORD04641,CUST0148,2026-08-25,Fashion,1,1684.35,1684.35
ORD03933,CUST0219,2026-08-25,Electronics,1,16022.11,16022.11
ORD01404,CUST0286,2026-08-25,Fashion,2,918.0,1836.0
ORD01102,CUST0046,2026-08-25,Beauty & Personal Care,1,709.57,709.57
ORD05605,CUST0110,2026-08-25,Fashion,2,3948.27,7896.54
ORD01189,CUST0366,2026-08-26,Sports & Fitness,2,10780.69,21561.38
ORD01817,CUST0303,2026-08-26,Fashion,1,1565.63,1565.63
ORD03023,CUST0112,2026-08-26,Fashion,1,2179.14,2179.14
ORD03029,CUST0059,2026-08-26,Electronics,1,12529.42,12529.42
ORD02208,CUST0222,2026-08-26,Fashion,1,4395.69,4395.69
ORD03115,CUST0245,2026-08-26,Fashion,1,1311.17,1311.17
ORD01619,CUST0129,2026-08-26,Home & Kitchen,2,5377.0,10754.0
ORD02021,CUST0014,2026-08-26,Books,1,929.79,929.79
ORD01283,CUST0094,2026-08-26,Fashion,1,2797.4,2797.4
ORD02790,CUST0066,2026-08-26,Electronics,1,29641.38,29641.38
ORD02305,CUST0050,2026-08-26,Home & Kitchen,1,711.29,711.29
ORD02318,CUST0179,2026-08-26,Fashion,2,3707.48,7414.96
ORD00445,CUST0101,2026-08-26,Sports & Fitness,1,8881.91,8881.91
ORD01614,CUST0099,2026-08-26,Beauty & Personal Care,1,548.47,548.47
ORD03691,CUST0153,2026-08-26,Electronics,1,38773.23,38773.23
ORD03346,CUST0025,2026-08-26,Sports & Fitness,1,9260.85,9260.85
ORD03975,CUST0096,2026-08-26,Home & Kitchen,1,5575.74,5575.74
ORD04868,CUST0399,2026-08-26,Sports & Fitness,1,835.77,835.77
ORD05534,CUST0238,2026-08-26,Sports & Fitness,1,1726.89,1726.89
ORD02264,CUST0271,2026-08-27,Sports & Fitness,1,5911.81,5911.81
ORD02701,CUST0365,2026-08-27,Electronics,1,44016.42,44016.42
ORD04348,CUST0364,2026-08-27,Fashion,1,2901.0,2901.0
ORD02312,CUST0053,2026-08-27,Sports & Fitness,1,7424.17,7424.17
ORD02674,CUST0173,2026-08-27,Beauty & Personal Care,1,2889.53,2889.53
ORD05223,CUST0149,2026-08-27,Home & Kitchen,2,3783.06,7566.12
ORD05557,CUST0334,2026-08-27,Home & Kitchen,1,3561.43,3561.43
ORD02931,CUST0058,2026-08-27,Beauty & Personal Care,1,232.37,232.37
ORD05065,CUST0247,2026-08-27,Home & Kitchen,1,3644.84,3644.84
ORD04751,CUST0400,2026-08-27,Beauty & Personal Care,1,1599.3,1599.3
ORD04209,CUST0068,2026-08-27,Home & Kitchen,1,1806.99,1806.99
ORD04647,CUST0022,2026-08-27,Home & Kitchen,1,2921.45,2921.45
ORD02027,CUST0241,2026-08-27,Home & Kitchen,1,4761.22,4761.22
ORD02493,CUST0131,2026-08-28,Beauty & Personal Care,1,2411.61,2411.61
ORD01163,CUST0235,2026-08-28,Fashion,1,1329.57,1329.57
ORD04430,CUST0317,2026-08-28,Fashion,1,3068.86,3068.86
ORD04767,CUST0218,2026-08-28,Books,1,745.38,745.38
ORD02875,CUST0212,2026-08-28,Beauty & Personal Care,1,2410.81,2410.81
ORD05291,CUST0158,2026-08-28,Fashion,1,3196.36,3196.36
ORD04889,CUST0371,2026-08-28,Beauty & Personal Care,2,1243.06,2486.12
ORD05271,CUST0105,2026-08-28,Fashion,1,2449.23,2449.23
ORD00034,CUST0219,2026-08-28,Electronics,1,12970.25,12970.25
ORD01928,CUST0186,2026-08-28,Books,1,929.96,929.96
ORD00525,CUST0317,2026-08-28,Home & Kitchen,1,2084.73,2084.73
ORD02764,CUST0141,2026-08-28,Electronics,1,22992.51,22992.51
ORD02848,CUST0325,2026-08-28,Fashion,1,798.3,798.3
ORD02464,CUST0171,2026-08-28,Sports & Fitness,3,5662.99,16988.97
ORD00328,CUST0142,2026-08-28,Beauty & Personal Care,1,1293.45,1293.45
ORD04246,CUST0023,2026-08-28,Sports & Fitness,1,4713.52,4713.52
ORD04140,CUST0103,2026-08-28,Electronics,1,3808.67,3808.67
ORD05589,CUST0333,2026-08-28,Fashion,2,4687.83,9375.66
ORD04518,CUST0076,2026-08-28,Beauty & Personal Care,1,260.11,260.11
ORD01090,CUST0255,2026-08-28,Electronics,2,2235.71,4471.42
ORD04906,CUST0244,2026-08-28,Fashion,3,2718.32,8154.96
ORD02011,CUST0297,2026-08-28,Electronics,1,16702.12,16702.12
ORD02895,CUST0213,2026-08-29,Sports & Fitness,1,1645.27,1645.27
ORD02725,CUST0089,2026-08-29,Electronics,1,38707.12,38707.12
ORD00356,CUST0315,2026-08-29,Home & Kitchen,1,1532.19,1532.19
ORD04522,CUST0073,2026-08-29,Beauty & Personal Care,1,2995.95,2995.95
ORD00651,CUST0018,2026-08-29,Home & Kitchen,1,5944.1,5944.1
ORD00858,CUST0157,2026-08-29,Beauty & Personal Care,1,2984.8,2984.8
ORD05346,CUST0343,2026-08-29,Fashion,1,4740.7,4740.7
ORD04859,CUST0127,2026-08-29,Books,1,919.4,919.4
ORD03521,CUST0185,2026-08-29,Fashion,2,4706.48,9412.96
ORD01796,CUST0310,2026-08-29,Fashion,1,3520.73,3520.73
ORD01705,CUST0133,2026-08-29,Home & Kitchen,1,909.74,909.74
ORD03512,CUST0311,2026-08-29,Sports & Fitness,1,8806.64,8806.64
ORD04784,CUST0314,2026-08-29,Sports & Fitness,1,8369.92,8369.92
ORD02271,CUST0186,2026-08-29,Sports & Fitness,1,10108.66,10108.66
ORD00518,CUST0311,2026-08-29,Fashion,1,4664.71,4664.71
ORD02354,CUST0214,2026-08-29,Home & Kitchen,2,4258.47,8516.94
ORD01188,CUST0240,2026-08-30,Electronics,2,17973.6,35947.2
ORD00124,CUST0096,2026-08-30,Sports & Fitness,1,6305.72,6305.72
ORD04635,CUST0282,2026-08-30,Fashion,2,2490.9,4981.8
ORD01881,CUST0211,2026-08-30,Electronics,1,33473.51,33473.51
ORD03813,CUST0306,2026-08-30,Sports & Fitness,1,2479.93,2479.93
ORD02670,CUST0177,2026-08-30,Fashion,1,954.6,954.6
ORD00924,CUST0145,2026-08-30,Electronics,2,24651.7,49303.4
ORD01587,CUST0021,2026-08-30,Books,1,407.91,407.91
ORD01187,CUST0323,2026-08-30,Home & Kitchen,2,4754.94,9509.88
ORD01758,CUST0020,2026-08-30,Electronics,1,25519.0,25519.0
ORD03190,CUST0142,2026-08-30,Home & Kitchen,1,2895.45,2895.45
ORD03799,CUST0167,2026-08-30,Fashion,1,3860.78,3860.78
ORD03727,CUST0097,2026-08-30,Books,1,602.21,602.21
ORD05477,CUST0259,2026-08-30,Beauty & Personal Care,1,3049.68,3049.68
ORD04903,CUST0289,2026-08-30,Books,1,333.36,333.36
ORD05474,CUST0324,2026-08-30,Beauty & Personal Care,1,687.21,687.21
ORD00628,CUST0313,2026-08-30,Fashion,1,631.12,631.12
ORD00297,CUST0076,2026-08-30,Home & Kitchen,2,2258.28,4516.56
ORD03514,CUST0046,2026-08-30,Beauty & Personal Care,1,433.65,433.65
ORD05461,CUST0094,2026-08-30,Beauty & Personal Care,2,798.05,1596.1
ORD00597,CUST0216,2026-08-30,Electronics,1,22160.37,22160.37
ORD00589,CUST0296,2026-08-30,Home & Kitchen,1,700.32,700.32
ORD05196,CUST0063,2026-08-30,Electronics,3,17006.8,51020.4
ORD04796,CUST0281,2026-08-30,Home & Kitchen,1,827.8,827.8
ORD00160,CUST0336,2026-08-30,Beauty & Personal Care,1,260.17,260.17
